day,product_code,qty,revenue
2025-10-01,P0005,2.0,4.06
2025-10-01,P0006,1.0,0.39
2025-10-01,P0007,1.0,2.07
2025-10-01,P0010,1.0,2.57
2025-10-01,P0015,3.0,4.5
2025-10-01,P0017,1.0,3.18
2025-10-01,P0020,1.0,1.45
2025-10-01,P0023,1.0,2.87
2025-10-01,P0024,1.0,2.05
2025-10-01,P0025,6.0,18.54
2025-10-01,P0028,3.0,7.26
2025-10-01,P0029,2.0,7.6
2025-10-01,P0031,1.0,0.93
2025-10-01,P0032,2.0,2.06
2025-10-01,P0035,2.0,24.76
2025-10-01,P0037,1.0,4.76
2025-10-01,P0038,1.0,4.95
2025-10-01,P0040,1.0,10.55
2025-10-01,P0042,2.0,28.54
2025-10-01,P0045,3.0,39.33
2025-10-01,P0050,2.0,1.36
2025-10-01,P0051,3.0,11.4
2025-10-01,P0052,3.0,1.77
2025-10-01,P0055,1.0,1.27
2025-10-01,P0056,4.0,16.32
2025-10-01,P0058,2.0,7.0
2025-10-01,P0060,1.0,4.1
2025-10-01,P0061,2.0,4.62
2025-10-01,P0063,2.0,4.92
2025-10-01,P0064,6.0,25.44
2025-10-01,P0065,1.0,3.04
2025-10-01,P0066,4.0,19.44
2025-10-01,P0068,2.0,7.66
2025-10-01,P0070,2.0,3.3
2025-10-01,P0071,1.0,2.94
2025-10-01,P0073,2.0,7.98
2025-10-01,P0076,1.0,1.98
2025-10-01,P0077,1.0,0.51
2025-10-01,P0078,6.0,6.84
2025-10-01,P0081,6.0,32.52
2025-10-01,P0084,2.0,4.48
2025-10-01,P0086,1.0,3.25
2025-10-01,P0091,6.0,20.58
2025-10-01,P0093,1.0,3.5
2025-10-01,P0094,1.0,0.72
2025-10-01,P0096,1.0,3.05
2025-10-01,P0097,1.0,1.12
2025-10-01,P0098,1.0,0.45
2025-10-01,P0101,2.0,0.36
2025-10-01,P0103,1.0,2.37
2025-10-01,P0104,3.0,9.15
2025-10-01,P0105,6.0,8.76
2025-10-01,P0106,1.0,1.13
2025-10-01,P0107,1.0,3.48
2025-10-01,P0110,1.0,3.91
2025-10-01,P0112,2.0,7.8
2025-10-01,P0115,1.0,1.96
2025-10-01,P0117,1.0,5.4
2025-10-01,P0121,2.0,18.88
2025-10-01,P0122,2.0,6.04
2025-10-01,P0123,1.0,3.62
2025-10-01,P0124,2.0,4.74
2025-10-01,P0127,2.0,3.04
2025-10-01,P0128,1.0,1.46
2025-10-02,P0001,1.0,2.43
2025-10-02,P0002,1.0,0.48
2025-10-02,P0003,1.0,2.98
2025-10-02,P0004,1.0,3.08
2025-10-02,P0006,1.0,0.39
2025-10-02,P0008,1.0,1.84
2025-10-02,P0012,1.0,2.46
2025-10-02,P0014,1.0,2.05
2025-10-02,P0015,1.0,1.5
2025-10-02,P0016,2.0,3.32
2025-10-02,P0017,2.0,6.36
2025-10-02,P0018,1.0,0.52
2025-10-02,P0022,1.0,2.67
2025-10-02,P0023,1.0,2.87
2025-10-02,P0024,1.0,2.05
2025-10-02,P0025,6.0,18.54
2025-10-02,P0027,3.0,3.87
2025-10-02,P0028,4.0,9.68
2025-10-02,P0029,1.0,3.8
2025-10-02,P0031,1.0,0.93
2025-10-02,P0032,1.0,1.03
2025-10-02,P0035,2.0,24.76
2025-10-02,P0037,1.0,4.76
2025-10-02,P0038,2.0,9.9
2025-10-02,P0045,2.0,26.22
2025-10-02,P0046,2.0,15.36
2025-10-02,P0047,1.0,7.02
2025-10-02,P0048,3.0,12.24
2025-10-02,P0050,2.0,1.36
2025-10-02,P0051,2.0,7.6
2025-10-02,P0052,4.0,2.36
2025-10-02,P0053,1.0,1.13
2025-10-02,P0055,1.0,1.27
2025-10-02,P0056,3.0,12.24
2025-10-02,P0057,1.0,3.47
2025-10-02,P0059,1.0,0.59
2025-10-02,P0063,1.0,2.46
2025-10-02,P0064,4.0,16.96
2025-10-02,P0065,2.0,6.08
2025-10-02,P0066,2.0,9.72
2025-10-02,P0067,3.0,3.0
2025-10-02,P0068,1.0,3.83
2025-10-02,P0072,1.0,1.99
2025-10-02,P0077,1.0,0.51
2025-10-02,P0078,6.0,6.84
2025-10-02,P0081,6.0,32.52
2025-10-02,P0084,1.0,2.24
2025-10-02,P0085,1.0,1.47
2025-10-02,P0088,2.0,3.66
2025-10-02,P0089,1.0,0.68
2025-10-02,P0090,1.0,3.69
2025-10-02,P0091,6.0,20.58
2025-10-02,P0094,2.0,1.44
2025-10-02,P0095,1.0,3.6
2025-10-02,P0097,3.0,3.36
2025-10-02,P0098,1.0,0.45
2025-10-02,P0101,2.0,0.36
2025-10-02,P0103,2.0,4.74
2025-10-02,P0105,6.0,8.76
2025-10-02,P0110,4.0,15.64
2025-10-02,P0116,2.0,4.36
2025-10-02,P0117,3.0,16.2
2025-10-02,P0119,1.0,3.32
2025-10-02,P0121,2.0,18.88
2025-10-02,P0122,1.0,3.02
2025-10-02,P0123,2.0,7.24
2025-10-02,P0124,1.0,2.37
2025-10-02,P0125,1.0,4.5
2025-10-02,P0127,1.0,1.52
2025-10-02,P0128,2.0,2.92
2025-10-03,P0001,1.0,2.43
2025-10-03,P0003,2.0,5.96
2025-10-03,P0004,1.0,3.08
2025-10-03,P0006,1.0,0.39
2025-10-03,P0014,1.0,2.05
2025-10-03,P0015,3.0,4.5
2025-10-03,P0016,1.0,1.66
2025-10-03,P0017,2.0,6.36
2025-10-03,P0018,3.0,1.56
2025-10-03,P0019,1.0,0.19
2025-10-03,P0020,2.0,2.9
2025-10-03,P0021,1.0,0.52
2025-10-03,P0023,1.0,2.87
2025-10-03,P0025,6.0,18.54
2025-10-03,P0027,3.0,3.87
2025-10-03,P0028,6.0,14.52
2025-10-03,P0029,2.0,7.6
2025-10-03,P0032,1.0,1.03
2025-10-03,P0033,1.0,2.95
2025-10-03,P0034,1.0,9.5
2025-10-03,P0035,4.0,49.52
2025-10-03,P0037,2.0,9.52
2025-10-03,P0038,1.0,4.95
2025-10-03,P0039,2.0,18.16
2025-10-03,P0044,1.0,11.65
2025-10-03,P0045,3.0,39.33
2025-10-03,P0046,1.0,7.68
2025-10-03,P0047,1.0,7.02
2025-10-03,P0048,2.0,8.16
2025-10-03,P0049,3.0,5.55
2025-10-03,P0050,1.0,0.68
2025-10-03,P0051,4.0,15.2
2025-10-03,P0052,1.0,0.59
2025-10-03,P0055,1.0,1.27
2025-10-03,P0057,2.0,6.94
2025-10-03,P0058,1.0,3.5
2025-10-03,P0059,1.0,0.59
2025-10-03,P0061,3.0,6.93
2025-10-03,P0063,3.0,7.38
2025-10-03,P0064,6.0,25.44
2025-10-03,P0065,4.0,12.16
2025-10-03,P0066,3.0,14.58
2025-10-03,P0067,1.0,1.0
2025-10-03,P0068,1.0,3.83
2025-10-03,P0070,1.0,1.65
2025-10-03,P0073,1.0,3.99
2025-10-03,P0074,1.0,0.99
2025-10-03,P0076,1.0,1.98
2025-10-03,P0077,1.0,0.51
2025-10-03,P0078,6.0,6.84
2025-10-03,P0079,1.0,5.17
2025-10-03,P0081,6.0,32.52
2025-10-03,P0084,4.0,8.96
2025-10-03,P0087,2.0,2.34
2025-10-03,P0089,1.0,0.68
2025-10-03,P0090,1.0,3.69
2025-10-03,P0091,6.0,20.58
2025-10-03,P0093,1.0,3.5
2025-10-03,P0094,2.0,1.44
2025-10-03,P0097,4.0,4.48
2025-10-03,P0100,2.0,0.46
2025-10-03,P0101,4.0,0.72
2025-10-03,P0103,3.0,7.11
2025-10-03,P0104,5.0,15.25
2025-10-03,P0105,6.0,8.76
2025-10-03,P0106,2.0,2.26
2025-10-03,P0108,1.0,2.16
2025-10-03,P0110,4.0,15.64
2025-10-03,P0112,4.0,15.6
2025-10-03,P0114,2.0,3.7
2025-10-03,P0117,3.0,16.2
2025-10-03,P0118,1.0,4.49
2025-10-03,P0120,1.0,8.84
2025-10-03,P0121,3.0,28.32
2025-10-03,P0122,2.0,6.04
2025-10-03,P0124,3.0,7.11
2025-10-03,P0127,1.0,1.52
2025-10-03,P0128,1.0,1.46
2025-10-04,P0001,2.0,4.86
2025-10-04,P0004,3.0,9.24
2025-10-04,P0009,1.0,2.76
2025-10-04,P0014,2.0,4.1
2025-10-04,P0015,1.0,1.5
2025-10-04,P0016,1.0,1.66
2025-10-04,P0018,1.0,0.52
2025-10-04,P0020,1.0,1.45
2025-10-04,P0021,1.0,0.52
2025-10-04,P0025,6.0,18.54
2025-10-04,P0026,2.0,2.78
2025-10-04,P0027,4.0,5.16
2025-10-04,P0028,6.0,14.52
2025-10-04,P0030,1.0,2.14
2025-10-04,P0031,3.0,2.79
2025-10-04,P0033,1.0,2.95
2025-10-04,P0034,1.0,9.5
2025-10-04,P0035,3.0,37.14
2025-10-04,P0037,2.0,9.52
2025-10-04,P0040,1.0,10.55
2025-10-04,P0042,1.0,14.27
2025-10-04,P0045,3.0,39.33
2025-10-04,P0047,1.0,7.02
2025-10-04,P0048,1.0,4.08
2025-10-04,P0049,3.0,5.55
2025-10-04,P0050,2.0,1.36
2025-10-04,P0051,2.0,7.6
2025-10-04,P0052,3.0,1.77
2025-10-04,P0055,1.0,1.27
2025-10-04,P0056,4.0,16.32
2025-10-04,P0057,2.0,6.94
2025-10-04,P0058,1.0,3.5
2025-10-04,P0059,1.0,0.59
2025-10-04,P0060,1.0,4.1
2025-10-04,P0061,2.0,4.62
2025-10-04,P0063,4.0,9.84
2025-10-04,P0064,6.0,25.44
2025-10-04,P0065,1.0,3.04
2025-10-04,P0066,1.0,4.86
2025-10-04,P0067,3.0,3.0
2025-10-04,P0068,1.0,3.83
2025-10-04,P0069,1.0,4.67
2025-10-04,P0070,1.0,1.65
2025-10-04,P0072,1.0,1.99
2025-10-04,P0073,1.0,3.99
2025-10-04,P0074,2.0,1.98
2025-10-04,P0077,1.0,0.51
2025-10-04,P0078,6.0,6.84
2025-10-04,P0079,1.0,5.17
2025-10-04,P0080,3.0,6.0
2025-10-04,P0081,6.0,32.52
2025-10-04,P0082,3.0,12.93
2025-10-04,P0084,4.0,8.96
2025-10-04,P0086,1.0,3.25
2025-10-04,P0087,1.0,1.17
2025-10-04,P0088,2.0,3.66
2025-10-04,P0089,2.0,1.36
2025-10-04,P0090,1.0,3.69
2025-10-04,P0091,6.0,20.58
2025-10-04,P0094,1.0,0.72
2025-10-04,P0095,4.0,14.4
2025-10-04,P0096,2.0,6.1
2025-10-04,P0097,2.0,2.24
2025-10-04,P0101,4.0,0.72
2025-10-04,P0103,1.0,2.37
2025-10-04,P0104,4.0,12.2
2025-10-04,P0105,6.0,8.76
2025-10-04,P0106,1.0,1.13
2025-10-04,P0107,1.0,3.48
2025-10-04,P0110,6.0,23.46
2025-10-04,P0112,2.0,7.8
2025-10-04,P0114,2.0,3.7
2025-10-04,P0115,1.0,1.96
2025-10-04,P0116,1.0,2.18
2025-10-04,P0117,1.0,5.4
2025-10-04,P0118,1.0,4.49
2025-10-04,P0119,1.0,3.32
2025-10-04,P0121,5.0,47.2
2025-10-04,P0122,2.0,6.04
2025-10-04,P0123,1.0,3.62
2025-10-04,P0124,2.0,4.74
2025-10-04,P0125,1.0,4.5
2025-10-04,P0127,3.0,4.56
2025-10-04,P0128,4.0,5.84
2025-10-05,P0001,2.0,4.86
2025-10-05,P0003,1.0,2.98
2025-10-05,P0015,2.0,3.0
2025-10-05,P0017,2.0,6.36
2025-10-05,P0018,1.0,0.52
2025-10-05,P0020,3.0,4.35
2025-10-05,P0021,1.0,0.52
2025-10-05,P0022,2.0,5.34
2025-10-05,P0023,2.0,5.74
2025-10-05,P0025,6.0,18.54
2025-10-05,P0026,1.0,1.39
2025-10-05,P0027,2.0,2.58
2025-10-05,P0028,6.0,14.52
2025-10-05,P0029,3.0,11.4
2025-10-05,P0031,2.0,1.86
2025-10-05,P0034,1.0,9.5
2025-10-05,P0035,2.0,24.76
2025-10-05,P0038,2.0,9.9
2025-10-05,P0039,2.0,18.16
2025-10-05,P0041,1.0,9.61
2025-10-05,P0045,1.0,13.11
2025-10-05,P0047,1.0,7.02
2025-10-05,P0049,2.0,3.7
2025-10-05,P0050,2.0,1.36
2025-10-05,P0051,3.0,11.4
2025-10-05,P0052,1.0,0.59
2025-10-05,P0053,1.0,1.13
2025-10-05,P0055,2.0,2.54
2025-10-05,P0056,1.0,4.08
2025-10-05,P0058,1.0,3.5
2025-10-05,P0059,2.0,1.18
2025-10-05,P0063,4.0,9.84
2025-10-05,P0064,4.0,16.96
2025-10-05,P0065,2.0,6.08
2025-10-05,P0066,3.0,14.58
2025-10-05,P0067,3.0,3.0
2025-10-05,P0068,1.0,3.83
2025-10-05,P0069,1.0,4.67
2025-10-05,P0070,1.0,1.65
2025-10-05,P0073,1.0,3.99
2025-10-05,P0074,1.0,0.99
2025-10-05,P0078,6.0,6.84
2025-10-05,P0081,6.0,32.52
2025-10-05,P0084,4.0,8.96
2025-10-05,P0086,1.0,3.25
2025-10-05,P0088,1.0,1.83
2025-10-05,P0091,6.0,20.58
2025-10-05,P0093,1.0,3.5
2025-10-05,P0094,1.0,0.72
2025-10-05,P0095,1.0,3.6
2025-10-05,P0096,2.0,6.1
2025-10-05,P0097,2.0,2.24
2025-10-05,P0098,1.0,0.45
2025-10-05,P0101,3.0,0.54
2025-10-05,P0104,1.0,3.05
2025-10-05,P0105,6.0,8.76
2025-10-05,P0106,1.0,1.13
2025-10-05,P0110,2.0,7.82
2025-10-05,P0113,1.0,3.35
2025-10-05,P0114,1.0,1.85
2025-10-05,P0116,1.0,2.18
2025-10-05,P0117,1.0,5.4
2025-10-05,P0119,1.0,3.32
2025-10-05,P0121,3.0,28.32
2025-10-05,P0122,2.0,6.04
2025-10-05,P0124,3.0,7.11
2025-10-05,P0125,1.0,4.5
2025-10-05,P0127,3.0,4.56
2025-10-05,P0128,2.0,2.92
2025-10-06,P0001,1.0,2.43
2025-10-06,P0003,2.0,5.96
2025-10-06,P0014,1.0,2.05
2025-10-06,P0015,2.0,3.0
2025-10-06,P0016,1.0,1.66
2025-10-06,P0020,1.0,1.45
2025-10-06,P0021,1.0,0.52
2025-10-06,P0022,2.0,5.34
2025-10-06,P0023,1.0,2.87
2025-10-06,P0025,4.0,12.36
2025-10-06,P0027,3.0,3.87
2025-10-06,P0028,6.0,14.52
2025-10-06,P0029,1.0,3.8
2025-10-06,P0030,1.0,2.14
2025-10-06,P0031,3.0,2.79
2025-10-06,P0033,1.0,2.95
2025-10-06,P0034,1.0,9.5
2025-10-06,P0035,2.0,24.76
2025-10-06,P0037,2.0,9.52
2025-10-06,P0039,1.0,9.08
2025-10-06,P0047,1.0,7.02
2025-10-06,P0049,1.0,1.85
2025-10-06,P0051,3.0,11.4
2025-10-06,P0052,2.0,1.18
2025-10-06,P0055,2.0,2.54
2025-10-06,P0056,1.0,4.08
2025-10-06,P0057,3.0,10.41
2025-10-06,P0058,1.0,3.5
2025-10-06,P0061,1.0,2.31
2025-10-06,P0063,3.0,7.38
2025-10-06,P0064,6.0,25.44
2025-10-06,P0065,1.0,3.04
2025-10-06,P0066,1.0,4.86
2025-10-06,P0067,3.0,3.0
2025-10-06,P0072,2.0,3.98
2025-10-06,P0074,1.0,0.99
2025-10-06,P0075,1.0,5.42
2025-10-06,P0076,1.0,1.98
2025-10-06,P0078,6.0,6.84
2025-10-06,P0081,6.0,32.52
2025-10-06,P0083,1.0,1.26
2025-10-06,P0084,3.0,6.72
2025-10-06,P0087,1.0,1.17
2025-10-06,P0091,6.0,20.58
2025-10-06,P0097,2.0,2.24
2025-10-06,P0101,3.0,0.54
2025-10-06,P0103,1.0,2.37
2025-10-06,P0104,2.0,6.1
2025-10-06,P0105,6.0,8.76
2025-10-06,P0107,1.0,3.48
2025-10-06,P0109,1.0,1.89
2025-10-06,P0110,3.0,11.73
2025-10-06,P0113,1.0,3.35
2025-10-06,P0114,1.0,1.85
2025-10-06,P0116,1.0,2.18
2025-10-06,P0117,1.0,5.4
2025-10-06,P0118,3.0,13.47
2025-10-06,P0119,1.0,3.32
2025-10-06,P0121,2.0,18.88
2025-10-06,P0122,1.0,3.02
2025-10-06,P0124,2.0,4.74
2025-10-06,P0125,2.0,9.0
2025-10-06,P0127,1.0,1.52
2025-10-06,P0128,2.0,2.92
2025-10-07,P0001,1.0,2.43
2025-10-07,P0003,1.0,2.98
2025-10-07,P0005,1.0,2.03
2025-10-07,P0010,1.0,2.57
2025-10-07,P0014,1.0,2.05
2025-10-07,P0015,3.0,4.5
2025-10-07,P0020,1.0,1.45
2025-10-07,P0023,3.0,8.61
2025-10-07,P0025,5.0,15.45
2025-10-07,P0026,2.0,2.78
2025-10-07,P0027,3.0,3.87
2025-10-07,P0028,5.0,12.1
2025-10-07,P0032,2.0,2.06
2025-10-07,P0033,2.0,5.9
2025-10-07,P0035,3.0,37.14
2025-10-07,P0037,1.0,4.76
2025-10-07,P0040,1.0,10.55
2025-10-07,P0042,1.0,14.27
2025-10-07,P0045,1.0,13.11
2025-10-07,P0049,2.0,3.7
2025-10-07,P0050,1.0,0.68
2025-10-07,P0051,3.0,11.4
2025-10-07,P0052,2.0,1.18
2025-10-07,P0053,1.0,1.13
2025-10-07,P0055,2.0,2.54
2025-10-07,P0056,1.0,4.08
2025-10-07,P0057,3.0,10.41
2025-10-07,P0059,1.0,0.59
2025-10-07,P0060,1.0,4.1
2025-10-07,P0061,1.0,2.31
2025-10-07,P0062,1.0,2.69
2025-10-07,P0063,3.0,7.38
2025-10-07,P0064,6.0,25.44
2025-10-07,P0065,2.0,6.08
2025-10-07,P0066,2.0,9.72
2025-10-07,P0067,3.0,3.0
2025-10-07,P0069,1.0,4.67
2025-10-07,P0070,1.0,1.65
2025-10-07,P0073,1.0,3.99
2025-10-07,P0074,1.0,0.99
2025-10-07,P0078,6.0,6.84
2025-10-07,P0080,1.0,2.0
2025-10-07,P0081,6.0,32.52
2025-10-07,P0084,2.0,4.48
2025-10-07,P0089,1.0,0.68
2025-10-07,P0091,5.0,17.15
2025-10-07,P0097,4.0,4.48
2025-10-07,P0101,2.0,0.36
2025-10-07,P0103,1.0,2.37
2025-10-07,P0104,1.0,3.05
2025-10-07,P0105,6.0,8.76
2025-10-07,P0110,2.0,7.82
2025-10-07,P0112,2.0,7.8
2025-10-07,P0118,2.0,8.98
2025-10-07,P0121,1.0,9.44
2025-10-07,P0124,2.0,4.74
2025-10-07,P0125,1.0,4.5
2025-10-07,P0127,6.0,9.12
2025-10-07,P0128,2.0,2.92
2025-10-08,P0001,1.0,2.43
2025-10-08,P0003,1.0,2.98
2025-10-08,P0004,1.0,3.08
2025-10-08,P0005,2.0,4.06
2025-10-08,P0006,1.0,0.39
2025-10-08,P0014,2.0,4.1
2025-10-08,P0017,2.0,6.36
2025-10-08,P0023,1.0,2.87
2025-10-08,P0025,4.0,12.36
2025-10-08,P0026,1.0,1.39
2025-10-08,P0027,3.0,3.87
2025-10-08,P0028,6.0,14.52
2025-10-08,P0029,1.0,3.8
2025-10-08,P0030,1.0,2.14
2025-10-08,P0035,1.0,12.38
2025-10-08,P0037,1.0,4.76
2025-10-08,P0038,2.0,9.9
2025-10-08,P0039,1.0,9.08
2025-10-08,P0045,3.0,39.33
2025-10-08,P0047,1.0,7.02
2025-10-08,P0048,2.0,8.16
2025-10-08,P0049,1.0,1.85
2025-10-08,P0050,1.0,0.68
2025-10-08,P0051,3.0,11.4
2025-10-08,P0052,2.0,1.18
2025-10-08,P0053,1.0,1.13
2025-10-08,P0055,1.0,1.27
2025-10-08,P0056,2.0,8.16
2025-10-08,P0057,3.0,10.41
2025-10-08,P0059,1.0,0.59
2025-10-08,P0060,1.0,4.1
2025-10-08,P0063,3.0,7.38
2025-10-08,P0064,4.0,16.96
2025-10-08,P0065,2.0,6.08
2025-10-08,P0067,2.0,2.0
2025-10-08,P0068,1.0,3.83
2025-10-08,P0072,1.0,1.99
2025-10-08,P0073,1.0,3.99
2025-10-08,P0076,3.0,5.94
2025-10-08,P0077,1.0,0.51
2025-10-08,P0078,6.0,6.84
2025-10-08,P0081,6.0,32.52
2025-10-08,P0082,1.0,4.31
2025-10-08,P0084,1.0,2.24
2025-10-08,P0089,2.0,1.36
2025-10-08,P0091,6.0,20.58
2025-10-08,P0094,1.0,0.72
2025-10-08,P0095,1.0,3.6
2025-10-08,P0097,3.0,3.36
2025-10-08,P0100,2.0,0.46
2025-10-08,P0101,1.0,0.18
2025-10-08,P0104,3.0,9.15
2025-10-08,P0105,6.0,8.76
2025-10-08,P0109,1.0,1.89
2025-10-08,P0110,2.0,7.82
2025-10-08,P0111,1.0,3.7
2025-10-08,P0112,3.0,11.7
2025-10-08,P0114,1.0,1.85
2025-10-08,P0115,2.0,3.92
2025-10-08,P0119,1.0,3.32
2025-10-08,P0122,3.0,9.06
2025-10-08,P0123,1.0,3.62
2025-10-08,P0124,1.0,2.37
2025-10-08,P0125,1.0,4.5
2025-10-08,P0127,3.0,4.56
2025-10-08,P0128,2.0,2.92
2025-10-09,P0001,2.0,4.86
2025-10-09,P0005,2.0,4.06
2025-10-09,P0012,1.0,2.46
2025-10-09,P0015,2.0,3.0
2025-10-09,P0018,1.0,0.52
2025-10-09,P0022,1.0,2.67
2025-10-09,P0023,2.0,5.74
2025-10-09,P0025,6.0,18.54
2025-10-09,P0026,1.0,1.39
2025-10-09,P0027,3.0,3.87
2025-10-09,P0028,4.0,9.68
2025-10-09,P0029,1.0,3.8
2025-10-09,P0031,1.0,0.93
2025-10-09,P0033,2.0,5.9
2025-10-09,P0035,1.0,12.38
2025-10-09,P0037,2.0,9.52
2025-10-09,P0038,1.0,4.95
2025-10-09,P0040,1.0,10.55
2025-10-09,P0045,3.0,39.33
2025-10-09,P0047,2.0,14.04
2025-10-09,P0048,3.0,12.24
2025-10-09,P0049,1.0,1.85
2025-10-09,P0050,1.0,0.68
2025-10-09,P0051,3.0,11.4
2025-10-09,P0052,3.0,1.77
2025-10-09,P0054,1.0,1.06
2025-10-09,P0055,2.0,2.54
2025-10-09,P0056,4.0,16.32
2025-10-09,P0057,2.0,6.94
2025-10-09,P0058,3.0,10.5
2025-10-09,P0061,1.0,2.31
2025-10-09,P0063,2.0,4.92
2025-10-09,P0064,4.0,16.96
2025-10-09,P0065,1.0,3.04
2025-10-09,P0066,3.0,14.58
2025-10-09,P0067,5.0,5.0
2025-10-09,P0068,1.0,3.83
2025-10-09,P0070,1.0,1.65
2025-10-09,P0073,1.0,3.99
2025-10-09,P0075,1.0,5.42
2025-10-09,P0077,3.0,1.53
2025-10-09,P0078,6.0,6.84
2025-10-09,P0081,6.0,32.52
2025-10-09,P0084,2.0,4.48
2025-10-09,P0088,1.0,1.83
2025-10-09,P0089,1.0,0.68
2025-10-09,P0091,6.0,20.58
2025-10-09,P0094,1.0,0.72
2025-10-09,P0097,2.0,2.24
2025-10-09,P0101,2.0,0.36
2025-10-09,P0103,1.0,2.37
2025-10-09,P0104,3.0,9.15
2025-10-09,P0105,6.0,8.76
2025-10-09,P0108,1.0,2.16
2025-10-09,P0109,1.0,1.89
2025-10-09,P0110,4.0,15.64
2025-10-09,P0112,1.0,3.9
2025-10-09,P0113,1.0,3.35
2025-10-09,P0114,1.0,1.85
2025-10-09,P0118,2.0,8.98
2025-10-09,P0119,1.0,3.32
2025-10-09,P0121,4.0,37.76
2025-10-09,P0122,2.0,6.04
2025-10-09,P0124,3.0,7.11
2025-10-09,P0125,1.0,4.5
2025-10-09,P0127,1.0,1.52
2025-10-10,P0001,3.0,7.29
2025-10-10,P0002,1.0,0.48
2025-10-10,P0007,1.0,2.07
2025-10-10,P0010,2.0,5.14
2025-10-10,P0011,1.0,2.62
2025-10-10,P0012,1.0,2.46
2025-10-10,P0014,4.0,8.2
2025-10-10,P0015,2.0,3.0
2025-10-10,P0016,2.0,3.32
2025-10-10,P0017,1.0,3.18
2025-10-10,P0018,1.0,0.52
2025-10-10,P0020,1.0,1.45
2025-10-10,P0021,2.0,1.04
2025-10-10,P0023,1.0,2.87
2025-10-10,P0025,6.0,18.54
2025-10-10,P0026,4.0,5.56
2025-10-10,P0027,4.0,5.16
2025-10-10,P0028,6.0,14.52
2025-10-10,P0030,1.0,2.14
2025-10-10,P0031,1.0,0.93
2025-10-10,P0033,1.0,2.95
2025-10-10,P0034,1.0,9.5
2025-10-10,P0037,1.0,4.76
2025-10-10,P0038,3.0,14.85
2025-10-10,P0040,1.0,10.55
2025-10-10,P0046,2.0,15.36
2025-10-10,P0049,1.0,1.85
2025-10-10,P0050,1.0,0.68
2025-10-10,P0051,4.0,15.2
2025-10-10,P0052,1.0,0.59
2025-10-10,P0055,1.0,1.27
2025-10-10,P0056,2.0,8.16
2025-10-10,P0057,2.0,6.94
2025-10-10,P0058,2.0,7.0
2025-10-10,P0061,1.0,2.31
2025-10-10,P0063,3.0,7.38
2025-10-10,P0064,6.0,25.44
2025-10-10,P0065,2.0,6.08
2025-10-10,P0066,5.0,24.3
2025-10-10,P0067,1.0,1.0
2025-10-10,P0069,2.0,9.34
2025-10-10,P0070,3.0,4.95
2025-10-10,P0071,1.0,2.94
2025-10-10,P0072,1.0,1.99
2025-10-10,P0073,2.0,7.98
2025-10-10,P0075,1.0,5.42
2025-10-10,P0078,6.0,6.84
2025-10-10,P0080,1.0,2.0
2025-10-10,P0081,6.0,32.52
2025-10-10,P0084,3.0,6.72
2025-10-10,P0086,1.0,3.25
2025-10-10,P0089,3.0,2.04
2025-10-10,P0091,6.0,20.58
2025-10-10,P0093,1.0,3.5
2025-10-10,P0094,1.0,0.72
2025-10-10,P0095,2.0,7.2
2025-10-10,P0096,2.0,6.1
2025-10-10,P0097,2.0,2.24
2025-10-10,P0098,1.0,0.45
2025-10-10,P0099,1.0,0.24
2025-10-10,P0100,2.0,0.46
2025-10-10,P0101,4.0,0.72
2025-10-10,P0104,2.0,6.1
2025-10-10,P0105,6.0,8.76
2025-10-10,P0108,1.0,2.16
2025-10-10,P0110,3.0,11.73
2025-10-10,P0112,3.0,11.7
2025-10-10,P0114,1.0,1.85
2025-10-10,P0115,1.0,1.96
2025-10-10,P0117,1.0,5.4
2025-10-10,P0121,3.0,28.32
2025-10-10,P0122,2.0,6.04
2025-10-10,P0123,3.0,10.86
2025-10-10,P0124,4.0,9.48
2025-10-10,P0127,4.0,6.08
2025-10-10,P0128,3.0,4.38
2025-10-11,P0001,4.0,9.72
2025-10-11,P0003,2.0,5.96
2025-10-11,P0004,1.0,3.08
2025-10-11,P0006,2.0,0.78
2025-10-11,P0011,2.0,5.24
2025-10-11,P0013,1.0,2.78
2025-10-11,P0014,3.0,6.15
2025-10-11,P0015,3.0,4.5
2025-10-11,P0016,1.0,1.66
2025-10-11,P0019,1.0,0.19
2025-10-11,P0020,2.0,2.9
2025-10-11,P0022,3.0,8.01
2025-10-11,P0024,1.0,2.05
2025-10-11,P0025,6.0,18.54
2025-10-11,P0026,3.0,4.17
2025-10-11,P0027,3.0,3.87
2025-10-11,P0028,6.0,14.52
2025-10-11,P0029,1.0,3.8
2025-10-11,P0031,3.0,2.79
2025-10-11,P0034,1.0,9.5
2025-10-11,P0035,3.0,37.14
2025-10-11,P0037,1.0,4.76
2025-10-11,P0038,2.0,9.9
2025-10-11,P0040,1.0,10.55
2025-10-11,P0045,2.0,26.22
2025-10-11,P0046,1.0,7.68
2025-10-11,P0048,4.0,16.32
2025-10-11,P0049,2.0,3.7
2025-10-11,P0050,1.0,0.68
2025-10-11,P0051,1.0,3.8
2025-10-11,P0052,3.0,1.77
2025-10-11,P0055,2.0,2.54
2025-10-11,P0056,2.0,8.16
2025-10-11,P0057,5.0,17.35
2025-10-11,P0058,2.0,7.0
2025-10-11,P0059,1.0,0.59
2025-10-11,P0061,1.0,2.31
2025-10-11,P0063,2.0,4.92
2025-10-11,P0064,6.0,25.44
2025-10-11,P0065,3.0,9.12
2025-10-11,P0066,2.0,9.72
2025-10-11,P0067,1.0,1.0
2025-10-11,P0072,1.0,1.99
2025-10-11,P0073,1.0,3.99
2025-10-11,P0074,1.0,0.99
2025-10-11,P0075,1.0,5.42
2025-10-11,P0076,3.0,5.94
2025-10-11,P0077,1.0,0.51
2025-10-11,P0078,6.0,6.84
2025-10-11,P0080,2.0,4.0
2025-10-11,P0081,6.0,32.52
2025-10-11,P0083,1.0,1.26
2025-10-11,P0084,4.0,8.96
2025-10-11,P0088,1.0,1.83
2025-10-11,P0089,1.0,0.68
2025-10-11,P0091,6.0,20.58
2025-10-11,P0093,1.0,3.5
2025-10-11,P0094,1.0,0.72
2025-10-11,P0095,1.0,3.6
2025-10-11,P0096,1.0,3.05
2025-10-11,P0097,3.0,3.36
2025-10-11,P0098,1.0,0.45
2025-10-11,P0101,3.0,0.54
2025-10-11,P0103,2.0,4.74
2025-10-11,P0104,3.0,9.15
2025-10-11,P0105,6.0,8.76
2025-10-11,P0110,5.0,19.55
2025-10-11,P0112,2.0,7.8
2025-10-11,P0113,2.0,6.7
2025-10-11,P0114,2.0,3.7
2025-10-11,P0117,1.0,5.4
2025-10-11,P0118,1.0,4.49
2025-10-11,P0119,1.0,3.32
2025-10-11,P0121,2.0,18.88
2025-10-11,P0123,1.0,3.62
2025-10-11,P0124,3.0,7.11
2025-10-11,P0126,1.0,2.19
2025-10-11,P0127,2.0,3.04
2025-10-11,P0128,4.0,5.84
2025-10-12,P0001,4.0,9.72
2025-10-12,P0004,1.0,3.08
2025-10-12,P0005,1.0,2.03
2025-10-12,P0013,1.0,2.78
2025-10-12,P0014,1.0,2.05
2025-10-12,P0015,2.0,3.0
2025-10-12,P0016,1.0,1.66
2025-10-12,P0017,2.0,6.36
2025-10-12,P0018,2.0,1.04
2025-10-12,P0020,2.0,2.9
2025-10-12,P0021,1.0,0.52
2025-10-12,P0023,1.0,2.87
2025-10-12,P0025,6.0,18.54
2025-10-12,P0026,3.0,4.17
2025-10-12,P0027,2.0,2.58
2025-10-12,P0028,6.0,14.52
2025-10-12,P0029,1.0,3.8
2025-10-12,P0031,2.0,1.86
2025-10-12,P0033,1.0,2.95
2025-10-12,P0035,2.0,24.76
2025-10-12,P0037,3.0,14.28
2025-10-12,P0038,2.0,9.9
2025-10-12,P0040,1.0,10.55
2025-10-12,P0041,1.0,9.61
2025-10-12,P0045,2.0,26.22
2025-10-12,P0048,1.0,4.08
2025-10-12,P0049,1.0,1.85
2025-10-12,P0050,1.0,0.68
2025-10-12,P0051,4.0,15.2
2025-10-12,P0052,1.0,0.59
2025-10-12,P0056,2.0,8.16
2025-10-12,P0057,2.0,6.94
2025-10-12,P0058,2.0,7.0
2025-10-12,P0061,2.0,4.62
2025-10-12,P0063,5.0,12.3
2025-10-12,P0064,4.0,16.96
2025-10-12,P0066,2.0,9.72
2025-10-12,P0067,3.0,3.0
2025-10-12,P0070,1.0,1.65
2025-10-12,P0072,1.0,1.99
2025-10-12,P0073,1.0,3.99
2025-10-12,P0074,1.0,0.99
2025-10-12,P0076,1.0,1.98
2025-10-12,P0077,1.0,0.51
2025-10-12,P0078,6.0,6.84
2025-10-12,P0079,2.0,10.34
2025-10-12,P0080,1.0,2.0
2025-10-12,P0081,6.0,32.52
2025-10-12,P0082,1.0,4.31
2025-10-12,P0084,2.0,4.48
2025-10-12,P0089,1.0,0.68
2025-10-12,P0090,1.0,3.69
2025-10-12,P0091,6.0,20.58
2025-10-12,P0094,1.0,0.72
2025-10-12,P0097,3.0,3.36
2025-10-12,P0101,2.0,0.36
2025-10-12,P0103,1.0,2.37
2025-10-12,P0104,2.0,6.1
2025-10-12,P0105,6.0,8.76
2025-10-12,P0110,2.0,7.82
2025-10-12,P0114,1.0,1.85
2025-10-12,P0115,1.0,1.96
2025-10-12,P0117,1.0,5.4
2025-10-12,P0121,2.0,18.88
2025-10-12,P0122,1.0,3.02
2025-10-12,P0123,4.0,14.48
2025-10-12,P0124,2.0,4.74
2025-10-12,P0125,1.0,4.5
2025-10-12,P0127,2.0,3.04
2025-10-12,P0128,3.0,4.38
2025-10-13,P0001,2.0,4.86
2025-10-13,P0003,1.0,2.98
2025-10-13,P0004,1.0,3.08
2025-10-13,P0010,1.0,2.57
2025-10-13,P0013,1.0,2.78
2025-10-13,P0015,3.0,4.5
2025-10-13,P0018,1.0,0.52
2025-10-13,P0023,1.0,2.87
2025-10-13,P0025,5.0,15.45
2025-10-13,P0026,4.0,5.56
2025-10-13,P0027,1.0,1.29
2025-10-13,P0028,5.0,12.1
2025-10-13,P0029,2.0,7.6
2025-10-13,P0035,1.0,12.38
2025-10-13,P0036,1.0,9.19
2025-10-13,P0037,2.0,9.52
2025-10-13,P0038,2.0,9.9
2025-10-13,P0050,2.0,1.36
2025-10-13,P0051,1.0,3.8
2025-10-13,P0052,1.0,0.59
2025-10-13,P0053,2.0,2.26
2025-10-13,P0055,1.0,1.27
2025-10-13,P0056,4.0,16.32
2025-10-13,P0057,3.0,10.41
2025-10-13,P0059,1.0,0.59
2025-10-13,P0060,1.0,4.1
2025-10-13,P0061,3.0,6.93
2025-10-13,P0063,3.0,7.38
2025-10-13,P0064,3.0,12.72
2025-10-13,P0065,1.0,3.04
2025-10-13,P0067,3.0,3.0
2025-10-13,P0070,1.0,1.65
2025-10-13,P0073,1.0,3.99
2025-10-13,P0074,1.0,0.99
2025-10-13,P0077,1.0,0.51
2025-10-13,P0078,6.0,6.84
2025-10-13,P0081,6.0,32.52
2025-10-13,P0084,2.0,4.48
2025-10-13,P0088,1.0,1.83
2025-10-13,P0089,1.0,0.68
2025-10-13,P0091,6.0,20.58
2025-10-13,P0094,1.0,0.72
2025-10-13,P0097,2.0,2.24
2025-10-13,P0098,1.0,0.45
2025-10-13,P0101,3.0,0.54
2025-10-13,P0103,2.0,4.74
2025-10-13,P0104,3.0,9.15
2025-10-13,P0105,6.0,8.76
2025-10-13,P0106,1.0,1.13
2025-10-13,P0108,2.0,4.32
2025-10-13,P0109,1.0,1.89
2025-10-13,P0110,3.0,11.73
2025-10-13,P0114,1.0,1.85
2025-10-13,P0115,1.0,1.96
2025-10-13,P0117,3.0,16.2
2025-10-13,P0118,1.0,4.49
2025-10-13,P0121,1.0,9.44
2025-10-13,P0122,1.0,3.02
2025-10-13,P0124,3.0,7.11
2025-10-13,P0128,3.0,4.38
2025-10-14,P0003,1.0,2.98
2025-10-14,P0004,1.0,3.08
2025-10-14,P0007,1.0,2.07
2025-10-14,P0011,1.0,2.62
2025-10-14,P0015,1.0,1.5
2025-10-14,P0017,2.0,6.36
2025-10-14,P0018,2.0,1.04
2025-10-14,P0021,1.0,0.52
2025-10-14,P0025,5.0,15.45
2025-10-14,P0026,1.0,1.39
2025-10-14,P0027,3.0,3.87
2025-10-14,P0028,5.0,12.1
2025-10-14,P0029,2.0,7.6
2025-10-14,P0031,1.0,0.93
2025-10-14,P0032,1.0,1.03
2025-10-14,P0035,1.0,12.38
2025-10-14,P0037,2.0,9.52
2025-10-14,P0038,1.0,4.95
2025-10-14,P0039,3.0,27.24
2025-10-14,P0040,1.0,10.55
2025-10-14,P0042,1.0,14.27
2025-10-14,P0045,1.0,13.11
2025-10-14,P0048,2.0,8.16
2025-10-14,P0050,2.0,1.36
2025-10-14,P0051,1.0,3.8
2025-10-14,P0052,1.0,0.59
2025-10-14,P0056,3.0,12.24
2025-10-14,P0057,2.0,6.94
2025-10-14,P0063,6.0,14.76
2025-10-14,P0064,3.0,12.72
2025-10-14,P0066,2.0,9.72
2025-10-14,P0067,1.0,1.0
2025-10-14,P0076,1.0,1.98
2025-10-14,P0077,1.0,0.51
2025-10-14,P0078,6.0,6.84
2025-10-14,P0079,1.0,5.17
2025-10-14,P0080,1.0,2.0
2025-10-14,P0081,6.0,32.52
2025-10-14,P0082,1.0,4.31
2025-10-14,P0084,3.0,6.72
2025-10-14,P0088,1.0,1.83
2025-10-14,P0091,5.0,17.15
2025-10-14,P0094,1.0,0.72
2025-10-14,P0096,2.0,6.1
2025-10-14,P0097,2.0,2.24
2025-10-14,P0101,3.0,0.54
2025-10-14,P0103,1.0,2.37
2025-10-14,P0104,1.0,3.05
2025-10-14,P0105,6.0,8.76
2025-10-14,P0110,1.0,3.91
2025-10-14,P0112,1.0,3.9
2025-10-14,P0113,1.0,3.35
2025-10-14,P0116,1.0,2.18
2025-10-14,P0121,2.0,18.88
2025-10-14,P0122,2.0,6.04
2025-10-14,P0123,2.0,7.24
2025-10-14,P0127,1.0,1.52
2025-10-14,P0128,1.0,1.46
2025-10-15,P0002,1.0,0.48
2025-10-15,P0003,1.0,2.98
2025-10-15,P0004,2.0,6.16
2025-10-15,P0013,1.0,2.78
2025-10-15,P0014,1.0,2.05
2025-10-15,P0017,1.0,3.18
2025-10-15,P0018,1.0,0.52
2025-10-15,P0019,1.0,0.19
2025-10-15,P0023,1.0,2.87
2025-10-15,P0024,1.0,2.05
2025-10-15,P0025,4.0,12.36
2025-10-15,P0026,1.0,1.39
2025-10-15,P0027,2.0,2.58
2025-10-15,P0028,5.0,12.1
2025-10-15,P0030,2.0,4.28
2025-10-15,P0031,2.0,1.86
2025-10-15,P0032,1.0,1.03
2025-10-15,P0033,1.0,2.95
2025-10-15,P0034,1.0,9.5
2025-10-15,P0035,3.0,37.14
2025-10-15,P0037,1.0,4.76
2025-10-15,P0038,1.0,4.95
2025-10-15,P0045,1.0,13.11
2025-10-15,P0048,1.0,4.08
2025-10-15,P0050,1.0,0.68
2025-10-15,P0051,2.0,7.6
2025-10-15,P0052,3.0,1.77
2025-10-15,P0055,1.0,1.27
2025-10-15,P0056,1.0,4.08
2025-10-15,P0058,1.0,3.5
2025-10-15,P0059,1.0,0.59
2025-10-15,P0061,1.0,2.31
2025-10-15,P0063,4.0,9.84
2025-10-15,P0064,4.0,16.96
2025-10-15,P0065,1.0,3.04
2025-10-15,P0066,2.0,9.72
2025-10-15,P0067,1.0,1.0
2025-10-15,P0069,2.0,9.34
2025-10-15,P0071,1.0,2.94
2025-10-15,P0072,2.0,3.98
2025-10-15,P0074,1.0,0.99
2025-10-15,P0075,1.0,5.42
2025-10-15,P0078,6.0,6.84
2025-10-15,P0080,1.0,2.0
2025-10-15,P0081,6.0,32.52
2025-10-15,P0083,1.0,1.26
2025-10-15,P0084,1.0,2.24
2025-10-15,P0091,6.0,20.58
2025-10-15,P0097,3.0,3.36
2025-10-15,P0100,1.0,0.23
2025-10-15,P0101,4.0,0.72
2025-10-15,P0103,2.0,4.74
2025-10-15,P0104,3.0,9.15
2025-10-15,P0105,6.0,8.76
2025-10-15,P0108,1.0,2.16
2025-10-15,P0110,2.0,7.82
2025-10-15,P0112,2.0,7.8
2025-10-15,P0114,1.0,1.85
2025-10-15,P0115,1.0,1.96
2025-10-15,P0117,2.0,10.8
2025-10-15,P0118,2.0,8.98
2025-10-15,P0119,1.0,3.32
2025-10-15,P0120,1.0,8.84
2025-10-15,P0122,1.0,3.02
2025-10-15,P0123,1.0,3.62
2025-10-15,P0124,3.0,7.11
2025-10-15,P0125,2.0,9.0
2025-10-15,P0127,1.0,1.52
2025-10-15,P0128,1.0,1.46
2025-10-16,P0001,2.0,4.86
2025-10-16,P0003,1.0,2.98
2025-10-16,P0004,1.0,3.08
2025-10-16,P0006,1.0,0.39
2025-10-16,P0012,2.0,4.92
2025-10-16,P0014,1.0,2.05
2025-10-16,P0018,1.0,0.52
2025-10-16,P0020,2.0,2.9
2025-10-16,P0022,1.0,2.67
2025-10-16,P0023,1.0,2.87
2025-10-16,P0024,2.0,4.1
2025-10-16,P0025,5.0,15.45
2025-10-16,P0026,1.0,1.39
2025-10-16,P0027,2.0,2.58
2025-10-16,P0028,6.0,14.52
2025-10-16,P0030,1.0,2.14
2025-10-16,P0032,3.0,3.09
2025-10-16,P0035,2.0,24.76
2025-10-16,P0038,1.0,4.95
2025-10-16,P0045,1.0,13.11
2025-10-16,P0048,1.0,4.08
2025-10-16,P0050,4.0,2.72
2025-10-16,P0051,2.0,7.6
2025-10-16,P0052,2.0,1.18
2025-10-16,P0053,1.0,1.13
2025-10-16,P0054,1.0,1.06
2025-10-16,P0055,1.0,1.27
2025-10-16,P0056,1.0,4.08
2025-10-16,P0057,2.0,6.94
2025-10-16,P0059,1.0,0.59
2025-10-16,P0061,1.0,2.31
2025-10-16,P0063,3.0,7.38
2025-10-16,P0064,5.0,21.2
2025-10-16,P0065,2.0,6.08
2025-10-16,P0066,5.0,24.3
2025-10-16,P0067,2.0,2.0
2025-10-16,P0068,1.0,3.83
2025-10-16,P0072,1.0,1.99
2025-10-16,P0078,6.0,6.84
2025-10-16,P0080,1.0,2.0
2025-10-16,P0081,6.0,32.52
2025-10-16,P0082,2.0,8.62
2025-10-16,P0083,1.0,1.26
2025-10-16,P0084,2.0,4.48
2025-10-16,P0088,1.0,1.83
2025-10-16,P0089,1.0,0.68
2025-10-16,P0091,6.0,20.58
2025-10-16,P0094,1.0,0.72
2025-10-16,P0095,2.0,7.2
2025-10-16,P0096,2.0,6.1
2025-10-16,P0097,2.0,2.24
2025-10-16,P0098,1.0,0.45
2025-10-16,P0101,1.0,0.18
2025-10-16,P0104,3.0,9.15
2025-10-16,P0105,6.0,8.76
2025-10-16,P0108,1.0,2.16
2025-10-16,P0109,1.0,1.89
2025-10-16,P0110,4.0,15.64
2025-10-16,P0112,2.0,7.8
2025-10-16,P0114,1.0,1.85
2025-10-16,P0115,1.0,1.96
2025-10-16,P0117,1.0,5.4
2025-10-16,P0118,1.0,4.49
2025-10-16,P0119,3.0,9.96
2025-10-16,P0121,2.0,18.88
2025-10-16,P0122,5.0,15.1
2025-10-16,P0124,3.0,7.11
2025-10-16,P0125,1.0,4.5
2025-10-16,P0127,2.0,3.04
2025-10-16,P0128,2.0,2.92
2025-10-17,P0001,2.0,4.86
2025-10-17,P0004,1.0,3.08
2025-10-17,P0005,1.0,2.03
2025-10-17,P0014,1.0,2.05
2025-10-17,P0015,1.0,1.5
2025-10-17,P0016,1.0,1.66
2025-10-17,P0018,1.0,0.52
2025-10-17,P0022,1.0,2.67
2025-10-17,P0023,2.0,5.74
2025-10-17,P0025,6.0,18.54
2025-10-17,P0026,1.0,1.39
2025-10-17,P0027,5.0,6.45
2025-10-17,P0028,6.0,14.52
2025-10-17,P0029,1.0,3.8
2025-10-17,P0030,1.0,2.14
2025-10-17,P0031,2.0,1.86
2025-10-17,P0033,1.0,2.95
2025-10-17,P0035,3.0,37.14
2025-10-17,P0039,1.0,9.08
2025-10-17,P0040,1.0,10.55
2025-10-17,P0041,1.0,9.61
2025-10-17,P0042,1.0,14.27
2025-10-17,P0045,1.0,13.11
2025-10-17,P0047,1.0,7.02
2025-10-17,P0048,2.0,8.16
2025-10-17,P0049,2.0,3.7
2025-10-17,P0050,2.0,1.36
2025-10-17,P0051,3.0,11.4
2025-10-17,P0052,1.0,0.59
2025-10-17,P0055,1.0,1.27
2025-10-17,P0056,2.0,8.16
2025-10-17,P0057,1.0,3.47
2025-10-17,P0058,1.0,3.5
2025-10-17,P0059,1.0,0.59
2025-10-17,P0060,1.0,4.1
2025-10-17,P0062,1.0,2.69
2025-10-17,P0063,4.0,9.84
2025-10-17,P0064,6.0,25.44
2025-10-17,P0065,3.0,9.12
2025-10-17,P0066,4.0,19.44
2025-10-17,P0067,3.0,3.0
2025-10-17,P0070,2.0,3.3
2025-10-17,P0071,1.0,2.94
2025-10-17,P0074,1.0,0.99
2025-10-17,P0075,1.0,5.42
2025-10-17,P0076,1.0,1.98
2025-10-17,P0078,6.0,6.84
2025-10-17,P0081,6.0,32.52
2025-10-17,P0082,1.0,4.31
2025-10-17,P0084,2.0,4.48
2025-10-17,P0086,1.0,3.25
2025-10-17,P0087,1.0,1.17
2025-10-17,P0088,1.0,1.83
2025-10-17,P0089,3.0,2.04
2025-10-17,P0091,6.0,20.58
2025-10-17,P0093,1.0,3.5
2025-10-17,P0094,1.0,0.72
2025-10-17,P0095,1.0,3.6
2025-10-17,P0096,1.0,3.05
2025-10-17,P0097,1.0,1.12
2025-10-17,P0100,1.0,0.23
2025-10-17,P0101,3.0,0.54
2025-10-17,P0103,2.0,4.74
2025-10-17,P0104,3.0,9.15
2025-10-17,P0105,6.0,8.76
2025-10-17,P0106,1.0,1.13
2025-10-17,P0107,1.0,3.48
2025-10-17,P0108,1.0,2.16
2025-10-17,P0109,1.0,1.89
2025-10-17,P0110,5.0,19.55
2025-10-17,P0112,1.0,3.9
2025-10-17,P0114,3.0,5.55
2025-10-17,P0115,1.0,1.96
2025-10-17,P0116,1.0,2.18
2025-10-17,P0117,1.0,5.4
2025-10-17,P0119,1.0,3.32
2025-10-17,P0121,3.0,28.32
2025-10-17,P0122,3.0,9.06
2025-10-17,P0123,3.0,10.86
2025-10-17,P0124,2.0,4.74
2025-10-17,P0127,1.0,1.52
2025-10-17,P0128,2.0,2.92
2025-10-18,P0001,2.0,4.86
2025-10-18,P0002,1.0,0.48
2025-10-18,P0003,2.0,5.96
2025-10-18,P0006,1.0,0.39
2025-10-18,P0011,1.0,2.62
2025-10-18,P0014,4.0,8.2
2025-10-18,P0015,2.0,3.0
2025-10-18,P0020,3.0,4.35
2025-10-18,P0021,1.0,0.52
2025-10-18,P0025,6.0,18.54
2025-10-18,P0027,5.0,6.45
2025-10-18,P0028,6.0,14.52
2025-10-18,P0029,1.0,3.8
2025-10-18,P0030,1.0,2.14
2025-10-18,P0031,1.0,0.93
2025-10-18,P0032,3.0,3.09
2025-10-18,P0033,2.0,5.9
2025-10-18,P0035,4.0,49.52
2025-10-18,P0037,1.0,4.76
2025-10-18,P0041,1.0,9.61
2025-10-18,P0042,2.0,28.54
2025-10-18,P0045,2.0,26.22
2025-10-18,P0047,2.0,14.04
2025-10-18,P0048,1.0,4.08
2025-10-18,P0049,1.0,1.85
2025-10-18,P0050,1.0,0.68
2025-10-18,P0051,5.0,19.0
2025-10-18,P0052,3.0,1.77
2025-10-18,P0055,1.0,1.27
2025-10-18,P0056,6.0,24.48
2025-10-18,P0057,2.0,6.94
2025-10-18,P0058,2.0,7.0
2025-10-18,P0059,2.0,1.18
2025-10-18,P0060,1.0,4.1
2025-10-18,P0061,3.0,6.93
2025-10-18,P0062,1.0,2.69
2025-10-18,P0063,4.0,9.84
2025-10-18,P0064,6.0,25.44
2025-10-18,P0065,3.0,9.12
2025-10-18,P0066,2.0,9.72
2025-10-18,P0067,1.0,1.0
2025-10-18,P0076,3.0,5.94
2025-10-18,P0077,1.0,0.51
2025-10-18,P0078,6.0,6.84
2025-10-18,P0080,1.0,2.0
2025-10-18,P0081,6.0,32.52
2025-10-18,P0084,1.0,2.24
2025-10-18,P0089,2.0,1.36
2025-10-18,P0091,6.0,20.58
2025-10-18,P0094,3.0,2.16
2025-10-18,P0097,5.0,5.6
2025-10-18,P0098,1.0,0.45
2025-10-18,P0101,4.0,0.72
2025-10-18,P0103,1.0,2.37
2025-10-18,P0104,3.0,9.15
2025-10-18,P0105,6.0,8.76
2025-10-18,P0106,1.0,1.13
2025-10-18,P0110,1.0,3.91
2025-10-18,P0112,3.0,11.7
2025-10-18,P0114,1.0,1.85
2025-10-18,P0116,1.0,2.18
2025-10-18,P0117,1.0,5.4
2025-10-18,P0119,1.0,3.32
2025-10-18,P0121,3.0,28.32
2025-10-18,P0122,4.0,12.08
2025-10-18,P0123,1.0,3.62
2025-10-18,P0124,2.0,4.74
2025-10-18,P0125,1.0,4.5
2025-10-18,P0127,3.0,4.56
2025-10-18,P0128,4.0,5.84
2025-10-19,P0001,3.0,7.29
2025-10-19,P0003,1.0,2.98
2025-10-19,P0006,3.0,1.17
2025-10-19,P0012,1.0,2.46
2025-10-19,P0014,1.0,2.05
2025-10-19,P0015,1.0,1.5
2025-10-19,P0017,1.0,3.18
2025-10-19,P0018,1.0,0.52
2025-10-19,P0020,1.0,1.45
2025-10-19,P0023,1.0,2.87
2025-10-19,P0025,6.0,18.54
2025-10-19,P0026,3.0,4.17
2025-10-19,P0027,3.0,3.87
2025-10-19,P0028,6.0,14.52
2025-10-19,P0029,3.0,11.4
2025-10-19,P0032,1.0,1.03
2025-10-19,P0033,1.0,2.95
2025-10-19,P0034,1.0,9.5
2025-10-19,P0035,3.0,37.14
2025-10-19,P0037,3.0,14.28
2025-10-19,P0040,1.0,10.55
2025-10-19,P0042,1.0,14.27
2025-10-19,P0045,1.0,13.11
2025-10-19,P0048,1.0,4.08
2025-10-19,P0049,3.0,5.55
2025-10-19,P0050,1.0,0.68
2025-10-19,P0051,3.0,11.4
2025-10-19,P0052,2.0,1.18
2025-10-19,P0055,3.0,3.81
2025-10-19,P0056,2.0,8.16
2025-10-19,P0057,2.0,6.94
2025-10-19,P0058,1.0,3.5
2025-10-19,P0063,3.0,7.38
2025-10-19,P0064,6.0,25.44
2025-10-19,P0066,2.0,9.72
2025-10-19,P0067,1.0,1.0
2025-10-19,P0068,2.0,7.66
2025-10-19,P0073,2.0,7.98
2025-10-19,P0074,1.0,0.99
2025-10-19,P0077,1.0,0.51
2025-10-19,P0078,6.0,6.84
2025-10-19,P0080,1.0,2.0
2025-10-19,P0081,6.0,32.52
2025-10-19,P0087,1.0,1.17
2025-10-19,P0088,2.0,3.66
2025-10-19,P0089,1.0,0.68
2025-10-19,P0090,2.0,7.38
2025-10-19,P0091,6.0,20.58
2025-10-19,P0096,1.0,3.05
2025-10-19,P0097,3.0,3.36
2025-10-19,P0098,1.0,0.45
2025-10-19,P0099,1.0,0.24
2025-10-19,P0100,1.0,0.23
2025-10-19,P0101,4.0,0.72
2025-10-19,P0104,1.0,3.05
2025-10-19,P0105,6.0,8.76
2025-10-19,P0109,1.0,1.89
2025-10-19,P0110,4.0,15.64
2025-10-19,P0111,1.0,3.7
2025-10-19,P0117,2.0,10.8
2025-10-19,P0118,1.0,4.49
2025-10-19,P0119,3.0,9.96
2025-10-19,P0121,2.0,18.88
2025-10-19,P0122,2.0,6.04
2025-10-19,P0124,2.0,4.74
2025-10-19,P0127,1.0,1.52
2025-10-19,P0128,3.0,4.38
2025-10-20,P0001,1.0,2.43
2025-10-20,P0005,2.0,4.06
2025-10-20,P0014,1.0,2.05
2025-10-20,P0016,1.0,1.66
2025-10-20,P0018,1.0,0.52
2025-10-20,P0019,1.0,0.19
2025-10-20,P0022,2.0,5.34
2025-10-20,P0025,6.0,18.54
2025-10-20,P0026,1.0,1.39
2025-10-20,P0027,1.0,1.29
2025-10-20,P0028,4.0,9.68
2025-10-20,P0030,1.0,2.14
2025-10-20,P0032,1.0,1.03
2025-10-20,P0033,1.0,2.95
2025-10-20,P0034,1.0,9.5
2025-10-20,P0035,1.0,12.38
2025-10-20,P0037,1.0,4.76
2025-10-20,P0038,1.0,4.95
2025-10-20,P0039,1.0,9.08
2025-10-20,P0045,1.0,13.11
2025-10-20,P0047,2.0,14.04
2025-10-20,P0048,1.0,4.08
2025-10-20,P0049,1.0,1.85
2025-10-20,P0050,1.0,0.68
2025-10-20,P0051,1.0,3.8
2025-10-20,P0052,1.0,0.59
2025-10-20,P0055,1.0,1.27
2025-10-20,P0056,2.0,8.16
2025-10-20,P0057,2.0,6.94
2025-10-20,P0059,1.0,0.59
2025-10-20,P0060,1.0,4.1
2025-10-20,P0061,1.0,2.31
2025-10-20,P0062,1.0,2.69
2025-10-20,P0063,3.0,7.38
2025-10-20,P0064,6.0,25.44
2025-10-20,P0065,1.0,3.04
2025-10-20,P0066,2.0,9.72
2025-10-20,P0070,1.0,1.65
2025-10-20,P0071,1.0,2.94
2025-10-20,P0073,1.0,3.99
2025-10-20,P0076,1.0,1.98
2025-10-20,P0077,1.0,0.51
2025-10-20,P0078,6.0,6.84
2025-10-20,P0081,6.0,32.52
2025-10-20,P0082,1.0,4.31
2025-10-20,P0084,2.0,4.48
2025-10-20,P0086,1.0,3.25
2025-10-20,P0088,1.0,1.83
2025-10-20,P0091,6.0,20.58
2025-10-20,P0092,1.0,3.81
2025-10-20,P0094,3.0,2.16
2025-10-20,P0095,1.0,3.6
2025-10-20,P0096,1.0,3.05
2025-10-20,P0097,2.0,2.24
2025-10-20,P0098,2.0,0.9
2025-10-20,P0100,1.0,0.23
2025-10-20,P0101,2.0,0.36
2025-10-20,P0103,2.0,4.74
2025-10-20,P0104,1.0,3.05
2025-10-20,P0105,6.0,8.76
2025-10-20,P0110,2.0,7.82
2025-10-20,P0119,1.0,3.32
2025-10-20,P0121,1.0,9.44
2025-10-20,P0122,1.0,3.02
2025-10-20,P0125,1.0,4.5
2025-10-20,P0127,1.0,1.52
2025-10-20,P0128,4.0,5.84
2025-10-21,P0001,1.0,2.43
2025-10-21,P0003,1.0,2.98
2025-10-21,P0007,1.0,2.07
2025-10-21,P0014,1.0,2.05
2025-10-21,P0015,2.0,3.0
2025-10-21,P0016,1.0,1.66
2025-10-21,P0018,2.0,1.04
2025-10-21,P0019,1.0,0.19
2025-10-21,P0020,1.0,1.45
2025-10-21,P0022,1.0,2.67
2025-10-21,P0023,1.0,2.87
2025-10-21,P0025,5.0,15.45
2025-10-21,P0027,1.0,1.29
2025-10-21,P0028,5.0,12.1
2025-10-21,P0031,1.0,0.93
2025-10-21,P0033,2.0,5.9
2025-10-21,P0035,3.0,37.14
2025-10-21,P0039,1.0,9.08
2025-10-21,P0047,1.0,7.02
2025-10-21,P0049,1.0,1.85
2025-10-21,P0050,1.0,0.68
2025-10-21,P0051,2.0,7.6
2025-10-21,P0052,2.0,1.18
2025-10-21,P0053,1.0,1.13
2025-10-21,P0055,2.0,2.54
2025-10-21,P0056,2.0,8.16
2025-10-21,P0057,2.0,6.94
2025-10-21,P0058,1.0,3.5
2025-10-21,P0063,3.0,7.38
2025-10-21,P0064,3.0,12.72
2025-10-21,P0065,1.0,3.04
2025-10-21,P0066,2.0,9.72
2025-10-21,P0067,3.0,3.0
2025-10-21,P0068,2.0,7.66
2025-10-21,P0069,1.0,4.67
2025-10-21,P0070,1.0,1.65
2025-10-21,P0072,1.0,1.99
2025-10-21,P0076,1.0,1.98
2025-10-21,P0078,6.0,6.84
2025-10-21,P0079,1.0,5.17
2025-10-21,P0080,1.0,2.0
2025-10-21,P0081,6.0,32.52
2025-10-21,P0082,1.0,4.31
2025-10-21,P0084,2.0,4.48
2025-10-21,P0086,1.0,3.25
2025-10-21,P0087,1.0,1.17
2025-10-21,P0091,6.0,20.58
2025-10-21,P0097,1.0,1.12
2025-10-21,P0098,1.0,0.45
2025-10-21,P0101,2.0,0.36
2025-10-21,P0103,1.0,2.37
2025-10-21,P0104,1.0,3.05
2025-10-21,P0105,6.0,8.76
2025-10-21,P0110,2.0,7.82
2025-10-21,P0112,1.0,3.9
2025-10-21,P0113,2.0,6.7
2025-10-21,P0115,1.0,1.96
2025-10-21,P0117,1.0,5.4
2025-10-21,P0118,2.0,8.98
2025-10-21,P0119,1.0,3.32
2025-10-21,P0121,2.0,18.88
2025-10-21,P0122,1.0,3.02
2025-10-21,P0124,1.0,2.37
2025-10-21,P0125,1.0,4.5
2025-10-21,P0127,1.0,1.52
2025-10-21,P0128,2.0,2.92
2025-10-22,P0001,1.0,2.43
2025-10-22,P0003,1.0,2.98
2025-10-22,P0004,1.0,3.08
2025-10-22,P0005,2.0,4.06
2025-10-22,P0014,1.0,2.05
2025-10-22,P0015,1.0,1.5
2025-10-22,P0019,1.0,0.19
2025-10-22,P0021,1.0,0.52
2025-10-22,P0023,1.0,2.87
2025-10-22,P0025,6.0,18.54
2025-10-22,P0026,1.0,1.39
2025-10-22,P0027,2.0,2.58
2025-10-22,P0028,4.0,9.68
2025-10-22,P0029,1.0,3.8
2025-10-22,P0030,1.0,2.14
2025-10-22,P0032,1.0,1.03
2025-10-22,P0033,1.0,2.95
2025-10-22,P0035,1.0,12.38
2025-10-22,P0037,1.0,4.76
2025-10-22,P0038,1.0,4.95
2025-10-22,P0047,3.0,21.06
2025-10-22,P0049,1.0,1.85
2025-10-22,P0050,1.0,0.68
2025-10-22,P0051,2.0,7.6
2025-10-22,P0052,1.0,0.59
2025-10-22,P0056,3.0,12.24
2025-10-22,P0057,3.0,10.41
2025-10-22,P0059,1.0,0.59
2025-10-22,P0060,1.0,4.1
2025-10-22,P0062,1.0,2.69
2025-10-22,P0063,4.0,9.84
2025-10-22,P0064,4.0,16.96
2025-10-22,P0065,1.0,3.04
2025-10-22,P0066,2.0,9.72
2025-10-22,P0067,2.0,2.0
2025-10-22,P0068,1.0,3.83
2025-10-22,P0070,1.0,1.65
2025-10-22,P0074,1.0,0.99
2025-10-22,P0076,1.0,1.98
2025-10-22,P0078,6.0,6.84
2025-10-22,P0081,6.0,32.52
2025-10-22,P0082,1.0,4.31
2025-10-22,P0084,2.0,4.48
2025-10-22,P0088,1.0,1.83
2025-10-22,P0091,6.0,20.58
2025-10-22,P0093,2.0,7.0
2025-10-22,P0094,2.0,1.44
2025-10-22,P0095,1.0,3.6
2025-10-22,P0096,1.0,3.05
2025-10-22,P0097,2.0,2.24
2025-10-22,P0100,1.0,0.23
2025-10-22,P0101,1.0,0.18
2025-10-22,P0103,1.0,2.37
2025-10-22,P0104,1.0,3.05
2025-10-22,P0105,6.0,8.76
2025-10-22,P0110,3.0,11.73
2025-10-22,P0112,3.0,11.7
2025-10-22,P0113,1.0,3.35
2025-10-22,P0114,2.0,3.7
2025-10-22,P0117,2.0,10.8
2025-10-22,P0118,3.0,13.47
2025-10-22,P0119,1.0,3.32
2025-10-22,P0121,1.0,9.44
2025-10-22,P0122,4.0,12.08
2025-10-22,P0123,1.0,3.62
2025-10-22,P0124,1.0,2.37
2025-10-22,P0128,1.0,1.46
2025-10-23,P0001,1.0,2.43
2025-10-23,P0005,2.0,4.06
2025-10-23,P0006,2.0,0.78
2025-10-23,P0010,1.0,2.57
2025-10-23,P0014,1.0,2.05
2025-10-23,P0016,1.0,1.66
2025-10-23,P0018,1.0,0.52
2025-10-23,P0019,1.0,0.19
2025-10-23,P0022,2.0,5.34
2025-10-23,P0023,1.0,2.87
2025-10-23,P0025,3.0,9.27
2025-10-23,P0026,1.0,1.39
2025-10-23,P0027,3.0,3.87
2025-10-23,P0028,5.0,12.1
2025-10-23,P0032,3.0,3.09
2025-10-23,P0033,3.0,8.85
2025-10-23,P0035,2.0,24.76
2025-10-23,P0037,1.0,4.76
2025-10-23,P0038,1.0,4.95
2025-10-23,P0039,1.0,9.08
2025-10-23,P0044,1.0,11.65
2025-10-23,P0045,2.0,26.22
2025-10-23,P0047,1.0,7.02
2025-10-23,P0048,1.0,4.08
2025-10-23,P0050,1.0,0.68
2025-10-23,P0051,2.0,7.6
2025-10-23,P0052,2.0,1.18
2025-10-23,P0055,3.0,3.81
2025-10-23,P0056,3.0,12.24
2025-10-23,P0057,1.0,3.47
2025-10-23,P0061,3.0,6.93
2025-10-23,P0063,4.0,9.84
2025-10-23,P0064,4.0,16.96
2025-10-23,P0065,1.0,3.04
2025-10-23,P0066,3.0,14.58
2025-10-23,P0067,3.0,3.0
2025-10-23,P0071,1.0,2.94
2025-10-23,P0072,1.0,1.99
2025-10-23,P0075,1.0,5.42
2025-10-23,P0078,6.0,6.84
2025-10-23,P0080,2.0,4.0
2025-10-23,P0081,6.0,32.52
2025-10-23,P0084,2.0,4.48
2025-10-23,P0085,1.0,1.47
2025-10-23,P0091,6.0,20.58
2025-10-23,P0094,1.0,0.72
2025-10-23,P0096,3.0,9.15
2025-10-23,P0099,1.0,0.24
2025-10-23,P0101,2.0,0.36
2025-10-23,P0102,1.0,1.18
2025-10-23,P0104,2.0,6.1
2025-10-23,P0105,6.0,8.76
2025-10-23,P0109,1.0,1.89
2025-10-23,P0112,1.0,3.9
2025-10-23,P0113,2.0,6.7
2025-10-23,P0114,1.0,1.85
2025-10-23,P0117,1.0,5.4
2025-10-23,P0119,1.0,3.32
2025-10-23,P0121,3.0,28.32
2025-10-23,P0122,5.0,15.1
2025-10-23,P0124,2.0,4.74
2025-10-23,P0127,3.0,4.56
2025-10-24,P0004,1.0,3.08
2025-10-24,P0006,1.0,0.39
2025-10-24,P0009,1.0,2.76
2025-10-24,P0011,1.0,2.62
2025-10-24,P0012,1.0,2.46
2025-10-24,P0014,1.0,2.05
2025-10-24,P0015,2.0,3.0
2025-10-24,P0016,2.0,3.32
2025-10-24,P0018,2.0,1.04
2025-10-24,P0019,1.0,0.19
2025-10-24,P0020,1.0,1.45
2025-10-24,P0022,1.0,2.67
2025-10-24,P0023,1.0,2.87
2025-10-24,P0024,1.0,2.05
2025-10-24,P0025,6.0,18.54
2025-10-24,P0026,2.0,2.78
2025-10-24,P0027,2.0,2.58
2025-10-24,P0028,6.0,14.52
2025-10-24,P0030,1.0,2.14
2025-10-24,P0031,2.0,1.86
2025-10-24,P0032,2.0,2.06
2025-10-24,P0034,1.0,9.5
2025-10-24,P0035,3.0,37.14
2025-10-24,P0038,1.0,4.95
2025-10-24,P0041,1.0,9.61
2025-10-24,P0045,3.0,39.33
2025-10-24,P0047,2.0,14.04
2025-10-24,P0048,1.0,4.08
2025-10-24,P0050,2.0,1.36
2025-10-24,P0051,4.0,15.2
2025-10-24,P0052,3.0,1.77
2025-10-24,P0055,2.0,2.54
2025-10-24,P0056,3.0,12.24
2025-10-24,P0057,2.0,6.94
2025-10-24,P0058,1.0,3.5
2025-10-24,P0059,2.0,1.18
2025-10-24,P0061,2.0,4.62
2025-10-24,P0062,1.0,2.69
2025-10-24,P0063,6.0,14.76
2025-10-24,P0064,6.0,25.44
2025-10-24,P0065,5.0,15.2
2025-10-24,P0066,1.0,4.86
2025-10-24,P0067,2.0,2.0
2025-10-24,P0068,1.0,3.83
2025-10-24,P0073,1.0,3.99
2025-10-24,P0075,1.0,5.42
2025-10-24,P0078,6.0,6.84
2025-10-24,P0081,6.0,32.52
2025-10-24,P0084,2.0,4.48
2025-10-24,P0086,2.0,6.5
2025-10-24,P0087,1.0,1.17
2025-10-24,P0090,1.0,3.69
2025-10-24,P0091,6.0,20.58
2025-10-24,P0094,3.0,2.16
2025-10-24,P0095,2.0,7.2
2025-10-24,P0096,2.0,6.1
2025-10-24,P0097,3.0,3.36
2025-10-24,P0099,1.0,0.24
2025-10-24,P0101,2.0,0.36
2025-10-24,P0104,3.0,9.15
2025-10-24,P0105,6.0,8.76
2025-10-24,P0106,1.0,1.13
2025-10-24,P0110,2.0,7.82
2025-10-24,P0113,1.0,3.35
2025-10-24,P0114,3.0,5.55
2025-10-24,P0115,1.0,1.96
2025-10-24,P0117,2.0,10.8
2025-10-24,P0121,1.0,9.44
2025-10-24,P0122,1.0,3.02
2025-10-24,P0123,1.0,3.62
2025-10-24,P0124,1.0,2.37
2025-10-24,P0125,2.0,9.0
2025-10-24,P0127,1.0,1.52
2025-10-24,P0128,2.0,2.92
2025-10-25,P0001,4.0,9.72
2025-10-25,P0003,1.0,2.98
2025-10-25,P0004,2.0,6.16
2025-10-25,P0006,2.0,0.78
2025-10-25,P0007,1.0,2.07
2025-10-25,P0011,1.0,2.62
2025-10-25,P0012,1.0,2.46
2025-10-25,P0013,1.0,2.78
2025-10-25,P0014,3.0,6.15
2025-10-25,P0015,1.0,1.5
2025-10-25,P0016,1.0,1.66
2025-10-25,P0019,1.0,0.19
2025-10-25,P0020,2.0,2.9
2025-10-25,P0021,1.0,0.52
2025-10-25,P0022,2.0,5.34
2025-10-25,P0023,2.0,5.74
2025-10-25,P0024,2.0,4.1
2025-10-25,P0025,6.0,18.54
2025-10-25,P0026,3.0,4.17
2025-10-25,P0028,6.0,14.52
2025-10-25,P0029,4.0,15.2
2025-10-25,P0031,2.0,1.86
2025-10-25,P0032,2.0,2.06
2025-10-25,P0034,2.0,19.0
2025-10-25,P0035,3.0,37.14
2025-10-25,P0036,1.0,9.19
2025-10-25,P0037,1.0,4.76
2025-10-25,P0038,2.0,9.9
2025-10-25,P0039,3.0,27.24
2025-10-25,P0040,1.0,10.55
2025-10-25,P0042,1.0,14.27
2025-10-25,P0043,1.0,8.55
2025-10-25,P0044,1.0,11.65
2025-10-25,P0045,3.0,39.33
2025-10-25,P0047,3.0,21.06
2025-10-25,P0048,2.0,8.16
2025-10-25,P0050,1.0,0.68
2025-10-25,P0051,2.0,7.6
2025-10-25,P0052,4.0,2.36
2025-10-25,P0055,1.0,1.27
2025-10-25,P0056,4.0,16.32
2025-10-25,P0057,2.0,6.94
2025-10-25,P0058,3.0,10.5
2025-10-25,P0059,1.0,0.59
2025-10-25,P0061,2.0,4.62
2025-10-25,P0062,2.0,5.38
2025-10-25,P0063,6.0,14.76
2025-10-25,P0064,6.0,25.44
2025-10-25,P0065,2.0,6.08
2025-10-25,P0066,3.0,14.58
2025-10-25,P0067,4.0,4.0
2025-10-25,P0068,1.0,3.83
2025-10-25,P0070,3.0,4.95
2025-10-25,P0072,2.0,3.98
2025-10-25,P0073,2.0,7.98
2025-10-25,P0074,1.0,0.99
2025-10-25,P0077,1.0,0.51
2025-10-25,P0078,6.0,6.84
2025-10-25,P0080,1.0,2.0
2025-10-25,P0081,6.0,32.52
2025-10-25,P0082,2.0,8.62
2025-10-25,P0083,1.0,1.26
2025-10-25,P0084,3.0,6.72
2025-10-25,P0086,1.0,3.25
2025-10-25,P0087,2.0,2.34
2025-10-25,P0091,6.0,20.58
2025-10-25,P0094,5.0,3.6
2025-10-25,P0095,4.0,14.4
2025-10-25,P0096,1.0,3.05
2025-10-25,P0097,5.0,5.6
2025-10-25,P0098,1.0,0.45
2025-10-25,P0100,1.0,0.23
2025-10-25,P0101,2.0,0.36
2025-10-25,P0104,3.0,9.15
2025-10-25,P0105,6.0,8.76
2025-10-25,P0108,2.0,4.32
2025-10-25,P0109,1.0,1.89
2025-10-25,P0110,2.0,7.82
2025-10-25,P0111,1.0,3.7
2025-10-25,P0112,3.0,11.7
2025-10-25,P0117,1.0,5.4
2025-10-25,P0119,2.0,6.64
2025-10-25,P0121,1.0,9.44
2025-10-25,P0122,4.0,12.08
2025-10-25,P0123,2.0,7.24
2025-10-25,P0124,4.0,9.48
2025-10-25,P0125,2.0,9.0
2025-10-25,P0127,2.0,3.04
2025-10-25,P0128,3.0,4.38
2025-10-26,P0001,4.0,9.72
2025-10-26,P0004,1.0,3.08
2025-10-26,P0007,1.0,2.07
2025-10-26,P0008,2.0,3.68
2025-10-26,P0012,1.0,2.46
2025-10-26,P0014,1.0,2.05
2025-10-26,P0017,1.0,3.18
2025-10-26,P0019,1.0,0.19
2025-10-26,P0020,1.0,1.45
2025-10-26,P0022,1.0,2.67
2025-10-26,P0025,6.0,18.54
2025-10-26,P0027,2.0,2.58
2025-10-26,P0028,6.0,14.52
2025-10-26,P0029,1.0,3.8
2025-10-26,P0030,2.0,4.28
2025-10-26,P0031,1.0,0.93
2025-10-26,P0033,1.0,2.95
2025-10-26,P0035,4.0,49.52
2025-10-26,P0038,1.0,4.95
2025-10-26,P0040,1.0,10.55
2025-10-26,P0045,1.0,13.11
2025-10-26,P0047,3.0,21.06
2025-10-26,P0051,5.0,19.0
2025-10-26,P0052,1.0,0.59
2025-10-26,P0055,1.0,1.27
2025-10-26,P0056,4.0,16.32
2025-10-26,P0057,3.0,10.41
2025-10-26,P0060,1.0,4.1
2025-10-26,P0061,2.0,4.62
2025-10-26,P0062,1.0,2.69
2025-10-26,P0063,5.0,12.3
2025-10-26,P0064,4.0,16.96
2025-10-26,P0065,3.0,9.12
2025-10-26,P0066,2.0,9.72
2025-10-26,P0067,2.0,2.0
2025-10-26,P0068,2.0,7.66
2025-10-26,P0070,1.0,1.65
2025-10-26,P0072,1.0,1.99
2025-10-26,P0073,2.0,7.98
2025-10-26,P0076,1.0,1.98
2025-10-26,P0077,2.0,1.02
2025-10-26,P0078,6.0,6.84
2025-10-26,P0081,6.0,32.52
2025-10-26,P0084,2.0,4.48
2025-10-26,P0087,1.0,1.17
2025-10-26,P0091,6.0,20.58
2025-10-26,P0094,2.0,1.44
2025-10-26,P0096,2.0,6.1
2025-10-26,P0097,1.0,1.12
2025-10-26,P0098,1.0,0.45
2025-10-26,P0100,1.0,0.23
2025-10-26,P0101,2.0,0.36
2025-10-26,P0103,2.0,4.74
2025-10-26,P0104,2.0,6.1
2025-10-26,P0105,6.0,8.76
2025-10-26,P0106,1.0,1.13
2025-10-26,P0107,1.0,3.48
2025-10-26,P0108,1.0,2.16
2025-10-26,P0110,2.0,7.82
2025-10-26,P0112,1.0,3.9
2025-10-26,P0115,1.0,1.96
2025-10-26,P0117,1.0,5.4
2025-10-26,P0118,2.0,8.98
2025-10-26,P0119,2.0,6.64
2025-10-26,P0121,2.0,18.88
2025-10-26,P0122,3.0,9.06
2025-10-26,P0123,2.0,7.24
2025-10-26,P0124,2.0,4.74
2025-10-26,P0125,1.0,4.5
2025-10-26,P0127,3.0,4.56
2025-10-26,P0128,1.0,1.46
2025-10-27,P0001,1.0,2.43
2025-10-27,P0005,1.0,2.03
2025-10-27,P0012,1.0,2.46
2025-10-27,P0014,1.0,2.05
2025-10-27,P0015,1.0,1.5
2025-10-27,P0018,1.0,0.52
2025-10-27,P0020,2.0,2.9
2025-10-27,P0023,2.0,5.74
2025-10-27,P0025,4.0,12.36
2025-10-27,P0026,2.0,2.78
2025-10-27,P0028,6.0,14.52
2025-10-27,P0029,1.0,3.8
2025-10-27,P0031,1.0,0.93
2025-10-27,P0032,1.0,1.03
2025-10-27,P0035,2.0,24.76
2025-10-27,P0039,1.0,9.08
2025-10-27,P0042,1.0,14.27
2025-10-27,P0044,1.0,11.65
2025-10-27,P0045,2.0,26.22
2025-10-27,P0048,3.0,12.24
2025-10-27,P0049,3.0,5.55
2025-10-27,P0050,1.0,0.68
2025-10-27,P0051,1.0,3.8
2025-10-27,P0052,2.0,1.18
2025-10-27,P0056,3.0,12.24
2025-10-27,P0058,2.0,7.0
2025-10-27,P0059,2.0,1.18
2025-10-27,P0062,1.0,2.69
2025-10-27,P0063,4.0,9.84
2025-10-27,P0064,5.0,21.2
2025-10-27,P0065,1.0,3.04
2025-10-27,P0066,1.0,4.86
2025-10-27,P0067,3.0,3.0
2025-10-27,P0073,1.0,3.99
2025-10-27,P0074,2.0,1.98
2025-10-27,P0076,1.0,1.98
2025-10-27,P0078,6.0,6.84
2025-10-27,P0080,1.0,2.0
2025-10-27,P0081,6.0,32.52
2025-10-27,P0084,2.0,4.48
2025-10-27,P0087,1.0,1.17
2025-10-27,P0091,6.0,20.58
2025-10-27,P0093,1.0,3.5
2025-10-27,P0096,1.0,3.05
2025-10-27,P0097,3.0,3.36
2025-10-27,P0100,2.0,0.46
2025-10-27,P0101,2.0,0.36
2025-10-27,P0103,1.0,2.37
2025-10-27,P0104,1.0,3.05
2025-10-27,P0105,6.0,8.76
2025-10-27,P0109,1.0,1.89
2025-10-27,P0110,3.0,11.73
2025-10-27,P0112,2.0,7.8
2025-10-27,P0115,1.0,1.96
2025-10-27,P0117,1.0,5.4
2025-10-27,P0118,1.0,4.49
2025-10-27,P0119,3.0,9.96
2025-10-27,P0121,1.0,9.44
2025-10-27,P0122,1.0,3.02
2025-10-27,P0123,1.0,3.62
2025-10-27,P0124,2.0,4.74
2025-10-27,P0127,4.0,6.08
2025-10-27,P0128,2.0,2.92
2025-10-28,P0003,2.0,5.96
2025-10-28,P0004,1.0,3.08
2025-10-28,P0006,2.0,0.78
2025-10-28,P0007,1.0,2.07
2025-10-28,P0013,1.0,2.78
2025-10-28,P0024,1.0,2.05
2025-10-28,P0025,5.0,15.45
2025-10-28,P0027,2.0,2.58
2025-10-28,P0028,6.0,14.52
2025-10-28,P0029,1.0,3.8
2025-10-28,P0030,1.0,2.14
2025-10-28,P0031,1.0,0.93
2025-10-28,P0034,1.0,9.5
2025-10-28,P0035,2.0,24.76
2025-10-28,P0036,2.0,18.38
2025-10-28,P0037,3.0,14.28
2025-10-28,P0038,2.0,9.9
2025-10-28,P0042,1.0,14.27
2025-10-28,P0043,1.0,8.55
2025-10-28,P0045,2.0,26.22
2025-10-28,P0047,2.0,14.04
2025-10-28,P0048,1.0,4.08
2025-10-28,P0050,1.0,0.68
2025-10-28,P0051,4.0,15.2
2025-10-28,P0052,1.0,0.59
2025-10-28,P0056,3.0,12.24
2025-10-28,P0057,2.0,6.94
2025-10-28,P0061,1.0,2.31
2025-10-28,P0063,3.0,7.38
2025-10-28,P0064,3.0,12.72
2025-10-28,P0065,2.0,6.08
2025-10-28,P0066,1.0,4.86
2025-10-28,P0067,1.0,1.0
2025-10-28,P0070,1.0,1.65
2025-10-28,P0072,2.0,3.98
2025-10-28,P0073,2.0,7.98
2025-10-28,P0075,1.0,5.42
2025-10-28,P0076,1.0,1.98
2025-10-28,P0077,2.0,1.02
2025-10-28,P0078,6.0,6.84
2025-10-28,P0079,1.0,5.17
2025-10-28,P0081,6.0,32.52
2025-10-28,P0084,1.0,2.24
2025-10-28,P0086,1.0,3.25
2025-10-28,P0090,1.0,3.69
2025-10-28,P0091,5.0,17.15
2025-10-28,P0094,1.0,0.72
2025-10-28,P0095,2.0,7.2
2025-10-28,P0097,3.0,3.36
2025-10-28,P0098,1.0,0.45
2025-10-28,P0101,1.0,0.18
2025-10-28,P0104,1.0,3.05
2025-10-28,P0105,6.0,8.76
2025-10-28,P0106,1.0,1.13
2025-10-28,P0110,3.0,11.73
2025-10-28,P0112,1.0,3.9
2025-10-28,P0113,2.0,6.7
2025-10-28,P0117,1.0,5.4
2025-10-28,P0122,1.0,3.02
2025-10-28,P0124,2.0,4.74
2025-10-28,P0125,1.0,4.5
2025-10-28,P0127,3.0,4.56
2025-10-28,P0128,2.0,2.92
2025-10-29,P0001,2.0,4.86
2025-10-29,P0003,2.0,5.96
2025-10-29,P0004,1.0,3.08
2025-10-29,P0014,1.0,2.05
2025-10-29,P0015,1.0,1.5
2025-10-29,P0018,1.0,0.52
2025-10-29,P0023,2.0,5.74
2025-10-29,P0025,6.0,18.54
2025-10-29,P0026,2.0,2.78
2025-10-29,P0028,4.0,9.68
2025-10-29,P0029,2.0,7.6
2025-10-29,P0031,2.0,1.86
2025-10-29,P0032,1.0,1.03
2025-10-29,P0033,1.0,2.95
2025-10-29,P0035,3.0,37.14
2025-10-29,P0040,2.0,21.1
2025-10-29,P0047,3.0,21.06
2025-10-29,P0049,1.0,1.85
2025-10-29,P0050,3.0,2.04
2025-10-29,P0051,4.0,15.2
2025-10-29,P0052,2.0,1.18
2025-10-29,P0055,2.0,2.54
2025-10-29,P0056,2.0,8.16
2025-10-29,P0057,3.0,10.41
2025-10-29,P0061,2.0,4.62
2025-10-29,P0063,4.0,9.84
2025-10-29,P0064,6.0,25.44
2025-10-29,P0065,3.0,9.12
2025-10-29,P0066,2.0,9.72
2025-10-29,P0067,3.0,3.0
2025-10-29,P0068,1.0,3.83
2025-10-29,P0070,1.0,1.65
2025-10-29,P0071,1.0,2.94
2025-10-29,P0073,3.0,11.97
2025-10-29,P0074,2.0,1.98
2025-10-29,P0075,1.0,5.42
2025-10-29,P0076,1.0,1.98
2025-10-29,P0078,6.0,6.84
2025-10-29,P0079,1.0,5.17
2025-10-29,P0080,1.0,2.0
2025-10-29,P0081,6.0,32.52
2025-10-29,P0082,1.0,4.31
2025-10-29,P0084,2.0,4.48
2025-10-29,P0085,1.0,1.47
2025-10-29,P0086,1.0,3.25
2025-10-29,P0088,1.0,1.83
2025-10-29,P0091,6.0,20.58
2025-10-29,P0094,1.0,0.72
2025-10-29,P0095,1.0,3.6
2025-10-29,P0097,1.0,1.12
2025-10-29,P0100,1.0,0.23
2025-10-29,P0101,1.0,0.18
2025-10-29,P0104,1.0,3.05
2025-10-29,P0105,6.0,8.76
2025-10-29,P0109,1.0,1.89
2025-10-29,P0110,2.0,7.82
2025-10-29,P0112,2.0,7.8
2025-10-29,P0113,1.0,3.35
2025-10-29,P0116,1.0,2.18
2025-10-29,P0117,1.0,5.4
2025-10-29,P0118,1.0,4.49
2025-10-29,P0121,3.0,28.32
2025-10-29,P0122,2.0,6.04
2025-10-29,P0123,1.0,3.62
2025-10-29,P0124,1.0,2.37
2025-10-30,P0001,1.0,2.43
2025-10-30,P0003,3.0,8.94
2025-10-30,P0012,1.0,2.46
2025-10-30,P0014,2.0,4.1
2025-10-30,P0016,1.0,1.66
2025-10-30,P0017,1.0,3.18
2025-10-30,P0020,2.0,2.9
2025-10-30,P0021,1.0,0.52
2025-10-30,P0024,1.0,2.05
2025-10-30,P0025,5.0,15.45
2025-10-30,P0026,2.0,2.78
2025-10-30,P0027,3.0,3.87
2025-10-30,P0028,6.0,14.52
2025-10-30,P0029,3.0,11.4
2025-10-30,P0031,2.0,1.86
2025-10-30,P0032,2.0,2.06
2025-10-30,P0033,1.0,2.95
2025-10-30,P0034,2.0,19.0
2025-10-30,P0035,2.0,24.76
2025-10-30,P0037,1.0,4.76
2025-10-30,P0038,1.0,4.95
2025-10-30,P0040,2.0,21.1
2025-10-30,P0041,1.0,9.61
2025-10-30,P0042,2.0,28.54
2025-10-30,P0044,1.0,11.65
2025-10-30,P0047,1.0,7.02
2025-10-30,P0049,2.0,3.7
2025-10-30,P0050,1.0,0.68
2025-10-30,P0051,3.0,11.4
2025-10-30,P0052,3.0,1.77
2025-10-30,P0053,1.0,1.13
2025-10-30,P0055,1.0,1.27
2025-10-30,P0056,1.0,4.08
2025-10-30,P0057,3.0,10.41
2025-10-30,P0058,1.0,3.5
2025-10-30,P0061,2.0,4.62
2025-10-30,P0063,4.0,9.84
2025-10-30,P0064,4.0,16.96
2025-10-30,P0065,2.0,6.08
2025-10-30,P0066,3.0,14.58
2025-10-30,P0067,3.0,3.0
2025-10-30,P0068,1.0,3.83
2025-10-30,P0070,1.0,1.65
2025-10-30,P0072,1.0,1.99
2025-10-30,P0078,6.0,6.84
2025-10-30,P0081,6.0,32.52
2025-10-30,P0082,1.0,4.31
2025-10-30,P0084,3.0,6.72
2025-10-30,P0086,1.0,3.25
2025-10-30,P0089,1.0,0.68
2025-10-30,P0091,6.0,20.58
2025-10-30,P0093,1.0,3.5
2025-10-30,P0094,1.0,0.72
2025-10-30,P0097,2.0,2.24
2025-10-30,P0098,1.0,0.45
2025-10-30,P0101,1.0,0.18
2025-10-30,P0104,3.0,9.15
2025-10-30,P0105,6.0,8.76
2025-10-30,P0106,2.0,2.26
2025-10-30,P0108,1.0,2.16
2025-10-30,P0110,1.0,3.91
2025-10-30,P0112,3.0,11.7
2025-10-30,P0114,2.0,3.7
2025-10-30,P0116,1.0,2.18
2025-10-30,P0117,1.0,5.4
2025-10-30,P0120,1.0,8.84
2025-10-30,P0121,2.0,18.88
2025-10-30,P0122,1.0,3.02
2025-10-30,P0124,1.0,2.37
2025-10-30,P0126,1.0,2.19
2025-10-30,P0127,2.0,3.04
2025-10-30,P0128,1.0,1.46
2025-10-31,P0001,4.0,9.72
2025-10-31,P0004,1.0,3.08
2025-10-31,P0006,1.0,0.39
2025-10-31,P0012,1.0,2.46
2025-10-31,P0014,1.0,2.05
2025-10-31,P0015,2.0,3.0
2025-10-31,P0016,2.0,3.32
2025-10-31,P0021,1.0,0.52
2025-10-31,P0022,1.0,2.67
2025-10-31,P0023,1.0,2.87
2025-10-31,P0025,6.0,18.54
2025-10-31,P0027,1.0,1.29
2025-10-31,P0028,6.0,14.52
2025-10-31,P0029,1.0,3.8
2025-10-31,P0030,2.0,4.28
2025-10-31,P0031,2.0,1.86
2025-10-31,P0032,2.0,2.06
2025-10-31,P0035,2.0,24.76
2025-10-31,P0038,1.0,4.95
2025-10-31,P0039,1.0,9.08
2025-10-31,P0045,1.0,13.11
2025-10-31,P0047,1.0,7.02
2025-10-31,P0049,2.0,3.7
2025-10-31,P0050,2.0,1.36
2025-10-31,P0051,4.0,15.2
2025-10-31,P0052,1.0,0.59
2025-10-31,P0053,1.0,1.13
2025-10-31,P0055,2.0,2.54
2025-10-31,P0056,4.0,16.32
2025-10-31,P0057,2.0,6.94
2025-10-31,P0058,1.0,3.5
2025-10-31,P0059,1.0,0.59
2025-10-31,P0061,3.0,6.93
2025-10-31,P0063,4.0,9.84
2025-10-31,P0064,5.0,21.2
2025-10-31,P0065,1.0,3.04
2025-10-31,P0066,3.0,14.58
2025-10-31,P0067,5.0,5.0
2025-10-31,P0070,1.0,1.65
2025-10-31,P0072,3.0,5.97
2025-10-31,P0073,2.0,7.98
2025-10-31,P0074,1.0,0.99
2025-10-31,P0077,1.0,0.51
2025-10-31,P0078,6.0,6.84
2025-10-31,P0081,6.0,32.52
2025-10-31,P0084,2.0,4.48
2025-10-31,P0088,2.0,3.66
2025-10-31,P0089,1.0,0.68
2025-10-31,P0090,1.0,3.69
2025-10-31,P0091,6.0,20.58
2025-10-31,P0093,1.0,3.5
2025-10-31,P0094,2.0,1.44
2025-10-31,P0095,1.0,3.6
2025-10-31,P0097,4.0,4.48
2025-10-31,P0100,1.0,0.23
2025-10-31,P0101,3.0,0.54
2025-10-31,P0103,1.0,2.37
2025-10-31,P0104,1.0,3.05
2025-10-31,P0105,6.0,8.76
2025-10-31,P0110,3.0,11.73
2025-10-31,P0112,2.0,7.8
2025-10-31,P0113,1.0,3.35
2025-10-31,P0114,1.0,1.85
2025-10-31,P0115,1.0,1.96
2025-10-31,P0116,1.0,2.18
2025-10-31,P0120,1.0,8.84
2025-10-31,P0121,4.0,37.76
2025-10-31,P0122,2.0,6.04
2025-10-31,P0123,1.0,3.62
2025-10-31,P0124,2.0,4.74
2025-10-31,P0127,2.0,3.04
2025-10-31,P0128,2.0,2.92
2025-11-01,P0001,1.0,2.43
2025-11-01,P0003,2.0,5.96
2025-11-01,P0004,2.0,6.16
2025-11-01,P0008,1.0,1.84
2025-11-01,P0012,1.0,2.46
2025-11-01,P0014,3.0,6.15
2025-11-01,P0015,3.0,4.5
2025-11-01,P0019,1.0,0.19
2025-11-01,P0020,3.0,4.35
2025-11-01,P0023,2.0,5.74
2025-11-01,P0024,1.0,2.05
2025-11-01,P0025,6.0,18.54
2025-11-01,P0026,3.0,4.17
2025-11-01,P0027,3.0,3.87
2025-11-01,P0028,6.0,14.52
2025-11-01,P0029,4.0,15.2
2025-11-01,P0030,1.0,2.14
2025-11-01,P0031,2.0,1.86
2025-11-01,P0032,1.0,1.03
2025-11-01,P0034,2.0,19.0
2025-11-01,P0036,1.0,9.19
2025-11-01,P0038,1.0,4.95
2025-11-01,P0042,1.0,14.27
2025-11-01,P0045,1.0,13.11
2025-11-01,P0047,1.0,7.02
2025-11-01,P0048,1.0,4.08
2025-11-01,P0049,1.0,1.85
2025-11-01,P0050,1.0,0.68
2025-11-01,P0051,3.0,11.4
2025-11-01,P0052,3.0,1.77
2025-11-01,P0055,2.0,2.54
2025-11-01,P0056,2.0,8.16
2025-11-01,P0057,4.0,13.88
2025-11-01,P0058,2.0,7.0
2025-11-01,P0059,2.0,1.18
2025-11-01,P0061,1.0,2.31
2025-11-01,P0062,1.0,2.69
2025-11-01,P0063,5.0,12.3
2025-11-01,P0064,6.0,25.44
2025-11-01,P0065,5.0,15.2
2025-11-01,P0066,3.0,14.58
2025-11-01,P0067,5.0,5.0
2025-11-01,P0068,1.0,3.83
2025-11-01,P0070,4.0,6.6
2025-11-01,P0073,1.0,3.99
2025-11-01,P0076,1.0,1.98
2025-11-01,P0078,6.0,6.84
2025-11-01,P0079,1.0,5.17
2025-11-01,P0080,2.0,4.0
2025-11-01,P0081,6.0,32.52
2025-11-01,P0082,1.0,4.31
2025-11-01,P0084,3.0,6.72
2025-11-01,P0086,1.0,3.25
2025-11-01,P0087,1.0,1.17
2025-11-01,P0088,2.0,3.66
2025-11-01,P0090,1.0,3.69
2025-11-01,P0091,6.0,20.58
2025-11-01,P0093,2.0,7.0
2025-11-01,P0094,4.0,2.88
2025-11-01,P0095,3.0,10.8
2025-11-01,P0096,5.0,15.25
2025-11-01,P0097,3.0,3.36
2025-11-01,P0099,1.0,0.24
2025-11-01,P0101,1.0,0.18
2025-11-01,P0102,1.0,1.18
2025-11-01,P0103,1.0,2.37
2025-11-01,P0104,3.0,9.15
2025-11-01,P0105,6.0,8.76
2025-11-01,P0109,3.0,5.67
2025-11-01,P0110,3.0,11.73
2025-11-01,P0111,1.0,3.7
2025-11-01,P0112,3.0,11.7
2025-11-01,P0113,1.0,3.35
2025-11-01,P0114,2.0,3.7
2025-11-01,P0117,2.0,10.8
2025-11-01,P0120,2.0,17.68
2025-11-01,P0121,1.0,9.44
2025-11-01,P0122,3.0,9.06
2025-11-01,P0123,2.0,7.24
2025-11-01,P0124,3.0,7.11
2025-11-01,P0125,1.0,4.5
2025-11-01,P0126,1.0,2.19
2025-11-01,P0127,3.0,4.56
2025-11-01,P0128,5.0,7.3
2025-11-02,P0001,1.0,2.43
2025-11-02,P0003,1.0,2.98
2025-11-02,P0011,2.0,5.24
2025-11-02,P0012,1.0,2.46
2025-11-02,P0014,1.0,2.05
2025-11-02,P0017,1.0,3.18
2025-11-02,P0019,1.0,0.19
2025-11-02,P0023,2.0,5.74
2025-11-02,P0025,6.0,18.54
2025-11-02,P0026,2.0,2.78
2025-11-02,P0027,3.0,3.87
2025-11-02,P0028,5.0,12.1
2025-11-02,P0029,3.0,11.4
2025-11-02,P0030,1.0,2.14
2025-11-02,P0031,1.0,0.93
2025-11-02,P0032,2.0,2.06
2025-11-02,P0035,1.0,12.38
2025-11-02,P0037,2.0,9.52
2025-11-02,P0045,1.0,13.11
2025-11-02,P0046,2.0,15.36
2025-11-02,P0048,4.0,16.32
2025-11-02,P0049,2.0,3.7
2025-11-02,P0050,1.0,0.68
2025-11-02,P0051,5.0,19.0
2025-11-02,P0052,3.0,1.77
2025-11-02,P0054,1.0,1.06
2025-11-02,P0055,1.0,1.27
2025-11-02,P0056,3.0,12.24
2025-11-02,P0057,2.0,6.94
2025-11-02,P0058,1.0,3.5
2025-11-02,P0059,1.0,0.59
2025-11-02,P0061,2.0,4.62
2025-11-02,P0063,3.0,7.38
2025-11-02,P0064,6.0,25.44
2025-11-02,P0065,3.0,9.12
2025-11-02,P0066,4.0,19.44
2025-11-02,P0067,3.0,3.0
2025-11-02,P0069,1.0,4.67
2025-11-02,P0073,1.0,3.99
2025-11-02,P0077,1.0,0.51
2025-11-02,P0078,6.0,6.84
2025-11-02,P0079,1.0,5.17
2025-11-02,P0080,1.0,2.0
2025-11-02,P0081,6.0,32.52
2025-11-02,P0082,2.0,8.62
2025-11-02,P0084,1.0,2.24
2025-11-02,P0089,1.0,0.68
2025-11-02,P0090,1.0,3.69
2025-11-02,P0091,6.0,20.58
2025-11-02,P0095,1.0,3.6
2025-11-02,P0097,1.0,1.12
2025-11-02,P0098,1.0,0.45
2025-11-02,P0101,4.0,0.72
2025-11-02,P0103,1.0,2.37
2025-11-02,P0104,3.0,9.15
2025-11-02,P0105,6.0,8.76
2025-11-02,P0109,1.0,1.89
2025-11-02,P0110,4.0,15.64
2025-11-02,P0112,1.0,3.9
2025-11-02,P0113,1.0,3.35
2025-11-02,P0115,1.0,1.96
2025-11-02,P0116,1.0,2.18
2025-11-02,P0117,2.0,10.8
2025-11-02,P0119,1.0,3.32
2025-11-02,P0121,2.0,18.88
2025-11-02,P0122,3.0,9.06
2025-11-02,P0124,1.0,2.37
2025-11-02,P0127,3.0,4.56
2025-11-02,P0128,3.0,4.38
2025-11-03,P0001,1.0,2.43
2025-11-03,P0003,1.0,2.98
2025-11-03,P0004,1.0,3.08
2025-11-03,P0005,1.0,2.03
2025-11-03,P0010,1.0,2.57
2025-11-03,P0014,1.0,2.05
2025-11-03,P0015,1.0,1.5
2025-11-03,P0023,1.0,2.87
2025-11-03,P0025,5.0,15.45
2025-11-03,P0026,1.0,1.39
2025-11-03,P0027,3.0,3.87
2025-11-03,P0028,6.0,14.52
2025-11-03,P0029,1.0,3.8
2025-11-03,P0030,1.0,2.14
2025-11-03,P0031,3.0,2.79
2025-11-03,P0032,1.0,1.03
2025-11-03,P0035,1.0,12.38
2025-11-03,P0037,1.0,4.76
2025-11-03,P0038,2.0,9.9
2025-11-03,P0040,1.0,10.55
2025-11-03,P0047,1.0,7.02
2025-11-03,P0048,2.0,8.16
2025-11-03,P0051,1.0,3.8
2025-11-03,P0052,1.0,0.59
2025-11-03,P0055,3.0,3.81
2025-11-03,P0056,1.0,4.08
2025-11-03,P0057,2.0,6.94
2025-11-03,P0058,2.0,7.0
2025-11-03,P0061,2.0,4.62
2025-11-03,P0063,3.0,7.38
2025-11-03,P0064,4.0,16.96
2025-11-03,P0065,2.0,6.08
2025-11-03,P0066,1.0,4.86
2025-11-03,P0067,3.0,3.0
2025-11-03,P0068,1.0,3.83
2025-11-03,P0069,1.0,4.67
2025-11-03,P0072,1.0,1.99
2025-11-03,P0073,1.0,3.99
2025-11-03,P0075,1.0,5.42
2025-11-03,P0078,6.0,6.84
2025-11-03,P0080,1.0,2.0
2025-11-03,P0081,6.0,32.52
2025-11-03,P0082,1.0,4.31
2025-11-03,P0084,2.0,4.48
2025-11-03,P0086,1.0,3.25
2025-11-03,P0091,6.0,20.58
2025-11-03,P0096,1.0,3.05
2025-11-03,P0097,4.0,4.48
2025-11-03,P0100,1.0,0.23
2025-11-03,P0103,1.0,2.37
2025-11-03,P0104,1.0,3.05
2025-11-03,P0105,6.0,8.76
2025-11-03,P0107,1.0,3.48
2025-11-03,P0110,3.0,11.73
2025-11-03,P0112,1.0,3.9
2025-11-03,P0113,1.0,3.35
2025-11-03,P0114,1.0,1.85
2025-11-03,P0115,1.0,1.96
2025-11-03,P0117,1.0,5.4
2025-11-03,P0118,1.0,4.49
2025-11-03,P0119,2.0,6.64
2025-11-03,P0121,3.0,28.32
2025-11-03,P0122,2.0,6.04
2025-11-03,P0123,4.0,14.48
2025-11-03,P0124,1.0,2.37
2025-11-03,P0125,2.0,9.0
2025-11-03,P0127,1.0,1.52
2025-11-04,P0001,4.0,9.72
2025-11-04,P0003,1.0,2.98
2025-11-04,P0004,1.0,3.08
2025-11-04,P0018,1.0,0.52
2025-11-04,P0020,1.0,1.45
2025-11-04,P0023,1.0,2.87
2025-11-04,P0024,1.0,2.05
2025-11-04,P0025,3.0,9.27
2025-11-04,P0027,1.0,1.29
2025-11-04,P0028,6.0,14.52
2025-11-04,P0029,1.0,3.8
2025-11-04,P0031,2.0,1.86
2025-11-04,P0035,2.0,24.76
2025-11-04,P0037,2.0,9.52
2025-11-04,P0041,1.0,9.61
2025-11-04,P0045,1.0,13.11
2025-11-04,P0046,1.0,7.68
2025-11-04,P0049,1.0,1.85
2025-11-04,P0050,1.0,0.68
2025-11-04,P0052,3.0,1.77
2025-11-04,P0056,3.0,12.24
2025-11-04,P0057,4.0,13.88
2025-11-04,P0058,1.0,3.5
2025-11-04,P0061,1.0,2.31
2025-11-04,P0062,1.0,2.69
2025-11-04,P0063,4.0,9.84
2025-11-04,P0064,2.0,8.48
2025-11-04,P0066,2.0,9.72
2025-11-04,P0067,3.0,3.0
2025-11-04,P0068,1.0,3.83
2025-11-04,P0069,2.0,9.34
2025-11-04,P0072,2.0,3.98
2025-11-04,P0076,1.0,1.98
2025-11-04,P0077,1.0,0.51
2025-11-04,P0078,6.0,6.84
2025-11-04,P0079,1.0,5.17
2025-11-04,P0081,6.0,32.52
2025-11-04,P0082,1.0,4.31
2025-11-04,P0084,3.0,6.72
2025-11-04,P0088,1.0,1.83
2025-11-04,P0090,1.0,3.69
2025-11-04,P0091,5.0,17.15
2025-11-04,P0094,1.0,0.72
2025-11-04,P0097,4.0,4.48
2025-11-04,P0098,1.0,0.45
2025-11-04,P0100,1.0,0.23
2025-11-04,P0101,2.0,0.36
2025-11-04,P0105,6.0,8.76
2025-11-04,P0108,1.0,2.16
2025-11-04,P0110,3.0,11.73
2025-11-04,P0112,1.0,3.9
2025-11-04,P0116,1.0,2.18
2025-11-04,P0119,2.0,6.64
2025-11-04,P0121,3.0,28.32
2025-11-04,P0124,2.0,4.74
2025-11-04,P0127,1.0,1.52
2025-11-04,P0128,3.0,4.38
2025-11-05,P0002,1.0,0.48
2025-11-05,P0005,2.0,4.06
2025-11-05,P0006,1.0,0.39
2025-11-05,P0007,1.0,2.07
2025-11-05,P0010,1.0,2.57
2025-11-05,P0012,1.0,2.46
2025-11-05,P0014,1.0,2.05
2025-11-05,P0021,1.0,0.52
2025-11-05,P0022,3.0,8.01
2025-11-05,P0023,1.0,2.87
2025-11-05,P0025,2.0,6.18
2025-11-05,P0026,2.0,2.78
2025-11-05,P0027,3.0,3.87
2025-11-05,P0028,5.0,12.1
2025-11-05,P0029,2.0,7.6
2025-11-05,P0035,4.0,49.52
2025-11-05,P0037,1.0,4.76
2025-11-05,P0038,1.0,4.95
2025-11-05,P0039,2.0,18.16
2025-11-05,P0045,1.0,13.11
2025-11-05,P0047,3.0,21.06
2025-11-05,P0049,3.0,5.55
2025-11-05,P0050,1.0,0.68
2025-11-05,P0051,3.0,11.4
2025-11-05,P0052,1.0,0.59
2025-11-05,P0055,2.0,2.54
2025-11-05,P0056,2.0,8.16
2025-11-05,P0057,2.0,6.94
2025-11-05,P0058,1.0,3.5
2025-11-05,P0059,1.0,0.59
2025-11-05,P0061,3.0,6.93
2025-11-05,P0063,3.0,7.38
2025-11-05,P0064,6.0,25.44
2025-11-05,P0065,2.0,6.08
2025-11-05,P0066,2.0,9.72
2025-11-05,P0067,4.0,4.0
2025-11-05,P0068,1.0,3.83
2025-11-05,P0070,1.0,1.65
2025-11-05,P0073,1.0,3.99
2025-11-05,P0076,1.0,1.98
2025-11-05,P0078,6.0,6.84
2025-11-05,P0079,1.0,5.17
2025-11-05,P0080,1.0,2.0
2025-11-05,P0081,6.0,32.52
2025-11-05,P0084,1.0,2.24
2025-11-05,P0087,1.0,1.17
2025-11-05,P0088,1.0,1.83
2025-11-05,P0091,6.0,20.58
2025-11-05,P0093,1.0,3.5
2025-11-05,P0094,1.0,0.72
2025-11-05,P0095,1.0,3.6
2025-11-05,P0097,2.0,2.24
2025-11-05,P0098,1.0,0.45
2025-11-05,P0101,1.0,0.18
2025-11-05,P0104,1.0,3.05
2025-11-05,P0105,6.0,8.76
2025-11-05,P0110,2.0,7.82
2025-11-05,P0112,1.0,3.9
2025-11-05,P0117,2.0,10.8
2025-11-05,P0118,2.0,8.98
2025-11-05,P0122,2.0,6.04
2025-11-05,P0123,1.0,3.62
2025-11-05,P0124,2.0,4.74
2025-11-05,P0125,1.0,4.5
2025-11-05,P0127,2.0,3.04
2025-11-05,P0128,2.0,2.92
2025-11-06,P0001,2.0,4.86
2025-11-06,P0003,2.0,5.96
2025-11-06,P0004,1.0,3.08
2025-11-06,P0005,1.0,2.03
2025-11-06,P0008,1.0,1.84
2025-11-06,P0011,1.0,2.62
2025-11-06,P0014,2.0,4.1
2025-11-06,P0019,1.0,0.19
2025-11-06,P0020,2.0,2.9
2025-11-06,P0022,1.0,2.67
2025-11-06,P0025,6.0,18.54
2025-11-06,P0026,2.0,2.78
2025-11-06,P0027,3.0,3.87
2025-11-06,P0028,5.0,12.1
2025-11-06,P0029,1.0,3.8
2025-11-06,P0031,2.0,1.86
2025-11-06,P0035,2.0,24.76
2025-11-06,P0037,2.0,9.52
2025-11-06,P0040,1.0,10.55
2025-11-06,P0045,1.0,13.11
2025-11-06,P0046,1.0,7.68
2025-11-06,P0049,3.0,5.55
2025-11-06,P0051,2.0,7.6
2025-11-06,P0052,1.0,0.59
2025-11-06,P0055,1.0,1.27
2025-11-06,P0056,2.0,8.16
2025-11-06,P0057,3.0,10.41
2025-11-06,P0058,1.0,3.5
2025-11-06,P0061,2.0,4.62
2025-11-06,P0063,2.0,4.92
2025-11-06,P0064,4.0,16.96
2025-11-06,P0065,2.0,6.08
2025-11-06,P0067,2.0,2.0
2025-11-06,P0069,1.0,4.67
2025-11-06,P0078,6.0,6.84
2025-11-06,P0079,1.0,5.17
2025-11-06,P0080,1.0,2.0
2025-11-06,P0081,6.0,32.52
2025-11-06,P0082,1.0,4.31
2025-11-06,P0084,1.0,2.24
2025-11-06,P0085,1.0,1.47
2025-11-06,P0088,1.0,1.83
2025-11-06,P0089,1.0,0.68
2025-11-06,P0090,1.0,3.69
2025-11-06,P0091,6.0,20.58
2025-11-06,P0096,1.0,3.05
2025-11-06,P0097,2.0,2.24
2025-11-06,P0098,1.0,0.45
2025-11-06,P0101,3.0,0.54
2025-11-06,P0104,2.0,6.1
2025-11-06,P0105,6.0,8.76
2025-11-06,P0106,1.0,1.13
2025-11-06,P0109,2.0,3.78
2025-11-06,P0110,4.0,15.64
2025-11-06,P0112,3.0,11.7
2025-11-06,P0116,1.0,2.18
2025-11-06,P0117,1.0,5.4
2025-11-06,P0118,1.0,4.49
2025-11-06,P0121,3.0,28.32
2025-11-06,P0122,2.0,6.04
2025-11-06,P0124,1.0,2.37
2025-11-06,P0127,1.0,1.52
2025-11-06,P0128,3.0,4.38
2025-11-07,P0001,2.0,4.86
2025-11-07,P0002,1.0,0.48
2025-11-07,P0003,1.0,2.98
2025-11-07,P0005,1.0,2.03
2025-11-07,P0006,1.0,0.39
2025-11-07,P0007,1.0,2.07
2025-11-07,P0010,1.0,2.57
2025-11-07,P0011,1.0,2.62
2025-11-07,P0012,1.0,2.46
2025-11-07,P0014,2.0,4.1
2025-11-07,P0015,1.0,1.5
2025-11-07,P0020,1.0,1.45
2025-11-07,P0023,2.0,5.74
2025-11-07,P0024,1.0,2.05
2025-11-07,P0025,6.0,18.54
2025-11-07,P0026,2.0,2.78
2025-11-07,P0027,2.0,2.58
2025-11-07,P0028,6.0,14.52
2025-11-07,P0029,2.0,7.6
2025-11-07,P0031,2.0,1.86
2025-11-07,P0032,1.0,1.03
2025-11-07,P0035,4.0,49.52
2025-11-07,P0038,1.0,4.95
2025-11-07,P0039,1.0,9.08
2025-11-07,P0041,1.0,9.61
2025-11-07,P0042,3.0,42.81
2025-11-07,P0045,2.0,26.22
2025-11-07,P0047,1.0,7.02
2025-11-07,P0048,4.0,16.32
2025-11-07,P0049,1.0,1.85
2025-11-07,P0051,4.0,15.2
2025-11-07,P0052,2.0,1.18
2025-11-07,P0053,2.0,2.26
2025-11-07,P0054,1.0,1.06
2025-11-07,P0056,2.0,8.16
2025-11-07,P0057,2.0,6.94
2025-11-07,P0058,2.0,7.0
2025-11-07,P0059,1.0,0.59
2025-11-07,P0060,1.0,4.1
2025-11-07,P0061,1.0,2.31
2025-11-07,P0062,2.0,5.38
2025-11-07,P0063,5.0,12.3
2025-11-07,P0064,6.0,25.44
2025-11-07,P0065,1.0,3.04
2025-11-07,P0066,3.0,14.58
2025-11-07,P0067,3.0,3.0
2025-11-07,P0068,1.0,3.83
2025-11-07,P0072,1.0,1.99
2025-11-07,P0075,1.0,5.42
2025-11-07,P0076,1.0,1.98
2025-11-07,P0077,1.0,0.51
2025-11-07,P0078,6.0,6.84
2025-11-07,P0080,1.0,2.0
2025-11-07,P0081,6.0,32.52
2025-11-07,P0082,1.0,4.31
2025-11-07,P0084,3.0,6.72
2025-11-07,P0089,2.0,1.36
2025-11-07,P0091,6.0,20.58
2025-11-07,P0093,2.0,7.0
2025-11-07,P0094,1.0,0.72
2025-11-07,P0095,3.0,10.8
2025-11-07,P0096,1.0,3.05
2025-11-07,P0097,2.0,2.24
2025-11-07,P0098,1.0,0.45
2025-11-07,P0101,1.0,0.18
2025-11-07,P0103,1.0,2.37
2025-11-07,P0104,4.0,12.2
2025-11-07,P0105,6.0,8.76
2025-11-07,P0109,1.0,1.89
2025-11-07,P0110,4.0,15.64
2025-11-07,P0112,3.0,11.7
2025-11-07,P0114,1.0,1.85
2025-11-07,P0117,2.0,10.8
2025-11-07,P0118,1.0,4.49
2025-11-07,P0119,2.0,6.64
2025-11-07,P0121,2.0,18.88
2025-11-07,P0122,4.0,12.08
2025-11-07,P0123,1.0,3.62
2025-11-07,P0124,1.0,2.37
2025-11-07,P0125,2.0,9.0
2025-11-07,P0127,2.0,3.04
2025-11-07,P0128,2.0,2.92
2025-11-08,P0001,3.0,7.29
2025-11-08,P0002,1.0,0.48
2025-11-08,P0003,1.0,2.98
2025-11-08,P0004,1.0,3.08
2025-11-08,P0006,1.0,0.39
2025-11-08,P0010,1.0,2.57
2025-11-08,P0011,1.0,2.62
2025-11-08,P0012,1.0,2.46
2025-11-08,P0014,1.0,2.05
2025-11-08,P0015,1.0,1.5
2025-11-08,P0016,2.0,3.32
2025-11-08,P0017,1.0,3.18
2025-11-08,P0020,1.0,1.45
2025-11-08,P0022,1.0,2.67
2025-11-08,P0023,4.0,11.48
2025-11-08,P0025,6.0,18.54
2025-11-08,P0026,4.0,5.56
2025-11-08,P0027,2.0,2.58
2025-11-08,P0028,6.0,14.52
2025-11-08,P0029,2.0,7.6
2025-11-08,P0031,1.0,0.93
2025-11-08,P0033,1.0,2.95
2025-11-08,P0034,1.0,9.5
2025-11-08,P0035,3.0,37.14
2025-11-08,P0037,2.0,9.52
2025-11-08,P0042,1.0,14.27
2025-11-08,P0045,1.0,13.11
2025-11-08,P0046,1.0,7.68
2025-11-08,P0047,2.0,14.04
2025-11-08,P0048,1.0,4.08
2025-11-08,P0049,1.0,1.85
2025-11-08,P0050,1.0,0.68
2025-11-08,P0051,5.0,19.0
2025-11-08,P0052,3.0,1.77
2025-11-08,P0055,2.0,2.54
2025-11-08,P0056,2.0,8.16
2025-11-08,P0057,3.0,10.41
2025-11-08,P0058,2.0,7.0
2025-11-08,P0059,1.0,0.59
2025-11-08,P0061,3.0,6.93
2025-11-08,P0063,6.0,14.76
2025-11-08,P0064,6.0,25.44
2025-11-08,P0065,2.0,6.08
2025-11-08,P0066,2.0,9.72
2025-11-08,P0067,3.0,3.0
2025-11-08,P0068,1.0,3.83
2025-11-08,P0072,2.0,3.98
2025-11-08,P0076,1.0,1.98
2025-11-08,P0078,6.0,6.84
2025-11-08,P0080,1.0,2.0
2025-11-08,P0081,6.0,32.52
2025-11-08,P0082,1.0,4.31
2025-11-08,P0084,2.0,4.48
2025-11-08,P0087,1.0,1.17
2025-11-08,P0091,6.0,20.58
2025-11-08,P0094,2.0,1.44
2025-11-08,P0096,2.0,6.1
2025-11-08,P0097,4.0,4.48
2025-11-08,P0098,1.0,0.45
2025-11-08,P0100,1.0,0.23
2025-11-08,P0101,2.0,0.36
2025-11-08,P0103,1.0,2.37
2025-11-08,P0104,2.0,6.1
2025-11-08,P0105,6.0,8.76
2025-11-08,P0106,1.0,1.13
2025-11-08,P0109,1.0,1.89
2025-11-08,P0110,3.0,11.73
2025-11-08,P0112,2.0,7.8
2025-11-08,P0113,1.0,3.35
2025-11-08,P0116,1.0,2.18
2025-11-08,P0117,1.0,5.4
2025-11-08,P0119,1.0,3.32
2025-11-08,P0121,2.0,18.88
2025-11-08,P0122,2.0,6.04
2025-11-08,P0123,2.0,7.24
2025-11-08,P0124,2.0,4.74
2025-11-08,P0125,2.0,9.0
2025-11-08,P0127,3.0,4.56
2025-11-08,P0128,3.0,4.38
2025-11-09,P0002,1.0,0.48
2025-11-09,P0004,1.0,3.08
2025-11-09,P0006,2.0,0.78
2025-11-09,P0010,2.0,5.14
2025-11-09,P0014,2.0,4.1
2025-11-09,P0015,2.0,3.0
2025-11-09,P0020,1.0,1.45
2025-11-09,P0022,1.0,2.67
2025-11-09,P0025,5.0,15.45
2025-11-09,P0026,1.0,1.39
2025-11-09,P0027,4.0,5.16
2025-11-09,P0028,6.0,14.52
2025-11-09,P0031,1.0,0.93
2025-11-09,P0032,2.0,2.06
2025-11-09,P0033,2.0,5.9
2025-11-09,P0035,1.0,12.38
2025-11-09,P0037,1.0,4.76
2025-11-09,P0038,1.0,4.95
2025-11-09,P0039,2.0,18.16
2025-11-09,P0045,1.0,13.11
2025-11-09,P0048,2.0,8.16
2025-11-09,P0049,2.0,3.7
2025-11-09,P0050,2.0,1.36
2025-11-09,P0051,3.0,11.4
2025-11-09,P0052,3.0,1.77
2025-11-09,P0055,3.0,3.81
2025-11-09,P0056,2.0,8.16
2025-11-09,P0057,2.0,6.94
2025-11-09,P0058,2.0,7.0
2025-11-09,P0059,1.0,0.59
2025-11-09,P0061,1.0,2.31
2025-11-09,P0063,2.0,4.92
2025-11-09,P0064,6.0,25.44
2025-11-09,P0066,1.0,4.86
2025-11-09,P0067,4.0,4.0
2025-11-09,P0072,1.0,1.99
2025-11-09,P0073,1.0,3.99
2025-11-09,P0075,1.0,5.42
2025-11-09,P0076,2.0,3.96
2025-11-09,P0077,1.0,0.51
2025-11-09,P0078,6.0,6.84
2025-11-09,P0081,6.0,32.52
2025-11-09,P0083,1.0,1.26
2025-11-09,P0084,2.0,4.48
2025-11-09,P0086,1.0,3.25
2025-11-09,P0088,1.0,1.83
2025-11-09,P0089,1.0,0.68
2025-11-09,P0091,6.0,20.58
2025-11-09,P0094,2.0,1.44
2025-11-09,P0097,3.0,3.36
2025-11-09,P0099,1.0,0.24
2025-11-09,P0101,1.0,0.18
2025-11-09,P0103,1.0,2.37
2025-11-09,P0104,4.0,12.2
2025-11-09,P0105,6.0,8.76
2025-11-09,P0108,1.0,2.16
2025-11-09,P0109,1.0,1.89
2025-11-09,P0110,3.0,11.73
2025-11-09,P0112,1.0,3.9
2025-11-09,P0113,1.0,3.35
2025-11-09,P0114,1.0,1.85
2025-11-09,P0118,1.0,4.49
2025-11-09,P0119,1.0,3.32
2025-11-09,P0121,3.0,28.32
2025-11-09,P0122,3.0,9.06
2025-11-09,P0123,1.0,3.62
2025-11-09,P0124,1.0,2.37
2025-11-09,P0125,1.0,4.5
2025-11-09,P0127,1.0,1.52
2025-11-09,P0128,2.0,2.92
2025-11-10,P0001,1.0,2.43
2025-11-10,P0004,2.0,6.16
2025-11-10,P0008,1.0,1.84
2025-11-10,P0010,1.0,2.57
2025-11-10,P0014,2.0,4.1
2025-11-10,P0018,1.0,0.52
2025-11-10,P0022,1.0,2.67
2025-11-10,P0025,5.0,15.45
2025-11-10,P0027,3.0,3.87
2025-11-10,P0028,5.0,12.1
2025-11-10,P0029,2.0,7.6
2025-11-10,P0031,1.0,0.93
2025-11-10,P0033,1.0,2.95
2025-11-10,P0035,2.0,24.76
2025-11-10,P0037,1.0,4.76
2025-11-10,P0047,1.0,7.02
2025-11-10,P0049,3.0,5.55
2025-11-10,P0051,3.0,11.4
2025-11-10,P0052,4.0,2.36
2025-11-10,P0055,1.0,1.27
2025-11-10,P0056,3.0,12.24
2025-11-10,P0057,4.0,13.88
2025-11-10,P0058,1.0,3.5
2025-11-10,P0059,1.0,0.59
2025-11-10,P0060,1.0,4.1
2025-11-10,P0061,1.0,2.31
2025-11-10,P0063,5.0,12.3
2025-11-10,P0064,4.0,16.96
2025-11-10,P0065,1.0,3.04
2025-11-10,P0066,2.0,9.72
2025-11-10,P0067,2.0,2.0
2025-11-10,P0069,1.0,4.67
2025-11-10,P0073,1.0,3.99
2025-11-10,P0078,6.0,6.84
2025-11-10,P0080,2.0,4.0
2025-11-10,P0081,6.0,32.52
2025-11-10,P0084,1.0,2.24
2025-11-10,P0085,1.0,1.47
2025-11-10,P0086,2.0,6.5
2025-11-10,P0091,5.0,17.15
2025-11-10,P0094,1.0,0.72
2025-11-10,P0097,2.0,2.24
2025-11-10,P0098,1.0,0.45
2025-11-10,P0101,1.0,0.18
2025-11-10,P0103,3.0,7.11
2025-11-10,P0104,4.0,12.2
2025-11-10,P0105,6.0,8.76
2025-11-10,P0106,2.0,2.26
2025-11-10,P0108,1.0,2.16
2025-11-10,P0110,4.0,15.64
2025-11-10,P0112,1.0,3.9
2025-11-10,P0115,1.0,1.96
2025-11-10,P0117,1.0,5.4
2025-11-10,P0121,1.0,9.44
2025-11-10,P0122,3.0,9.06
2025-11-10,P0123,1.0,3.62
2025-11-10,P0124,2.0,4.74
2025-11-10,P0127,3.0,4.56
2025-11-10,P0128,2.0,2.92
2025-11-11,P0001,1.0,2.43
2025-11-11,P0005,2.0,4.06
2025-11-11,P0011,1.0,2.62
2025-11-11,P0014,2.0,4.1
2025-11-11,P0015,3.0,4.5
2025-11-11,P0016,1.0,1.66
2025-11-11,P0017,1.0,3.18
2025-11-11,P0018,2.0,1.04
2025-11-11,P0020,1.0,1.45
2025-11-11,P0021,1.0,0.52
2025-11-11,P0025,4.0,12.36
2025-11-11,P0026,2.0,2.78
2025-11-11,P0027,1.0,1.29
2025-11-11,P0028,6.0,14.52
2025-11-11,P0029,1.0,3.8
2025-11-11,P0032,3.0,3.09
2025-11-11,P0035,2.0,24.76
2025-11-11,P0038,2.0,9.9
2025-11-11,P0039,1.0,9.08
2025-11-11,P0042,1.0,14.27
2025-11-11,P0043,1.0,8.55
2025-11-11,P0047,1.0,7.02
2025-11-11,P0048,1.0,4.08
2025-11-11,P0049,1.0,1.85
2025-11-11,P0050,1.0,0.68
2025-11-11,P0051,3.0,11.4
2025-11-11,P0052,3.0,1.77
2025-11-11,P0053,1.0,1.13
2025-11-11,P0055,1.0,1.27
2025-11-11,P0056,3.0,12.24
2025-11-11,P0057,2.0,6.94
2025-11-11,P0058,2.0,7.0
2025-11-11,P0060,1.0,4.1
2025-11-11,P0063,3.0,7.38
2025-11-11,P0064,4.0,16.96
2025-11-11,P0065,2.0,6.08
2025-11-11,P0066,4.0,19.44
2025-11-11,P0067,1.0,1.0
2025-11-11,P0071,1.0,2.94
2025-11-11,P0075,1.0,5.42
2025-11-11,P0077,1.0,0.51
2025-11-11,P0078,6.0,6.84
2025-11-11,P0080,2.0,4.0
2025-11-11,P0081,6.0,32.52
2025-11-11,P0085,1.0,1.47
2025-11-11,P0090,1.0,3.69
2025-11-11,P0091,6.0,20.58
2025-11-11,P0094,1.0,0.72
2025-11-11,P0097,2.0,2.24
2025-11-11,P0099,1.0,0.24
2025-11-11,P0100,1.0,0.23
2025-11-11,P0101,1.0,0.18
2025-11-11,P0103,1.0,2.37
2025-11-11,P0105,6.0,8.76
2025-11-11,P0107,1.0,3.48
2025-11-11,P0110,2.0,7.82
2025-11-11,P0115,1.0,1.96
2025-11-11,P0117,2.0,10.8
2025-11-11,P0118,1.0,4.49
2025-11-11,P0119,1.0,3.32
2025-11-11,P0121,2.0,18.88
2025-11-11,P0122,2.0,6.04
2025-11-11,P0124,1.0,2.37
2025-11-11,P0127,1.0,1.52
2025-11-11,P0128,3.0,4.38
2025-11-12,P0001,1.0,2.43
2025-11-12,P0006,2.0,0.78
2025-11-12,P0010,1.0,2.57
2025-11-12,P0014,1.0,2.05
2025-11-12,P0019,1.0,0.19
2025-11-12,P0020,2.0,2.9
2025-11-12,P0023,1.0,2.87
2025-11-12,P0024,1.0,2.05
2025-11-12,P0025,4.0,12.36
2025-11-12,P0026,3.0,4.17
2025-11-12,P0027,2.0,2.58
2025-11-12,P0028,5.0,12.1
2025-11-12,P0029,2.0,7.6
2025-11-12,P0031,2.0,1.86
2025-11-12,P0033,1.0,2.95
2025-11-12,P0035,1.0,12.38
2025-11-12,P0038,2.0,9.9
2025-11-12,P0044,1.0,11.65
2025-11-12,P0045,1.0,13.11
2025-11-12,P0047,1.0,7.02
2025-11-12,P0048,2.0,8.16
2025-11-12,P0050,3.0,2.04
2025-11-12,P0051,3.0,11.4
2025-11-12,P0052,1.0,0.59
2025-11-12,P0055,1.0,1.27
2025-11-12,P0056,2.0,8.16
2025-11-12,P0057,2.0,6.94
2025-11-12,P0060,1.0,4.1
2025-11-12,P0061,2.0,4.62
2025-11-12,P0062,1.0,2.69
2025-11-12,P0063,3.0,7.38
2025-11-12,P0064,4.0,16.96
2025-11-12,P0065,1.0,3.04
2025-11-12,P0066,1.0,4.86
2025-11-12,P0067,4.0,4.0
2025-11-12,P0070,1.0,1.65
2025-11-12,P0072,1.0,1.99
2025-11-12,P0073,1.0,3.99
2025-11-12,P0077,1.0,0.51
2025-11-12,P0078,6.0,6.84
2025-11-12,P0080,1.0,2.0
2025-11-12,P0081,6.0,32.52
2025-11-12,P0083,1.0,1.26
2025-11-12,P0084,3.0,6.72
2025-11-12,P0086,1.0,3.25
2025-11-12,P0089,1.0,0.68
2025-11-12,P0091,6.0,20.58
2025-11-12,P0093,1.0,3.5
2025-11-12,P0094,3.0,2.16
2025-11-12,P0095,3.0,10.8
2025-11-12,P0097,2.0,2.24
2025-11-12,P0098,1.0,0.45
2025-11-12,P0101,1.0,0.18
2025-11-12,P0103,2.0,4.74
2025-11-12,P0104,4.0,12.2
2025-11-12,P0105,6.0,8.76
2025-11-12,P0110,2.0,7.82
2025-11-12,P0111,1.0,3.7
2025-11-12,P0112,1.0,3.9
2025-11-12,P0113,1.0,3.35
2025-11-12,P0114,1.0,1.85
2025-11-12,P0116,1.0,2.18
2025-11-12,P0117,1.0,5.4
2025-11-12,P0119,1.0,3.32
2025-11-12,P0121,2.0,18.88
2025-11-12,P0122,1.0,3.02
2025-11-12,P0123,3.0,10.86
2025-11-12,P0124,1.0,2.37
2025-11-12,P0125,1.0,4.5
2025-11-12,P0127,3.0,4.56
2025-11-12,P0128,2.0,2.92
2025-11-13,P0002,1.0,0.48
2025-11-13,P0004,2.0,6.16
2025-11-13,P0015,1.0,1.5
2025-11-13,P0020,1.0,1.45
2025-11-13,P0021,1.0,0.52
2025-11-13,P0023,1.0,2.87
2025-11-13,P0025,5.0,15.45
2025-11-13,P0026,1.0,1.39
2025-11-13,P0027,3.0,3.87
2025-11-13,P0028,6.0,14.52
2025-11-13,P0029,2.0,7.6
2025-11-13,P0031,1.0,0.93
2025-11-13,P0033,2.0,5.9
2025-11-13,P0035,3.0,37.14
2025-11-13,P0037,3.0,14.28
2025-11-13,P0038,1.0,4.95
2025-11-13,P0041,1.0,9.61
2025-11-13,P0045,2.0,26.22
2025-11-13,P0047,1.0,7.02
2025-11-13,P0048,2.0,8.16
2025-11-13,P0049,1.0,1.85
2025-11-13,P0050,1.0,0.68
2025-11-13,P0051,2.0,7.6
2025-11-13,P0052,2.0,1.18
2025-11-13,P0053,1.0,1.13
2025-11-13,P0055,2.0,2.54
2025-11-13,P0056,2.0,8.16
2025-11-13,P0057,4.0,13.88
2025-11-13,P0058,1.0,3.5
2025-11-13,P0059,1.0,0.59
2025-11-13,P0063,5.0,12.3
2025-11-13,P0064,5.0,21.2
2025-11-13,P0065,2.0,6.08
2025-11-13,P0066,2.0,9.72
2025-11-13,P0067,1.0,1.0
2025-11-13,P0072,2.0,3.98
2025-11-13,P0073,1.0,3.99
2025-11-13,P0076,1.0,1.98
2025-11-13,P0078,6.0,6.84
2025-11-13,P0079,1.0,5.17
2025-11-13,P0080,1.0,2.0
2025-11-13,P0081,6.0,32.52
2025-11-13,P0083,1.0,1.26
2025-11-13,P0084,2.0,4.48
2025-11-13,P0087,1.0,1.17
2025-11-13,P0091,6.0,20.58
2025-11-13,P0093,1.0,3.5
2025-11-13,P0097,3.0,3.36
2025-11-13,P0101,1.0,0.18
2025-11-13,P0103,1.0,2.37
2025-11-13,P0104,2.0,6.1
2025-11-13,P0105,6.0,8.76
2025-11-13,P0106,1.0,1.13
2025-11-13,P0107,1.0,3.48
2025-11-13,P0110,2.0,7.82
2025-11-13,P0111,1.0,3.7
2025-11-13,P0112,1.0,3.9
2025-11-13,P0113,1.0,3.35
2025-11-13,P0114,1.0,1.85
2025-11-13,P0116,1.0,2.18
2025-11-13,P0117,3.0,16.2
2025-11-13,P0121,3.0,28.32
2025-11-13,P0122,4.0,12.08
2025-11-13,P0123,2.0,7.24
2025-11-13,P0124,2.0,4.74
2025-11-13,P0125,1.0,4.5
2025-11-13,P0127,2.0,3.04
2025-11-13,P0128,1.0,1.46
2025-11-14,P0001,4.0,9.72
2025-11-14,P0003,1.0,2.98
2025-11-14,P0006,1.0,0.39
2025-11-14,P0007,1.0,2.07
2025-11-14,P0012,1.0,2.46
2025-11-14,P0013,1.0,2.78
2025-11-14,P0014,3.0,6.15
2025-11-14,P0016,1.0,1.66
2025-11-14,P0018,1.0,0.52
2025-11-14,P0020,2.0,2.9
2025-11-14,P0022,2.0,5.34
2025-11-14,P0024,1.0,2.05
2025-11-14,P0025,6.0,18.54
2025-11-14,P0026,2.0,2.78
2025-11-14,P0027,2.0,2.58
2025-11-14,P0028,6.0,14.52
2025-11-14,P0030,1.0,2.14
2025-11-14,P0031,1.0,0.93
2025-11-14,P0032,2.0,2.06
2025-11-14,P0033,1.0,2.95
2025-11-14,P0035,2.0,24.76
2025-11-14,P0037,1.0,4.76
2025-11-14,P0038,1.0,4.95
2025-11-14,P0042,1.0,14.27
2025-11-14,P0045,3.0,39.33
2025-11-14,P0047,2.0,14.04
2025-11-14,P0048,2.0,8.16
2025-11-14,P0050,2.0,1.36
2025-11-14,P0051,3.0,11.4
2025-11-14,P0052,1.0,0.59
2025-11-14,P0054,1.0,1.06
2025-11-14,P0055,3.0,3.81
2025-11-14,P0056,1.0,4.08
2025-11-14,P0057,1.0,3.47
2025-11-14,P0058,1.0,3.5
2025-11-14,P0059,1.0,0.59
2025-11-14,P0061,2.0,4.62
2025-11-14,P0063,4.0,9.84
2025-11-14,P0064,6.0,25.44
2025-11-14,P0065,1.0,3.04
2025-11-14,P0066,2.0,9.72
2025-11-14,P0067,2.0,2.0
2025-11-14,P0068,1.0,3.83
2025-11-14,P0073,1.0,3.99
2025-11-14,P0076,1.0,1.98
2025-11-14,P0078,6.0,6.84
2025-11-14,P0079,2.0,10.34
2025-11-14,P0080,2.0,4.0
2025-11-14,P0081,6.0,32.52
2025-11-14,P0084,2.0,4.48
2025-11-14,P0089,1.0,0.68
2025-11-14,P0091,6.0,20.58
2025-11-14,P0094,4.0,2.88
2025-11-14,P0095,1.0,3.6
2025-11-14,P0096,1.0,3.05
2025-11-14,P0097,3.0,3.36
2025-11-14,P0100,1.0,0.23
2025-11-14,P0101,3.0,0.54
2025-11-14,P0103,1.0,2.37
2025-11-14,P0104,3.0,9.15
2025-11-14,P0105,6.0,8.76
2025-11-14,P0107,1.0,3.48
2025-11-14,P0108,1.0,2.16
2025-11-14,P0110,3.0,11.73
2025-11-14,P0111,1.0,3.7
2025-11-14,P0112,2.0,7.8
2025-11-14,P0114,1.0,1.85
2025-11-14,P0117,2.0,10.8
2025-11-14,P0119,1.0,3.32
2025-11-14,P0122,2.0,6.04
2025-11-14,P0123,1.0,3.62
2025-11-14,P0124,3.0,7.11
2025-11-14,P0125,1.0,4.5
2025-11-14,P0127,2.0,3.04
2025-11-14,P0128,1.0,1.46
2025-11-15,P0001,1.0,2.43
2025-11-15,P0003,1.0,2.98
2025-11-15,P0004,2.0,6.16
2025-11-15,P0005,1.0,2.03
2025-11-15,P0007,1.0,2.07
2025-11-15,P0014,3.0,6.15
2025-11-15,P0015,1.0,1.5
2025-11-15,P0020,3.0,4.35
2025-11-15,P0022,2.0,5.34
2025-11-15,P0023,1.0,2.87
2025-11-15,P0025,6.0,18.54
2025-11-15,P0026,2.0,2.78
2025-11-15,P0027,3.0,3.87
2025-11-15,P0028,6.0,14.52
2025-11-15,P0029,3.0,11.4
2025-11-15,P0030,1.0,2.14
2025-11-15,P0031,2.0,1.86
2025-11-15,P0032,1.0,1.03
2025-11-15,P0035,2.0,24.76
2025-11-15,P0037,1.0,4.76
2025-11-15,P0038,3.0,14.85
2025-11-15,P0039,2.0,18.16
2025-11-15,P0041,1.0,9.61
2025-11-15,P0042,2.0,28.54
2025-11-15,P0045,1.0,13.11
2025-11-15,P0047,1.0,7.02
2025-11-15,P0048,2.0,8.16
2025-11-15,P0049,1.0,1.85
2025-11-15,P0050,2.0,1.36
2025-11-15,P0051,3.0,11.4
2025-11-15,P0052,3.0,1.77
2025-11-15,P0053,1.0,1.13
2025-11-15,P0054,1.0,1.06
2025-11-15,P0055,1.0,1.27
2025-11-15,P0056,4.0,16.32
2025-11-15,P0057,4.0,13.88
2025-11-15,P0059,1.0,0.59
2025-11-15,P0061,3.0,6.93
2025-11-15,P0062,1.0,2.69
2025-11-15,P0063,4.0,9.84
2025-11-15,P0064,6.0,25.44
2025-11-15,P0065,5.0,15.2
2025-11-15,P0066,3.0,14.58
2025-11-15,P0067,1.0,1.0
2025-11-15,P0068,2.0,7.66
2025-11-15,P0070,3.0,4.95
2025-11-15,P0071,1.0,2.94
2025-11-15,P0072,1.0,1.99
2025-11-15,P0075,1.0,5.42
2025-11-15,P0076,1.0,1.98
2025-11-15,P0077,1.0,0.51
2025-11-15,P0078,6.0,6.84
2025-11-15,P0079,1.0,5.17
2025-11-15,P0080,2.0,4.0
2025-11-15,P0081,6.0,32.52
2025-11-15,P0084,2.0,4.48
2025-11-15,P0085,1.0,1.47
2025-11-15,P0086,1.0,3.25
2025-11-15,P0090,2.0,7.38
2025-11-15,P0091,6.0,20.58
2025-11-15,P0094,2.0,1.44
2025-11-15,P0095,2.0,7.2
2025-11-15,P0096,1.0,3.05
2025-11-15,P0097,4.0,4.48
2025-11-15,P0100,1.0,0.23
2025-11-15,P0101,5.0,0.9
2025-11-15,P0103,1.0,2.37
2025-11-15,P0104,4.0,12.2
2025-11-15,P0105,6.0,8.76
2025-11-15,P0109,1.0,1.89
2025-11-15,P0110,3.0,11.73
2025-11-15,P0112,2.0,7.8
2025-11-15,P0113,2.0,6.7
2025-11-15,P0117,3.0,16.2
2025-11-15,P0118,1.0,4.49
2025-11-15,P0120,2.0,17.68
2025-11-15,P0121,3.0,28.32
2025-11-15,P0122,2.0,6.04
2025-11-15,P0123,1.0,3.62
2025-11-15,P0124,5.0,11.85
2025-11-15,P0126,1.0,2.19
2025-11-15,P0127,1.0,1.52
2025-11-15,P0128,2.0,2.92
2025-11-16,P0001,3.0,7.29
2025-11-16,P0004,2.0,6.16
2025-11-16,P0006,1.0,0.39
2025-11-16,P0007,1.0,2.07
2025-11-16,P0014,2.0,4.1
2025-11-16,P0015,1.0,1.5
2025-11-16,P0017,1.0,3.18
2025-11-16,P0020,1.0,1.45
2025-11-16,P0021,1.0,0.52
2025-11-16,P0023,3.0,8.61
2025-11-16,P0025,6.0,18.54
2025-11-16,P0026,2.0,2.78
2025-11-16,P0027,4.0,5.16
2025-11-16,P0028,5.0,12.1
2025-11-16,P0029,1.0,3.8
2025-11-16,P0030,1.0,2.14
2025-11-16,P0031,1.0,0.93
2025-11-16,P0032,1.0,1.03
2025-11-16,P0035,3.0,37.14
2025-11-16,P0038,1.0,4.95
2025-11-16,P0040,2.0,21.1
2025-11-16,P0042,1.0,14.27
2025-11-16,P0048,3.0,12.24
2025-11-16,P0049,1.0,1.85
2025-11-16,P0051,6.0,22.8
2025-11-16,P0053,1.0,1.13
2025-11-16,P0057,2.0,6.94
2025-11-16,P0059,2.0,1.18
2025-11-16,P0063,3.0,7.38
2025-11-16,P0064,6.0,25.44
2025-11-16,P0065,1.0,3.04
2025-11-16,P0066,3.0,14.58
2025-11-16,P0067,4.0,4.0
2025-11-16,P0068,1.0,3.83
2025-11-16,P0070,1.0,1.65
2025-11-16,P0074,1.0,0.99
2025-11-16,P0076,1.0,1.98
2025-11-16,P0078,6.0,6.84
2025-11-16,P0080,1.0,2.0
2025-11-16,P0081,6.0,32.52
2025-11-16,P0084,1.0,2.24
2025-11-16,P0086,2.0,6.5
2025-11-16,P0088,1.0,1.83
2025-11-16,P0091,6.0,20.58
2025-11-16,P0094,1.0,0.72
2025-11-16,P0095,2.0,7.2
2025-11-16,P0097,3.0,3.36
2025-11-16,P0100,1.0,0.23
2025-11-16,P0101,2.0,0.36
2025-11-16,P0103,1.0,2.37
2025-11-16,P0104,2.0,6.1
2025-11-16,P0105,6.0,8.76
2025-11-16,P0106,2.0,2.26
2025-11-16,P0110,4.0,15.64
2025-11-16,P0111,1.0,3.7
2025-11-16,P0112,3.0,11.7
2025-11-16,P0113,1.0,3.35
2025-11-16,P0115,1.0,1.96
2025-11-16,P0116,1.0,2.18
2025-11-16,P0117,2.0,10.8
2025-11-16,P0118,1.0,4.49
2025-11-16,P0121,1.0,9.44
2025-11-16,P0122,2.0,6.04
2025-11-16,P0124,2.0,4.74
2025-11-16,P0125,2.0,9.0
2025-11-16,P0127,3.0,4.56
2025-11-16,P0128,1.0,1.46
2025-11-17,P0001,2.0,4.86
2025-11-17,P0003,1.0,2.98
2025-11-17,P0004,3.0,9.24
2025-11-17,P0010,2.0,5.14
2025-11-17,P0011,1.0,2.62
2025-11-17,P0012,1.0,2.46
2025-11-17,P0013,1.0,2.78
2025-11-17,P0014,3.0,6.15
2025-11-17,P0015,2.0,3.0
2025-11-17,P0020,1.0,1.45
2025-11-17,P0022,1.0,2.67
2025-11-17,P0023,1.0,2.87
2025-11-17,P0025,5.0,15.45
2025-11-17,P0026,2.0,2.78
2025-11-17,P0027,5.0,6.45
2025-11-17,P0028,5.0,12.1
2025-11-17,P0029,2.0,7.6
2025-11-17,P0030,2.0,4.28
2025-11-17,P0031,1.0,0.93
2025-11-17,P0032,2.0,2.06
2025-11-17,P0033,1.0,2.95
2025-11-17,P0035,3.0,37.14
2025-11-17,P0038,1.0,4.95
2025-11-17,P0039,1.0,9.08
2025-11-17,P0041,1.0,9.61
2025-11-17,P0044,1.0,11.65
2025-11-17,P0046,2.0,15.36
2025-11-17,P0047,1.0,7.02
2025-11-17,P0048,1.0,4.08
2025-11-17,P0050,1.0,0.68
2025-11-17,P0051,2.0,7.6
2025-11-17,P0052,2.0,1.18
2025-11-17,P0053,1.0,1.13
2025-11-17,P0055,1.0,1.27
2025-11-17,P0056,2.0,8.16
2025-11-17,P0057,1.0,3.47
2025-11-17,P0058,3.0,10.5
2025-11-17,P0059,1.0,0.59
2025-11-17,P0061,1.0,2.31
2025-11-17,P0063,2.0,4.92
2025-11-17,P0064,5.0,21.2
2025-11-17,P0065,1.0,3.04
2025-11-17,P0066,3.0,14.58
2025-11-17,P0067,4.0,4.0
2025-11-17,P0074,1.0,0.99
2025-11-17,P0076,1.0,1.98
2025-11-17,P0077,1.0,0.51
2025-11-17,P0078,6.0,6.84
2025-11-17,P0079,1.0,5.17
2025-11-17,P0080,1.0,2.0
2025-11-17,P0081,6.0,32.52
2025-11-17,P0083,1.0,1.26
2025-11-17,P0084,1.0,2.24
2025-11-17,P0085,1.0,1.47
2025-11-17,P0086,1.0,3.25
2025-11-17,P0091,5.0,17.15
2025-11-17,P0094,1.0,0.72
2025-11-17,P0096,2.0,6.1
2025-11-17,P0097,3.0,3.36
2025-11-17,P0100,1.0,0.23
2025-11-17,P0101,3.0,0.54
2025-11-17,P0104,1.0,3.05
2025-11-17,P0105,6.0,8.76
2025-11-17,P0108,1.0,2.16
2025-11-17,P0110,3.0,11.73
2025-11-17,P0112,2.0,7.8
2025-11-17,P0117,1.0,5.4
2025-11-17,P0120,1.0,8.84
2025-11-17,P0123,1.0,3.62
2025-11-17,P0124,2.0,4.74
2025-11-17,P0127,1.0,1.52
2025-11-17,P0128,1.0,1.46
2025-11-18,P0001,1.0,2.43
2025-11-18,P0005,2.0,4.06
2025-11-18,P0006,2.0,0.78
2025-11-18,P0014,2.0,4.1
2025-11-18,P0015,1.0,1.5
2025-11-18,P0016,1.0,1.66
2025-11-18,P0019,2.0,0.38
2025-11-18,P0021,1.0,0.52
2025-11-18,P0022,2.0,5.34
2025-11-18,P0023,1.0,2.87
2025-11-18,P0025,4.0,12.36
2025-11-18,P0026,1.0,1.39
2025-11-18,P0027,1.0,1.29
2025-11-18,P0028,4.0,9.68
2025-11-18,P0030,1.0,2.14
2025-11-18,P0032,1.0,1.03
2025-11-18,P0037,1.0,4.76
2025-11-18,P0042,1.0,14.27
2025-11-18,P0043,1.0,8.55
2025-11-18,P0047,1.0,7.02
2025-11-18,P0048,2.0,8.16
2025-11-18,P0050,1.0,0.68
2025-11-18,P0051,3.0,11.4
2025-11-18,P0052,1.0,0.59
2025-11-18,P0055,1.0,1.27
2025-11-18,P0056,1.0,4.08
2025-11-18,P0057,4.0,13.88
2025-11-18,P0058,2.0,7.0
2025-11-18,P0063,4.0,9.84
2025-11-18,P0064,4.0,16.96
2025-11-18,P0066,5.0,24.3
2025-11-18,P0067,2.0,2.0
2025-11-18,P0068,3.0,11.49
2025-11-18,P0070,1.0,1.65
2025-11-18,P0073,1.0,3.99
2025-11-18,P0074,2.0,1.98
2025-11-18,P0078,6.0,6.84
2025-11-18,P0079,1.0,5.17
2025-11-18,P0081,6.0,32.52
2025-11-18,P0084,3.0,6.72
2025-11-18,P0091,5.0,17.15
2025-11-18,P0094,3.0,2.16
2025-11-18,P0095,1.0,3.6
2025-11-18,P0098,1.0,0.45
2025-11-18,P0101,1.0,0.18
2025-11-18,P0103,1.0,2.37
2025-11-18,P0105,6.0,8.76
2025-11-18,P0108,1.0,2.16
2025-11-18,P0110,2.0,7.82
2025-11-18,P0114,1.0,1.85
2025-11-18,P0117,1.0,5.4
2025-11-18,P0121,3.0,28.32
2025-11-18,P0122,1.0,3.02
2025-11-18,P0124,1.0,2.37
2025-11-18,P0128,4.0,5.84
2025-11-19,P0001,2.0,4.86
2025-11-19,P0002,1.0,0.48
2025-11-19,P0007,1.0,2.07
2025-11-19,P0010,1.0,2.57
2025-11-19,P0014,1.0,2.05
2025-11-19,P0017,1.0,3.18
2025-11-19,P0018,1.0,0.52
2025-11-19,P0020,3.0,4.35
2025-11-19,P0021,3.0,1.56
2025-11-19,P0022,1.0,2.67
2025-11-19,P0023,2.0,5.74
2025-11-19,P0025,4.0,12.36
2025-11-19,P0026,1.0,1.39
2025-11-19,P0027,1.0,1.29
2025-11-19,P0028,4.0,9.68
2025-11-19,P0029,1.0,3.8
2025-11-19,P0031,1.0,0.93
2025-11-19,P0032,1.0,1.03
2025-11-19,P0035,3.0,37.14
2025-11-19,P0039,2.0,18.16
2025-11-19,P0040,1.0,10.55
2025-11-19,P0045,1.0,13.11
2025-11-19,P0047,1.0,7.02
2025-11-19,P0048,1.0,4.08
2025-11-19,P0049,2.0,3.7
2025-11-19,P0050,1.0,0.68
2025-11-19,P0051,1.0,3.8
2025-11-19,P0052,1.0,0.59
2025-11-19,P0055,2.0,2.54
2025-11-19,P0056,3.0,12.24
2025-11-19,P0057,1.0,3.47
2025-11-19,P0058,2.0,7.0
2025-11-19,P0059,2.0,1.18
2025-11-19,P0061,2.0,4.62
2025-11-19,P0063,2.0,4.92
2025-11-19,P0064,5.0,21.2
2025-11-19,P0066,3.0,14.58
2025-11-19,P0069,1.0,4.67
2025-11-19,P0070,1.0,1.65
2025-11-19,P0073,2.0,7.98
2025-11-19,P0074,1.0,0.99
2025-11-19,P0075,1.0,5.42
2025-11-19,P0077,1.0,0.51
2025-11-19,P0078,6.0,6.84
2025-11-19,P0081,6.0,32.52
2025-11-19,P0084,2.0,4.48
2025-11-19,P0086,1.0,3.25
2025-11-19,P0089,1.0,0.68
2025-11-19,P0090,2.0,7.38
2025-11-19,P0091,6.0,20.58
2025-11-19,P0096,1.0,3.05
2025-11-19,P0097,2.0,2.24
2025-11-19,P0101,1.0,0.18
2025-11-19,P0103,1.0,2.37
2025-11-19,P0104,1.0,3.05
2025-11-19,P0105,6.0,8.76
2025-11-19,P0110,2.0,7.82
2025-11-19,P0114,1.0,1.85
2025-11-19,P0115,2.0,3.92
2025-11-19,P0116,1.0,2.18
2025-11-19,P0117,1.0,5.4
2025-11-19,P0121,2.0,18.88
2025-11-19,P0122,2.0,6.04
2025-11-19,P0123,1.0,3.62
2025-11-19,P0124,1.0,2.37
2025-11-19,P0125,1.0,4.5
2025-11-19,P0127,4.0,6.08
2025-11-19,P0128,1.0,1.46
2025-11-20,P0006,1.0,0.39
2025-11-20,P0011,1.0,2.62
2025-11-20,P0014,3.0,6.15
2025-11-20,P0015,1.0,1.5
2025-11-20,P0017,1.0,3.18
2025-11-20,P0018,1.0,0.52
2025-11-20,P0019,1.0,0.19
2025-11-20,P0020,1.0,1.45
2025-11-20,P0023,2.0,5.74
2025-11-20,P0025,5.0,15.45
2025-11-20,P0026,3.0,4.17
2025-11-20,P0027,4.0,5.16
2025-11-20,P0028,6.0,14.52
2025-11-20,P0029,2.0,7.6
2025-11-20,P0031,3.0,2.79
2025-11-20,P0033,2.0,5.9
2025-11-20,P0035,3.0,37.14
2025-11-20,P0037,1.0,4.76
2025-11-20,P0039,1.0,9.08
2025-11-20,P0042,1.0,14.27
2025-11-20,P0045,2.0,26.22
2025-11-20,P0046,1.0,7.68
2025-11-20,P0048,2.0,8.16
2025-11-20,P0049,1.0,1.85
2025-11-20,P0050,1.0,0.68
2025-11-20,P0051,4.0,15.2
2025-11-20,P0052,5.0,2.95
2025-11-20,P0055,2.0,2.54
2025-11-20,P0056,2.0,8.16
2025-11-20,P0057,2.0,6.94
2025-11-20,P0059,1.0,0.59
2025-11-20,P0061,1.0,2.31
2025-11-20,P0062,1.0,2.69
2025-11-20,P0063,3.0,7.38
2025-11-20,P0064,5.0,21.2
2025-11-20,P0065,4.0,12.16
2025-11-20,P0066,2.0,9.72
2025-11-20,P0067,1.0,1.0
2025-11-20,P0069,1.0,4.67
2025-11-20,P0076,2.0,3.96
2025-11-20,P0077,2.0,1.02
2025-11-20,P0078,6.0,6.84
2025-11-20,P0079,2.0,10.34
2025-11-20,P0080,1.0,2.0
2025-11-20,P0081,6.0,32.52
2025-11-20,P0084,2.0,4.48
2025-11-20,P0086,1.0,3.25
2025-11-20,P0088,1.0,1.83
2025-11-20,P0091,6.0,20.58
2025-11-20,P0094,3.0,2.16
2025-11-20,P0095,2.0,7.2
2025-11-20,P0097,1.0,1.12
2025-11-20,P0101,2.0,0.36
2025-11-20,P0102,1.0,1.18
2025-11-20,P0103,1.0,2.37
2025-11-20,P0104,2.0,6.1
2025-11-20,P0105,6.0,8.76
2025-11-20,P0111,1.0,3.7
2025-11-20,P0112,1.0,3.9
2025-11-20,P0115,1.0,1.96
2025-11-20,P0117,2.0,10.8
2025-11-20,P0118,1.0,4.49
2025-11-20,P0121,1.0,9.44
2025-11-20,P0123,3.0,10.86
2025-11-20,P0124,2.0,4.74
2025-11-20,P0126,1.0,2.19
2025-11-20,P0127,2.0,3.04
2025-11-21,P0001,2.0,4.86
2025-11-21,P0003,1.0,2.98
2025-11-21,P0004,2.0,6.16
2025-11-21,P0005,1.0,2.03
2025-11-21,P0006,1.0,0.39
2025-11-21,P0014,1.0,2.05
2025-11-21,P0015,2.0,3.0
2025-11-21,P0016,2.0,3.32
2025-11-21,P0018,1.0,0.52
2025-11-21,P0020,1.0,1.45
2025-11-21,P0021,1.0,0.52
2025-11-21,P0022,1.0,2.67
2025-11-21,P0023,1.0,2.87
2025-11-21,P0025,6.0,18.54
2025-11-21,P0026,3.0,4.17
2025-11-21,P0027,2.0,2.58
2025-11-21,P0028,6.0,14.52
2025-11-21,P0029,1.0,3.8
2025-11-21,P0031,1.0,0.93
2025-11-21,P0033,1.0,2.95
2025-11-21,P0034,1.0,9.5
2025-11-21,P0035,1.0,12.38
2025-11-21,P0037,2.0,9.52
2025-11-21,P0038,2.0,9.9
2025-11-21,P0039,1.0,9.08
2025-11-21,P0040,1.0,10.55
2025-11-21,P0041,1.0,9.61
2025-11-21,P0042,1.0,14.27
2025-11-21,P0045,2.0,26.22
2025-11-21,P0046,1.0,7.68
2025-11-21,P0048,4.0,16.32
2025-11-21,P0049,2.0,3.7
2025-11-21,P0050,1.0,0.68
2025-11-21,P0051,4.0,15.2
2025-11-21,P0056,5.0,20.4
2025-11-21,P0057,1.0,3.47
2025-11-21,P0058,2.0,7.0
2025-11-21,P0062,1.0,2.69
2025-11-21,P0063,5.0,12.3
2025-11-21,P0064,5.0,21.2
2025-11-21,P0065,2.0,6.08
2025-11-21,P0066,2.0,9.72
2025-11-21,P0067,2.0,2.0
2025-11-21,P0070,1.0,1.65
2025-11-21,P0078,6.0,6.84
2025-11-21,P0080,1.0,2.0
2025-11-21,P0081,6.0,32.52
2025-11-21,P0082,1.0,4.31
2025-11-21,P0083,1.0,1.26
2025-11-21,P0084,1.0,2.24
2025-11-21,P0091,6.0,20.58
2025-11-21,P0094,2.0,1.44
2025-11-21,P0096,1.0,3.05
2025-11-21,P0097,2.0,2.24
2025-11-21,P0101,5.0,0.9
2025-11-21,P0103,1.0,2.37
2025-11-21,P0104,2.0,6.1
2025-11-21,P0105,6.0,8.76
2025-11-21,P0106,1.0,1.13
2025-11-21,P0110,4.0,15.64
2025-11-21,P0112,3.0,11.7
2025-11-21,P0114,2.0,3.7
2025-11-21,P0115,1.0,1.96
2025-11-21,P0121,1.0,9.44
2025-11-21,P0122,2.0,6.04
2025-11-21,P0123,1.0,3.62
2025-11-21,P0124,2.0,4.74
2025-11-21,P0127,1.0,1.52
2025-11-21,P0128,2.0,2.92
2025-11-22,P0003,1.0,2.98
2025-11-22,P0005,1.0,2.03
2025-11-22,P0006,1.0,0.39
2025-11-22,P0007,2.0,4.14
2025-11-22,P0011,2.0,5.24
2025-11-22,P0013,1.0,2.78
2025-11-22,P0014,1.0,2.05
2025-11-22,P0015,1.0,1.5
2025-11-22,P0016,1.0,1.66
2025-11-22,P0018,1.0,0.52
2025-11-22,P0022,1.0,2.67
2025-11-22,P0025,6.0,18.54
2025-11-22,P0026,3.0,4.17
2025-11-22,P0027,4.0,5.16
2025-11-22,P0028,6.0,14.52
2025-11-22,P0029,2.0,7.6
2025-11-22,P0031,2.0,1.86
2025-11-22,P0033,1.0,2.95
2025-11-22,P0035,3.0,37.14
2025-11-22,P0037,2.0,9.52
2025-11-22,P0038,1.0,4.95
2025-11-22,P0040,2.0,21.1
2025-11-22,P0041,2.0,19.22
2025-11-22,P0042,1.0,14.27
2025-11-22,P0045,2.0,26.22
2025-11-22,P0047,1.0,7.02
2025-11-22,P0048,2.0,8.16
2025-11-22,P0049,1.0,1.85
2025-11-22,P0050,3.0,2.04
2025-11-22,P0051,5.0,19.0
2025-11-22,P0052,4.0,2.36
2025-11-22,P0053,1.0,1.13
2025-11-22,P0055,1.0,1.27
2025-11-22,P0056,3.0,12.24
2025-11-22,P0057,2.0,6.94
2025-11-22,P0061,3.0,6.93
2025-11-22,P0063,4.0,9.84
2025-11-22,P0064,6.0,25.44
2025-11-22,P0065,3.0,9.12
2025-11-22,P0066,2.0,9.72
2025-11-22,P0067,4.0,4.0
2025-11-22,P0068,1.0,3.83
2025-11-22,P0069,2.0,9.34
2025-11-22,P0070,1.0,1.65
2025-11-22,P0072,1.0,1.99
2025-11-22,P0076,1.0,1.98
2025-11-22,P0077,1.0,0.51
2025-11-22,P0078,6.0,6.84
2025-11-22,P0080,1.0,2.0
2025-11-22,P0081,6.0,32.52
2025-11-22,P0084,3.0,6.72
2025-11-22,P0085,1.0,1.47
2025-11-22,P0088,1.0,1.83
2025-11-22,P0090,1.0,3.69
2025-11-22,P0091,6.0,20.58
2025-11-22,P0093,1.0,3.5
2025-11-22,P0094,1.0,0.72
2025-11-22,P0095,1.0,3.6
2025-11-22,P0097,3.0,3.36
2025-11-22,P0101,2.0,0.36
2025-11-22,P0103,1.0,2.37
2025-11-22,P0104,2.0,6.1
2025-11-22,P0105,6.0,8.76
2025-11-22,P0108,1.0,2.16
2025-11-22,P0109,1.0,1.89
2025-11-22,P0110,3.0,11.73
2025-11-22,P0112,5.0,19.5
2025-11-22,P0115,2.0,3.92
2025-11-22,P0117,2.0,10.8
2025-11-22,P0121,3.0,28.32
2025-11-22,P0122,4.0,12.08
2025-11-22,P0123,2.0,7.24
2025-11-22,P0124,3.0,7.11
2025-11-22,P0125,3.0,13.5
2025-11-22,P0127,4.0,6.08
2025-11-22,P0128,2.0,2.92
2025-11-23,P0001,1.0,2.43
2025-11-23,P0002,1.0,0.48
2025-11-23,P0006,2.0,0.78
2025-11-23,P0010,1.0,2.57
2025-11-23,P0014,2.0,4.1
2025-11-23,P0015,3.0,4.5
2025-11-23,P0019,1.0,0.19
2025-11-23,P0022,1.0,2.67
2025-11-23,P0023,1.0,2.87
2025-11-23,P0025,6.0,18.54
2025-11-23,P0026,1.0,1.39
2025-11-23,P0027,1.0,1.29
2025-11-23,P0028,6.0,14.52
2025-11-23,P0030,1.0,2.14
2025-11-23,P0031,1.0,0.93
2025-11-23,P0032,2.0,2.06
2025-11-23,P0035,1.0,12.38
2025-11-23,P0037,3.0,14.28
2025-11-23,P0038,1.0,4.95
2025-11-23,P0039,1.0,9.08
2025-11-23,P0045,1.0,13.11
2025-11-23,P0047,2.0,14.04
2025-11-23,P0048,2.0,8.16
2025-11-23,P0049,3.0,5.55
2025-11-23,P0050,1.0,0.68
2025-11-23,P0051,2.0,7.6
2025-11-23,P0052,3.0,1.77
2025-11-23,P0053,1.0,1.13
2025-11-23,P0056,5.0,20.4
2025-11-23,P0057,5.0,17.35
2025-11-23,P0058,1.0,3.5
2025-11-23,P0059,1.0,0.59
2025-11-23,P0061,1.0,2.31
2025-11-23,P0062,1.0,2.69
2025-11-23,P0063,4.0,9.84
2025-11-23,P0064,4.0,16.96
2025-11-23,P0065,1.0,3.04
2025-11-23,P0066,2.0,9.72
2025-11-23,P0068,1.0,3.83
2025-11-23,P0069,4.0,18.68
2025-11-23,P0070,1.0,1.65
2025-11-23,P0072,2.0,3.98
2025-11-23,P0073,1.0,3.99
2025-11-23,P0074,2.0,1.98
2025-11-23,P0077,1.0,0.51
2025-11-23,P0078,6.0,6.84
2025-11-23,P0080,1.0,2.0
2025-11-23,P0081,6.0,32.52
2025-11-23,P0082,2.0,8.62
2025-11-23,P0089,1.0,0.68
2025-11-23,P0091,6.0,20.58
2025-11-23,P0093,1.0,3.5
2025-11-23,P0094,1.0,0.72
2025-11-23,P0095,1.0,3.6
2025-11-23,P0096,1.0,3.05
2025-11-23,P0097,2.0,2.24
2025-11-23,P0098,1.0,0.45
2025-11-23,P0101,1.0,0.18
2025-11-23,P0104,1.0,3.05
2025-11-23,P0105,6.0,8.76
2025-11-23,P0110,4.0,15.64
2025-11-23,P0112,3.0,11.7
2025-11-23,P0114,1.0,1.85
2025-11-23,P0115,2.0,3.92
2025-11-23,P0116,1.0,2.18
2025-11-23,P0117,1.0,5.4
2025-11-23,P0118,1.0,4.49
2025-11-23,P0121,2.0,18.88
2025-11-23,P0122,4.0,12.08
2025-11-23,P0123,1.0,3.62
2025-11-23,P0124,1.0,2.37
2025-11-23,P0127,1.0,1.52
2025-11-23,P0128,1.0,1.46
2025-11-24,P0001,2.0,4.86
2025-11-24,P0003,1.0,2.98
2025-11-24,P0004,1.0,3.08
2025-11-24,P0005,2.0,4.06
2025-11-24,P0009,1.0,2.76
2025-11-24,P0012,1.0,2.46
2025-11-24,P0014,1.0,2.05
2025-11-24,P0018,1.0,0.52
2025-11-24,P0022,1.0,2.67
2025-11-24,P0023,1.0,2.87
2025-11-24,P0025,3.0,9.27
2025-11-24,P0026,1.0,1.39
2025-11-24,P0027,1.0,1.29
2025-11-24,P0028,5.0,12.1
2025-11-24,P0029,1.0,3.8
2025-11-24,P0031,1.0,0.93
2025-11-24,P0032,1.0,1.03
2025-11-24,P0035,2.0,24.76
2025-11-24,P0037,1.0,4.76
2025-11-24,P0038,1.0,4.95
2025-11-24,P0040,2.0,21.1
2025-11-24,P0047,1.0,7.02
2025-11-24,P0048,2.0,8.16
2025-11-24,P0051,4.0,15.2
2025-11-24,P0052,3.0,1.77
2025-11-24,P0054,1.0,1.06
2025-11-24,P0055,2.0,2.54
2025-11-24,P0056,3.0,12.24
2025-11-24,P0057,2.0,6.94
2025-11-24,P0058,1.0,3.5
2025-11-24,P0059,1.0,0.59
2025-11-24,P0061,1.0,2.31
2025-11-24,P0063,2.0,4.92
2025-11-24,P0064,5.0,21.2
2025-11-24,P0066,4.0,19.44
2025-11-24,P0067,2.0,2.0
2025-11-24,P0076,1.0,1.98
2025-11-24,P0078,6.0,6.84
2025-11-24,P0079,1.0,5.17
2025-11-24,P0080,2.0,4.0
2025-11-24,P0081,6.0,32.52
2025-11-24,P0084,2.0,4.48
2025-11-24,P0089,2.0,1.36
2025-11-24,P0091,6.0,20.58
2025-11-24,P0094,1.0,0.72
2025-11-24,P0095,1.0,3.6
2025-11-24,P0101,1.0,0.18
2025-11-24,P0105,6.0,8.76
2025-11-24,P0106,1.0,1.13
2025-11-24,P0108,1.0,2.16
2025-11-24,P0109,1.0,1.89
2025-11-24,P0110,1.0,3.91
2025-11-24,P0111,2.0,7.4
2025-11-24,P0112,3.0,11.7
2025-11-24,P0113,2.0,6.7
2025-11-24,P0114,1.0,1.85
2025-11-24,P0115,1.0,1.96
2025-11-24,P0116,1.0,2.18
2025-11-24,P0117,2.0,10.8
2025-11-24,P0119,1.0,3.32
2025-11-24,P0121,2.0,18.88
2025-11-24,P0122,1.0,3.02
2025-11-24,P0123,1.0,3.62
2025-11-24,P0124,2.0,4.74
2025-11-24,P0125,2.0,9.0
2025-11-24,P0127,2.0,3.04
2025-11-24,P0128,2.0,2.92
2025-11-25,P0001,2.0,4.86
2025-11-25,P0004,1.0,3.08
2025-11-25,P0008,1.0,1.84
2025-11-25,P0014,2.0,4.1
2025-11-25,P0015,2.0,3.0
2025-11-25,P0016,1.0,1.66
2025-11-25,P0020,1.0,1.45
2025-11-25,P0024,1.0,2.05
2025-11-25,P0025,2.0,6.18
2025-11-25,P0026,1.0,1.39
2025-11-25,P0027,3.0,3.87
2025-11-25,P0028,6.0,14.52
2025-11-25,P0029,2.0,7.6
2025-11-25,P0030,1.0,2.14
2025-11-25,P0031,2.0,1.86
2025-11-25,P0035,1.0,12.38
2025-11-25,P0037,2.0,9.52
2025-11-25,P0038,1.0,4.95
2025-11-25,P0039,1.0,9.08
2025-11-25,P0040,2.0,21.1
2025-11-25,P0042,1.0,14.27
2025-11-25,P0045,1.0,13.11
2025-11-25,P0047,2.0,14.04
2025-11-25,P0048,1.0,4.08
2025-11-25,P0050,1.0,0.68
2025-11-25,P0051,2.0,7.6
2025-11-25,P0056,2.0,8.16
2025-11-25,P0057,4.0,13.88
2025-11-25,P0059,1.0,0.59
2025-11-25,P0061,1.0,2.31
2025-11-25,P0062,1.0,2.69
2025-11-25,P0063,2.0,4.92
2025-11-25,P0064,5.0,21.2
2025-11-25,P0065,2.0,6.08
2025-11-25,P0066,3.0,14.58
2025-11-25,P0067,2.0,2.0
2025-11-25,P0070,1.0,1.65
2025-11-25,P0075,1.0,5.42
2025-11-25,P0076,1.0,1.98
2025-11-25,P0077,2.0,1.02
2025-11-25,P0078,6.0,6.84
2025-11-25,P0081,6.0,32.52
2025-11-25,P0084,1.0,2.24
2025-11-25,P0089,1.0,0.68
2025-11-25,P0091,5.0,17.15
2025-11-25,P0093,1.0,3.5
2025-11-25,P0094,1.0,0.72
2025-11-25,P0097,3.0,3.36
2025-11-25,P0101,2.0,0.36
2025-11-25,P0104,3.0,9.15
2025-11-25,P0105,5.0,7.3
2025-11-25,P0107,1.0,3.48
2025-11-25,P0109,1.0,1.89
2025-11-25,P0110,1.0,3.91
2025-11-25,P0113,1.0,3.35
2025-11-25,P0114,2.0,3.7
2025-11-25,P0117,1.0,5.4
2025-11-25,P0119,1.0,3.32
2025-11-25,P0121,1.0,9.44
2025-11-25,P0122,3.0,9.06
2025-11-25,P0125,2.0,9.0
2025-11-25,P0126,1.0,2.19
2025-11-25,P0127,1.0,1.52
2025-11-25,P0128,2.0,2.92
2025-11-26,P0001,2.0,4.86
2025-11-26,P0004,1.0,3.08
2025-11-26,P0006,2.0,0.78
2025-11-26,P0010,1.0,2.57
2025-11-26,P0012,1.0,2.46
2025-11-26,P0013,1.0,2.78
2025-11-26,P0014,1.0,2.05
2025-11-26,P0015,1.0,1.5
2025-11-26,P0017,2.0,6.36
2025-11-26,P0019,1.0,0.19
2025-11-26,P0020,1.0,1.45
2025-11-26,P0022,1.0,2.67
2025-11-26,P0025,6.0,18.54
2025-11-26,P0026,1.0,1.39
2025-11-26,P0027,3.0,3.87
2025-11-26,P0028,5.0,12.1
2025-11-26,P0029,1.0,3.8
2025-11-26,P0030,2.0,4.28
2025-11-26,P0032,1.0,1.03
2025-11-26,P0033,1.0,2.95
2025-11-26,P0038,1.0,4.95
2025-11-26,P0044,1.0,11.65
2025-11-26,P0045,1.0,13.11
2025-11-26,P0049,2.0,3.7
2025-11-26,P0050,1.0,0.68
2025-11-26,P0051,1.0,3.8
2025-11-26,P0052,1.0,0.59
2025-11-26,P0056,3.0,12.24
2025-11-26,P0057,1.0,3.47
2025-11-26,P0058,2.0,7.0
2025-11-26,P0059,2.0,1.18
2025-11-26,P0062,1.0,2.69
2025-11-26,P0063,2.0,4.92
2025-11-26,P0064,6.0,25.44
2025-11-26,P0065,2.0,6.08
2025-11-26,P0066,4.0,19.44
2025-11-26,P0067,3.0,3.0
2025-11-26,P0070,1.0,1.65
2025-11-26,P0071,1.0,2.94
2025-11-26,P0073,1.0,3.99
2025-11-26,P0076,1.0,1.98
2025-11-26,P0078,6.0,6.84
2025-11-26,P0080,1.0,2.0
2025-11-26,P0081,6.0,32.52
2025-11-26,P0084,4.0,8.96
2025-11-26,P0088,1.0,1.83
2025-11-26,P0091,6.0,20.58
2025-11-26,P0094,1.0,0.72
2025-11-26,P0096,1.0,3.05
2025-11-26,P0097,3.0,3.36
2025-11-26,P0101,1.0,0.18
2025-11-26,P0104,2.0,6.1
2025-11-26,P0105,6.0,8.76
2025-11-26,P0109,1.0,1.89
2025-11-26,P0110,4.0,15.64
2025-11-26,P0112,2.0,7.8
2025-11-26,P0114,1.0,1.85
2025-11-26,P0117,1.0,5.4
2025-11-26,P0121,1.0,9.44
2025-11-26,P0122,4.0,12.08
2025-11-26,P0124,1.0,2.37
2025-11-26,P0125,1.0,4.5
2025-11-26,P0127,3.0,4.56
2025-11-26,P0128,2.0,2.92
2025-11-27,P0001,1.0,2.43
2025-11-27,P0003,2.0,5.96
2025-11-27,P0004,1.0,3.08
2025-11-27,P0005,1.0,2.03
2025-11-27,P0007,1.0,2.07
2025-11-27,P0010,2.0,5.14
2025-11-27,P0013,1.0,2.78
2025-11-27,P0014,1.0,2.05
2025-11-27,P0018,1.0,0.52
2025-11-27,P0019,1.0,0.19
2025-11-27,P0020,1.0,1.45
2025-11-27,P0021,1.0,0.52
2025-11-27,P0023,2.0,5.74
2025-11-27,P0025,5.0,15.45
2025-11-27,P0026,1.0,1.39
2025-11-27,P0027,2.0,2.58
2025-11-27,P0028,6.0,14.52
2025-11-27,P0030,1.0,2.14
2025-11-27,P0031,1.0,0.93
2025-11-27,P0033,1.0,2.95
2025-11-27,P0035,3.0,37.14
2025-11-27,P0037,1.0,4.76
2025-11-27,P0038,1.0,4.95
2025-11-27,P0039,1.0,9.08
2025-11-27,P0045,2.0,26.22
2025-11-27,P0046,1.0,7.68
2025-11-27,P0049,1.0,1.85
2025-11-27,P0050,1.0,0.68
2025-11-27,P0051,3.0,11.4
2025-11-27,P0052,1.0,0.59
2025-11-27,P0056,2.0,8.16
2025-11-27,P0057,1.0,3.47
2025-11-27,P0058,3.0,10.5
2025-11-27,P0060,2.0,8.2
2025-11-27,P0061,2.0,4.62
2025-11-27,P0063,5.0,12.3
2025-11-27,P0064,5.0,21.2
2025-11-27,P0066,2.0,9.72
2025-11-27,P0067,3.0,3.0
2025-11-27,P0068,1.0,3.83
2025-11-27,P0071,1.0,2.94
2025-11-27,P0072,2.0,3.98
2025-11-27,P0073,1.0,3.99
2025-11-27,P0074,1.0,0.99
2025-11-27,P0076,2.0,3.96
2025-11-27,P0078,6.0,6.84
2025-11-27,P0079,2.0,10.34
2025-11-27,P0081,6.0,32.52
2025-11-27,P0082,1.0,4.31
2025-11-27,P0084,2.0,4.48
2025-11-27,P0088,1.0,1.83
2025-11-27,P0089,1.0,0.68
2025-11-27,P0090,1.0,3.69
2025-11-27,P0091,6.0,20.58
2025-11-27,P0094,2.0,1.44
2025-11-27,P0095,1.0,3.6
2025-11-27,P0096,2.0,6.1
2025-11-27,P0097,5.0,5.6
2025-11-27,P0099,2.0,0.48
2025-11-27,P0101,1.0,0.18
2025-11-27,P0103,1.0,2.37
2025-11-27,P0104,1.0,3.05
2025-11-27,P0105,6.0,8.76
2025-11-27,P0106,1.0,1.13
2025-11-27,P0108,1.0,2.16
2025-11-27,P0109,1.0,1.89
2025-11-27,P0110,5.0,19.55
2025-11-27,P0111,2.0,7.4
2025-11-27,P0112,3.0,11.7
2025-11-27,P0115,1.0,1.96
2025-11-27,P0117,1.0,5.4
2025-11-27,P0118,2.0,8.98
2025-11-27,P0120,1.0,8.84
2025-11-27,P0121,3.0,28.32
2025-11-27,P0122,3.0,9.06
2025-11-27,P0123,2.0,7.24
2025-11-27,P0124,1.0,2.37
2025-11-27,P0125,1.0,4.5
2025-11-27,P0128,2.0,2.92
2025-11-28,P0001,3.0,7.29
2025-11-28,P0005,1.0,2.03
2025-11-28,P0007,1.0,2.07
2025-11-28,P0008,1.0,1.84
2025-11-28,P0012,1.0,2.46
2025-11-28,P0015,3.0,4.5
2025-11-28,P0016,1.0,1.66
2025-11-28,P0018,1.0,0.52
2025-11-28,P0025,6.0,18.54
2025-11-28,P0026,1.0,1.39
2025-11-28,P0027,3.0,3.87
2025-11-28,P0028,6.0,14.52
2025-11-28,P0029,1.0,3.8
2025-11-28,P0031,1.0,0.93
2025-11-28,P0033,2.0,5.9
2025-11-28,P0035,4.0,49.52
2025-11-28,P0036,1.0,9.19
2025-11-28,P0037,2.0,9.52
2025-11-28,P0038,4.0,19.8
2025-11-28,P0039,1.0,9.08
2025-11-28,P0041,1.0,9.61
2025-11-28,P0042,1.0,14.27
2025-11-28,P0045,1.0,13.11
2025-11-28,P0046,1.0,7.68
2025-11-28,P0049,1.0,1.85
2025-11-28,P0050,3.0,2.04
2025-11-28,P0051,2.0,7.6
2025-11-28,P0052,5.0,2.95
2025-11-28,P0055,1.0,1.27
2025-11-28,P0056,3.0,12.24
2025-11-28,P0057,4.0,13.88
2025-11-28,P0058,1.0,3.5
2025-11-28,P0059,1.0,0.59
2025-11-28,P0060,2.0,8.2
2025-11-28,P0061,1.0,2.31
2025-11-28,P0063,4.0,9.84
2025-11-28,P0064,6.0,25.44
2025-11-28,P0065,2.0,6.08
2025-11-28,P0066,5.0,24.3
2025-11-28,P0067,2.0,2.0
2025-11-28,P0072,1.0,1.99
2025-11-28,P0073,1.0,3.99
2025-11-28,P0074,2.0,1.98
2025-11-28,P0075,1.0,5.42
2025-11-28,P0076,2.0,3.96
2025-11-28,P0078,6.0,6.84
2025-11-28,P0081,6.0,32.52
2025-11-28,P0084,2.0,4.48
2025-11-28,P0088,1.0,1.83
2025-11-28,P0089,3.0,2.04
2025-11-28,P0091,6.0,20.58
2025-11-28,P0093,1.0,3.5
2025-11-28,P0094,2.0,1.44
2025-11-28,P0096,2.0,6.1
2025-11-28,P0097,3.0,3.36
2025-11-28,P0101,3.0,0.54
2025-11-28,P0104,2.0,6.1
2025-11-28,P0105,6.0,8.76
2025-11-28,P0108,1.0,2.16
2025-11-28,P0110,3.0,11.73
2025-11-28,P0112,2.0,7.8
2025-11-28,P0114,1.0,1.85
2025-11-28,P0116,1.0,2.18
2025-11-28,P0117,2.0,10.8
2025-11-28,P0121,2.0,18.88
2025-11-28,P0122,3.0,9.06
2025-11-28,P0123,1.0,3.62
2025-11-28,P0124,2.0,4.74
2025-11-28,P0125,2.0,9.0
2025-11-28,P0127,3.0,4.56
2025-11-28,P0128,3.0,4.38
2025-11-29,P0001,2.0,4.86
2025-11-29,P0003,2.0,5.96
2025-11-29,P0004,2.0,6.16
2025-11-29,P0006,1.0,0.39
2025-11-29,P0009,1.0,2.76
2025-11-29,P0011,1.0,2.62
2025-11-29,P0012,1.0,2.46
2025-11-29,P0015,2.0,3.0
2025-11-29,P0017,1.0,3.18
2025-11-29,P0018,1.0,0.52
2025-11-29,P0021,2.0,1.04
2025-11-29,P0022,1.0,2.67
2025-11-29,P0024,1.0,2.05
2025-11-29,P0025,6.0,18.54
2025-11-29,P0026,1.0,1.39
2025-11-29,P0027,1.0,1.29
2025-11-29,P0028,6.0,14.52
2025-11-29,P0029,1.0,3.8
2025-11-29,P0030,1.0,2.14
2025-11-29,P0034,1.0,9.5
2025-11-29,P0035,3.0,37.14
2025-11-29,P0037,1.0,4.76
2025-11-29,P0040,1.0,10.55
2025-11-29,P0044,1.0,11.65
2025-11-29,P0045,2.0,26.22
2025-11-29,P0046,1.0,7.68
2025-11-29,P0048,1.0,4.08
2025-11-29,P0049,1.0,1.85
2025-11-29,P0050,2.0,1.36
2025-11-29,P0051,5.0,19.0
2025-11-29,P0052,3.0,1.77
2025-11-29,P0055,3.0,3.81
2025-11-29,P0056,4.0,16.32
2025-11-29,P0057,2.0,6.94
2025-11-29,P0058,2.0,7.0
2025-11-29,P0061,2.0,4.62
2025-11-29,P0063,5.0,12.3
2025-11-29,P0064,6.0,25.44
2025-11-29,P0065,1.0,3.04
2025-11-29,P0066,2.0,9.72
2025-11-29,P0067,4.0,4.0
2025-11-29,P0068,2.0,7.66
2025-11-29,P0070,1.0,1.65
2025-11-29,P0073,2.0,7.98
2025-11-29,P0074,1.0,0.99
2025-11-29,P0075,1.0,5.42
2025-11-29,P0076,1.0,1.98
2025-11-29,P0077,1.0,0.51
2025-11-29,P0078,6.0,6.84
2025-11-29,P0081,6.0,32.52
2025-11-29,P0084,4.0,8.96
2025-11-29,P0086,2.0,6.5
2025-11-29,P0087,1.0,1.17
2025-11-29,P0089,3.0,2.04
2025-11-29,P0091,6.0,20.58
2025-11-29,P0092,1.0,3.81
2025-11-29,P0094,1.0,0.72
2025-11-29,P0095,2.0,7.2
2025-11-29,P0097,5.0,5.6
2025-11-29,P0098,1.0,0.45
2025-11-29,P0101,2.0,0.36
2025-11-29,P0103,1.0,2.37
2025-11-29,P0104,2.0,6.1
2025-11-29,P0105,6.0,8.76
2025-11-29,P0106,3.0,3.39
2025-11-29,P0109,1.0,1.89
2025-11-29,P0110,2.0,7.82
2025-11-29,P0112,1.0,3.9
2025-11-29,P0117,4.0,21.6
2025-11-29,P0121,1.0,9.44
2025-11-29,P0122,2.0,6.04
2025-11-29,P0123,3.0,10.86
2025-11-29,P0124,3.0,7.11
2025-11-29,P0127,3.0,4.56
2025-11-29,P0128,4.0,5.84
2025-11-30,P0001,1.0,2.43
2025-11-30,P0004,1.0,3.08
2025-11-30,P0006,1.0,0.39
2025-11-30,P0007,1.0,2.07
2025-11-30,P0013,1.0,2.78
2025-11-30,P0014,2.0,4.1
2025-11-30,P0017,1.0,3.18
2025-11-30,P0019,1.0,0.19
2025-11-30,P0020,1.0,1.45
2025-11-30,P0021,1.0,0.52
2025-11-30,P0025,5.0,15.45
2025-11-30,P0026,2.0,2.78
2025-11-30,P0027,3.0,3.87
2025-11-30,P0028,5.0,12.1
2025-11-30,P0029,2.0,7.6
2025-11-30,P0030,1.0,2.14
2025-11-30,P0031,1.0,0.93
2025-11-30,P0032,2.0,2.06
2025-11-30,P0033,1.0,2.95
2025-11-30,P0035,2.0,24.76
2025-11-30,P0036,1.0,9.19
2025-11-30,P0039,1.0,9.08
2025-11-30,P0041,1.0,9.61
2025-11-30,P0045,1.0,13.11
2025-11-30,P0047,2.0,14.04
2025-11-30,P0048,2.0,8.16
2025-11-30,P0049,1.0,1.85
2025-11-30,P0051,4.0,15.2
2025-11-30,P0052,2.0,1.18
2025-11-30,P0053,1.0,1.13
2025-11-30,P0055,2.0,2.54
2025-11-30,P0056,2.0,8.16
2025-11-30,P0057,2.0,6.94
2025-11-30,P0060,1.0,4.1
2025-11-30,P0061,2.0,4.62
2025-11-30,P0063,4.0,9.84
2025-11-30,P0064,6.0,25.44
2025-11-30,P0065,2.0,6.08
2025-11-30,P0066,2.0,9.72
2025-11-30,P0067,2.0,2.0
2025-11-30,P0068,1.0,3.83
2025-11-30,P0069,1.0,4.67
2025-11-30,P0073,1.0,3.99
2025-11-30,P0074,1.0,0.99
2025-11-30,P0075,1.0,5.42
2025-11-30,P0076,3.0,5.94
2025-11-30,P0078,6.0,6.84
2025-11-30,P0079,1.0,5.17
2025-11-30,P0080,1.0,2.0
2025-11-30,P0081,6.0,32.52
2025-11-30,P0084,2.0,4.48
2025-11-30,P0086,1.0,3.25
2025-11-30,P0088,1.0,1.83
2025-11-30,P0089,1.0,0.68
2025-11-30,P0091,6.0,20.58
2025-11-30,P0093,1.0,3.5
2025-11-30,P0094,2.0,1.44
2025-11-30,P0097,3.0,3.36
2025-11-30,P0098,1.0,0.45
2025-11-30,P0100,1.0,0.23
2025-11-30,P0101,3.0,0.54
2025-11-30,P0103,1.0,2.37
2025-11-30,P0104,3.0,9.15
2025-11-30,P0105,6.0,8.76
2025-11-30,P0108,1.0,2.16
2025-11-30,P0109,1.0,1.89
2025-11-30,P0110,4.0,15.64
2025-11-30,P0112,1.0,3.9
2025-11-30,P0119,1.0,3.32
2025-11-30,P0120,1.0,8.84
2025-11-30,P0121,3.0,28.32
2025-11-30,P0122,2.0,6.04
2025-11-30,P0124,1.0,2.37
2025-11-30,P0125,1.0,4.5
2025-11-30,P0127,4.0,6.08
2025-11-30,P0128,2.0,2.92
2025-12-01,P0001,2.0,4.86
2025-12-01,P0002,1.0,0.48
2025-12-01,P0003,1.0,2.98
2025-12-01,P0004,1.0,3.08
2025-12-01,P0006,1.0,0.39
2025-12-01,P0008,1.0,1.84
2025-12-01,P0013,1.0,2.78
2025-12-01,P0014,1.0,2.05
2025-12-01,P0015,1.0,1.5
2025-12-01,P0017,1.0,3.18
2025-12-01,P0020,3.0,4.35
2025-12-01,P0022,2.0,5.34
2025-12-01,P0023,1.0,2.87
2025-12-01,P0025,5.0,15.45
2025-12-01,P0026,1.0,1.39
2025-12-01,P0027,2.0,2.58
2025-12-01,P0028,4.0,9.68
2025-12-01,P0030,1.0,2.14
2025-12-01,P0031,1.0,0.93
2025-12-01,P0033,1.0,2.95
2025-12-01,P0035,2.0,24.76
2025-12-01,P0037,2.0,9.52
2025-12-01,P0038,1.0,4.95
2025-12-01,P0039,1.0,9.08
2025-12-01,P0046,1.0,7.68
2025-12-01,P0048,1.0,4.08
2025-12-01,P0051,1.0,3.8
2025-12-01,P0052,2.0,1.18
2025-12-01,P0055,1.0,1.27
2025-12-01,P0056,1.0,4.08
2025-12-01,P0057,2.0,6.94
2025-12-01,P0059,1.0,0.59
2025-12-01,P0061,1.0,2.31
2025-12-01,P0063,2.0,4.92
2025-12-01,P0064,6.0,25.44
2025-12-01,P0065,2.0,6.08
2025-12-01,P0066,2.0,9.72
2025-12-01,P0067,2.0,2.0
2025-12-01,P0068,1.0,3.83
2025-12-01,P0072,1.0,1.99
2025-12-01,P0074,1.0,0.99
2025-12-01,P0078,6.0,6.84
2025-12-01,P0080,1.0,2.0
2025-12-01,P0081,6.0,32.52
2025-12-01,P0082,1.0,4.31
2025-12-01,P0084,1.0,2.24
2025-12-01,P0088,1.0,1.83
2025-12-01,P0091,6.0,20.58
2025-12-01,P0094,1.0,0.72
2025-12-01,P0096,2.0,6.1
2025-12-01,P0097,2.0,2.24
2025-12-01,P0098,1.0,0.45
2025-12-01,P0101,1.0,0.18
2025-12-01,P0103,2.0,4.74
2025-12-01,P0104,2.0,6.1
2025-12-01,P0105,6.0,8.76
2025-12-01,P0107,1.0,3.48
2025-12-01,P0110,2.0,7.82
2025-12-01,P0112,2.0,7.8
2025-12-01,P0114,1.0,1.85
2025-12-01,P0116,1.0,2.18
2025-12-01,P0118,1.0,4.49
2025-12-01,P0121,2.0,18.88
2025-12-01,P0123,1.0,3.62
2025-12-01,P0124,3.0,7.11
2025-12-01,P0125,1.0,4.5
2025-12-01,P0126,1.0,2.19
2025-12-01,P0127,1.0,1.52
2025-12-01,P0128,2.0,2.92
2025-12-02,P0003,1.0,2.98
2025-12-02,P0005,1.0,2.03
2025-12-02,P0006,1.0,0.39
2025-12-02,P0009,1.0,2.76
2025-12-02,P0010,1.0,2.57
2025-12-02,P0012,1.0,2.46
2025-12-02,P0014,1.0,2.05
2025-12-02,P0015,1.0,1.5
2025-12-02,P0017,1.0,3.18
2025-12-02,P0020,2.0,2.9
2025-12-02,P0023,2.0,5.74
2025-12-02,P0025,5.0,15.45
2025-12-02,P0027,2.0,2.58
2025-12-02,P0028,5.0,12.1
2025-12-02,P0029,1.0,3.8
2025-12-02,P0031,1.0,0.93
2025-12-02,P0033,1.0,2.95
2025-12-02,P0035,3.0,37.14
2025-12-02,P0037,2.0,9.52
2025-12-02,P0038,1.0,4.95
2025-12-02,P0045,1.0,13.11
2025-12-02,P0047,2.0,14.04
2025-12-02,P0049,3.0,5.55
2025-12-02,P0050,1.0,0.68
2025-12-02,P0051,1.0,3.8
2025-12-02,P0052,1.0,0.59
2025-12-02,P0055,2.0,2.54
2025-12-02,P0056,1.0,4.08
2025-12-02,P0057,3.0,10.41
2025-12-02,P0063,3.0,7.38
2025-12-02,P0064,3.0,12.72
2025-12-02,P0065,1.0,3.04
2025-12-02,P0066,2.0,9.72
2025-12-02,P0067,1.0,1.0
2025-12-02,P0068,1.0,3.83
2025-12-02,P0071,2.0,5.88
2025-12-02,P0074,1.0,0.99
2025-12-02,P0078,6.0,6.84
2025-12-02,P0081,6.0,32.52
2025-12-02,P0084,1.0,2.24
2025-12-02,P0086,1.0,3.25
2025-12-02,P0091,6.0,20.58
2025-12-02,P0094,1.0,0.72
2025-12-02,P0097,4.0,4.48
2025-12-02,P0100,1.0,0.23
2025-12-02,P0101,1.0,0.18
2025-12-02,P0104,2.0,6.1
2025-12-02,P0105,6.0,8.76
2025-12-02,P0107,1.0,3.48
2025-12-02,P0110,2.0,7.82
2025-12-02,P0111,1.0,3.7
2025-12-02,P0112,1.0,3.9
2025-12-02,P0117,1.0,5.4
2025-12-02,P0121,2.0,18.88
2025-12-02,P0122,1.0,3.02
2025-12-02,P0123,3.0,10.86
2025-12-02,P0127,4.0,6.08
2025-12-02,P0128,1.0,1.46
2025-12-03,P0001,1.0,2.43
2025-12-03,P0003,1.0,2.98
2025-12-03,P0004,1.0,3.08
2025-12-03,P0005,1.0,2.03
2025-12-03,P0013,1.0,2.78
2025-12-03,P0014,1.0,2.05
2025-12-03,P0015,3.0,4.5
2025-12-03,P0018,1.0,0.52
2025-12-03,P0020,1.0,1.45
2025-12-03,P0022,1.0,2.67
2025-12-03,P0023,1.0,2.87
2025-12-03,P0024,1.0,2.05
2025-12-03,P0025,4.0,12.36
2025-12-03,P0026,2.0,2.78
2025-12-03,P0027,4.0,5.16
2025-12-03,P0028,3.0,7.26
2025-12-03,P0029,1.0,3.8
2025-12-03,P0030,1.0,2.14
2025-12-03,P0032,2.0,2.06
2025-12-03,P0035,2.0,24.76
2025-12-03,P0045,1.0,13.11
2025-12-03,P0047,1.0,7.02
2025-12-03,P0048,1.0,4.08
2025-12-03,P0049,2.0,3.7
2025-12-03,P0052,3.0,1.77
2025-12-03,P0055,1.0,1.27
2025-12-03,P0058,1.0,3.5
2025-12-03,P0059,1.0,0.59
2025-12-03,P0060,1.0,4.1
2025-12-03,P0063,6.0,14.76
2025-12-03,P0064,6.0,25.44
2025-12-03,P0065,2.0,6.08
2025-12-03,P0066,3.0,14.58
2025-12-03,P0067,2.0,2.0
2025-12-03,P0068,1.0,3.83
2025-12-03,P0070,1.0,1.65
2025-12-03,P0071,1.0,2.94
2025-12-03,P0073,1.0,3.99
2025-12-03,P0076,1.0,1.98
2025-12-03,P0077,2.0,1.02
2025-12-03,P0078,6.0,6.84
2025-12-03,P0079,1.0,5.17
2025-12-03,P0081,6.0,32.52
2025-12-03,P0082,1.0,4.31
2025-12-03,P0084,2.0,4.48
2025-12-03,P0086,1.0,3.25
2025-12-03,P0091,6.0,20.58
2025-12-03,P0092,1.0,3.81
2025-12-03,P0093,1.0,3.5
2025-12-03,P0094,1.0,0.72
2025-12-03,P0096,1.0,3.05
2025-12-03,P0097,1.0,1.12
2025-12-03,P0098,1.0,0.45
2025-12-03,P0101,5.0,0.9
2025-12-03,P0105,6.0,8.76
2025-12-03,P0110,5.0,19.55
2025-12-03,P0114,1.0,1.85
2025-12-03,P0117,1.0,5.4
2025-12-03,P0118,1.0,4.49
2025-12-03,P0121,3.0,28.32
2025-12-03,P0122,2.0,6.04
2025-12-03,P0123,1.0,3.62
2025-12-03,P0124,3.0,7.11
2025-12-03,P0127,1.0,1.52
2025-12-03,P0128,2.0,2.92
2025-12-04,P0006,1.0,0.39
2025-12-04,P0014,1.0,2.05
2025-12-04,P0016,1.0,1.66
2025-12-04,P0017,1.0,3.18
2025-12-04,P0020,1.0,1.45
2025-12-04,P0021,1.0,0.52
2025-12-04,P0022,1.0,2.67
2025-12-04,P0025,4.0,12.36
2025-12-04,P0026,2.0,2.78
2025-12-04,P0028,3.0,7.26
2025-12-04,P0029,1.0,3.8
2025-12-04,P0031,1.0,0.93
2025-12-04,P0032,1.0,1.03
2025-12-04,P0035,2.0,24.76
2025-12-04,P0037,2.0,9.52
2025-12-04,P0040,1.0,10.55
2025-12-04,P0044,1.0,11.65
2025-12-04,P0045,1.0,13.11
2025-12-04,P0046,2.0,15.36
2025-12-04,P0047,1.0,7.02
2025-12-04,P0048,1.0,4.08
2025-12-04,P0049,1.0,1.85
2025-12-04,P0050,1.0,0.68
2025-12-04,P0051,2.0,7.6
2025-12-04,P0052,3.0,1.77
2025-12-04,P0055,2.0,2.54
2025-12-04,P0057,1.0,3.47
2025-12-04,P0058,2.0,7.0
2025-12-04,P0061,1.0,2.31
2025-12-04,P0063,4.0,9.84
2025-12-04,P0064,5.0,21.2
2025-12-04,P0066,2.0,9.72
2025-12-04,P0067,4.0,4.0
2025-12-04,P0068,1.0,3.83
2025-12-04,P0072,2.0,3.98
2025-12-04,P0073,1.0,3.99
2025-12-04,P0076,1.0,1.98
2025-12-04,P0078,6.0,6.84
2025-12-04,P0081,6.0,32.52
2025-12-04,P0086,2.0,6.5
2025-12-04,P0089,1.0,0.68
2025-12-04,P0090,1.0,3.69
2025-12-04,P0091,6.0,20.58
2025-12-04,P0093,2.0,7.0
2025-12-04,P0095,3.0,10.8
2025-12-04,P0096,1.0,3.05
2025-12-04,P0097,2.0,2.24
2025-12-04,P0099,1.0,0.24
2025-12-04,P0101,2.0,0.36
2025-12-04,P0104,1.0,3.05
2025-12-04,P0105,6.0,8.76
2025-12-04,P0109,3.0,5.67
2025-12-04,P0110,4.0,15.64
2025-12-04,P0112,4.0,15.6
2025-12-04,P0113,1.0,3.35
2025-12-04,P0117,2.0,10.8
2025-12-04,P0118,1.0,4.49
2025-12-04,P0121,3.0,28.32
2025-12-04,P0122,1.0,3.02
2025-12-04,P0123,1.0,3.62
2025-12-04,P0124,2.0,4.74
2025-12-04,P0126,1.0,2.19
2025-12-04,P0127,2.0,3.04
2025-12-04,P0128,2.0,2.92
2025-12-05,P0001,2.0,4.86
2025-12-05,P0003,2.0,5.96
2025-12-05,P0006,1.0,0.39
2025-12-05,P0008,1.0,1.84
2025-12-05,P0014,2.0,4.1
2025-12-05,P0015,1.0,1.5
2025-12-05,P0017,1.0,3.18
2025-12-05,P0018,3.0,1.56
2025-12-05,P0019,1.0,0.19
2025-12-05,P0020,2.0,2.9
2025-12-05,P0021,1.0,0.52
2025-12-05,P0022,1.0,2.67
2025-12-05,P0025,6.0,18.54
2025-12-05,P0026,1.0,1.39
2025-12-05,P0027,5.0,6.45
2025-12-05,P0028,6.0,14.52
2025-12-05,P0030,1.0,2.14
2025-12-05,P0034,1.0,9.5
2025-12-05,P0035,1.0,12.38
2025-12-05,P0037,2.0,9.52
2025-12-05,P0038,1.0,4.95
2025-12-05,P0039,1.0,9.08
2025-12-05,P0040,2.0,21.1
2025-12-05,P0045,2.0,26.22
2025-12-05,P0046,3.0,23.04
2025-12-05,P0047,1.0,7.02
2025-12-05,P0048,2.0,8.16
2025-12-05,P0049,3.0,5.55
2025-12-05,P0050,1.0,0.68
2025-12-05,P0051,5.0,19.0
2025-12-05,P0052,1.0,0.59
2025-12-05,P0055,2.0,2.54
2025-12-05,P0056,2.0,8.16
2025-12-05,P0057,5.0,17.35
2025-12-05,P0058,2.0,7.0
2025-12-05,P0059,1.0,0.59
2025-12-05,P0063,3.0,7.38
2025-12-05,P0064,5.0,21.2
2025-12-05,P0065,3.0,9.12
2025-12-05,P0066,3.0,14.58
2025-12-05,P0067,2.0,2.0
2025-12-05,P0069,3.0,14.01
2025-12-05,P0070,2.0,3.3
2025-12-05,P0072,1.0,1.99
2025-12-05,P0073,2.0,7.98
2025-12-05,P0077,4.0,2.04
2025-12-05,P0078,6.0,6.84
2025-12-05,P0081,6.0,32.52
2025-12-05,P0082,1.0,4.31
2025-12-05,P0083,1.0,1.26
2025-12-05,P0084,2.0,4.48
2025-12-05,P0086,1.0,3.25
2025-12-05,P0088,1.0,1.83
2025-12-05,P0089,2.0,1.36
2025-12-05,P0091,6.0,20.58
2025-12-05,P0095,1.0,3.6
2025-12-05,P0097,3.0,3.36
2025-12-05,P0104,4.0,12.2
2025-12-05,P0105,6.0,8.76
2025-12-05,P0106,1.0,1.13
2025-12-05,P0107,1.0,3.48
2025-12-05,P0109,1.0,1.89
2025-12-05,P0110,3.0,11.73
2025-12-05,P0111,1.0,3.7
2025-12-05,P0112,4.0,15.6
2025-12-05,P0113,1.0,3.35
2025-12-05,P0116,1.0,2.18
2025-12-05,P0118,1.0,4.49
2025-12-05,P0119,1.0,3.32
2025-12-05,P0120,1.0,8.84
2025-12-05,P0122,1.0,3.02
2025-12-05,P0123,1.0,3.62
2025-12-05,P0124,1.0,2.37
2025-12-05,P0125,1.0,4.5
2025-12-05,P0126,1.0,2.19
2025-12-05,P0128,1.0,1.46
2025-12-06,P0001,4.0,9.72
2025-12-06,P0003,1.0,2.98
2025-12-06,P0004,1.0,3.08
2025-12-06,P0006,1.0,0.39
2025-12-06,P0011,1.0,2.62
2025-12-06,P0014,2.0,4.1
2025-12-06,P0015,2.0,3.0
2025-12-06,P0016,2.0,3.32
2025-12-06,P0017,1.0,3.18
2025-12-06,P0020,1.0,1.45
2025-12-06,P0025,6.0,18.54
2025-12-06,P0026,2.0,2.78
2025-12-06,P0027,2.0,2.58
2025-12-06,P0028,6.0,14.52
2025-12-06,P0029,1.0,3.8
2025-12-06,P0030,2.0,4.28
2025-12-06,P0031,2.0,1.86
2025-12-06,P0032,1.0,1.03
2025-12-06,P0033,2.0,5.9
2025-12-06,P0035,3.0,37.14
2025-12-06,P0039,1.0,9.08
2025-12-06,P0045,2.0,26.22
2025-12-06,P0048,3.0,12.24
2025-12-06,P0049,1.0,1.85
2025-12-06,P0050,1.0,0.68
2025-12-06,P0051,3.0,11.4
2025-12-06,P0052,1.0,0.59
2025-12-06,P0053,2.0,2.26
2025-12-06,P0055,1.0,1.27
2025-12-06,P0056,2.0,8.16
2025-12-06,P0057,4.0,13.88
2025-12-06,P0058,1.0,3.5
2025-12-06,P0059,1.0,0.59
2025-12-06,P0062,2.0,5.38
2025-12-06,P0063,4.0,9.84
2025-12-06,P0064,6.0,25.44
2025-12-06,P0065,3.0,9.12
2025-12-06,P0066,5.0,24.3
2025-12-06,P0067,1.0,1.0
2025-12-06,P0069,2.0,9.34
2025-12-06,P0072,1.0,1.99
2025-12-06,P0074,1.0,0.99
2025-12-06,P0075,1.0,5.42
2025-12-06,P0076,2.0,3.96
2025-12-06,P0077,1.0,0.51
2025-12-06,P0078,6.0,6.84
2025-12-06,P0079,1.0,5.17
2025-12-06,P0081,6.0,32.52
2025-12-06,P0084,2.0,4.48
2025-12-06,P0086,1.0,3.25
2025-12-06,P0088,1.0,1.83
2025-12-06,P0091,6.0,20.58
2025-12-06,P0093,1.0,3.5
2025-12-06,P0094,2.0,1.44
2025-12-06,P0095,1.0,3.6
2025-12-06,P0096,1.0,3.05
2025-12-06,P0097,2.0,2.24
2025-12-06,P0098,1.0,0.45
2025-12-06,P0100,1.0,0.23
2025-12-06,P0101,3.0,0.54
2025-12-06,P0103,1.0,2.37
2025-12-06,P0104,4.0,12.2
2025-12-06,P0105,6.0,8.76
2025-12-06,P0110,3.0,11.73
2025-12-06,P0111,1.0,3.7
2025-12-06,P0112,1.0,3.9
2025-12-06,P0114,1.0,1.85
2025-12-06,P0117,1.0,5.4
2025-12-06,P0118,1.0,4.49
2025-12-06,P0121,2.0,18.88
2025-12-06,P0122,5.0,15.1
2025-12-06,P0123,2.0,7.24
2025-12-06,P0124,3.0,7.11
2025-12-06,P0125,3.0,13.5
2025-12-06,P0126,1.0,2.19
2025-12-06,P0127,2.0,3.04
2025-12-06,P0128,4.0,5.84
2025-12-07,P0001,2.0,4.86
2025-12-07,P0003,2.0,5.96
2025-12-07,P0005,1.0,2.03
2025-12-07,P0006,1.0,0.39
2025-12-07,P0014,1.0,2.05
2025-12-07,P0015,2.0,3.0
2025-12-07,P0016,1.0,1.66
2025-12-07,P0018,1.0,0.52
2025-12-07,P0021,1.0,0.52
2025-12-07,P0023,1.0,2.87
2025-12-07,P0025,6.0,18.54
2025-12-07,P0026,4.0,5.56
2025-12-07,P0027,2.0,2.58
2025-12-07,P0028,5.0,12.1
2025-12-07,P0029,1.0,3.8
2025-12-07,P0031,1.0,0.93
2025-12-07,P0032,1.0,1.03
2025-12-07,P0035,3.0,37.14
2025-12-07,P0036,1.0,9.19
2025-12-07,P0037,1.0,4.76
2025-12-07,P0038,1.0,4.95
2025-12-07,P0039,2.0,18.16
2025-12-07,P0041,1.0,9.61
2025-12-07,P0042,1.0,14.27
2025-12-07,P0045,2.0,26.22
2025-12-07,P0047,1.0,7.02
2025-12-07,P0048,1.0,4.08
2025-12-07,P0049,1.0,1.85
2025-12-07,P0050,4.0,2.72
2025-12-07,P0051,2.0,7.6
2025-12-07,P0052,1.0,0.59
2025-12-07,P0055,2.0,2.54
2025-12-07,P0056,3.0,12.24
2025-12-07,P0057,4.0,13.88
2025-12-07,P0058,2.0,7.0
2025-12-07,P0062,1.0,2.69
2025-12-07,P0063,2.0,4.92
2025-12-07,P0064,5.0,21.2
2025-12-07,P0066,5.0,24.3
2025-12-07,P0067,3.0,3.0
2025-12-07,P0072,1.0,1.99
2025-12-07,P0073,1.0,3.99
2025-12-07,P0075,1.0,5.42
2025-12-07,P0076,1.0,1.98
2025-12-07,P0077,1.0,0.51
2025-12-07,P0078,6.0,6.84
2025-12-07,P0080,2.0,4.0
2025-12-07,P0081,6.0,32.52
2025-12-07,P0084,2.0,4.48
2025-12-07,P0086,1.0,3.25
2025-12-07,P0089,1.0,0.68
2025-12-07,P0091,6.0,20.58
2025-12-07,P0092,1.0,3.81
2025-12-07,P0094,1.0,0.72
2025-12-07,P0097,1.0,1.12
2025-12-07,P0101,2.0,0.36
2025-12-07,P0102,2.0,2.36
2025-12-07,P0103,2.0,4.74
2025-12-07,P0105,6.0,8.76
2025-12-07,P0110,1.0,3.91
2025-12-07,P0112,1.0,3.9
2025-12-07,P0115,1.0,1.96
2025-12-07,P0117,1.0,5.4
2025-12-07,P0118,1.0,4.49
2025-12-07,P0119,2.0,6.64
2025-12-07,P0121,2.0,18.88
2025-12-07,P0122,2.0,6.04
2025-12-07,P0123,1.0,3.62
2025-12-07,P0124,4.0,9.48
2025-12-07,P0125,1.0,4.5
2025-12-07,P0126,1.0,2.19
2025-12-07,P0127,3.0,4.56
2025-12-07,P0128,2.0,2.92
2025-12-08,P0001,3.0,7.29
2025-12-08,P0002,1.0,0.48
2025-12-08,P0005,1.0,2.03
2025-12-08,P0006,1.0,0.39
2025-12-08,P0010,1.0,2.57
2025-12-08,P0012,1.0,2.46
2025-12-08,P0013,2.0,5.56
2025-12-08,P0014,1.0,2.05
2025-12-08,P0015,2.0,3.0
2025-12-08,P0017,1.0,3.18
2025-12-08,P0018,2.0,1.04
2025-12-08,P0020,1.0,1.45
2025-12-08,P0021,1.0,0.52
2025-12-08,P0022,2.0,5.34
2025-12-08,P0023,2.0,5.74
2025-12-08,P0025,6.0,18.54
2025-12-08,P0026,2.0,2.78
2025-12-08,P0027,1.0,1.29
2025-12-08,P0028,5.0,12.1
2025-12-08,P0030,1.0,2.14
2025-12-08,P0031,1.0,0.93
2025-12-08,P0035,1.0,12.38
2025-12-08,P0038,1.0,4.95
2025-12-08,P0039,1.0,9.08
2025-12-08,P0045,2.0,26.22
2025-12-08,P0047,1.0,7.02
2025-12-08,P0051,2.0,7.6
2025-12-08,P0052,1.0,0.59
2025-12-08,P0055,2.0,2.54
2025-12-08,P0056,1.0,4.08
2025-12-08,P0057,2.0,6.94
2025-12-08,P0058,2.0,7.0
2025-12-08,P0059,2.0,1.18
2025-12-08,P0061,2.0,4.62
2025-12-08,P0062,2.0,5.38
2025-12-08,P0063,1.0,2.46
2025-12-08,P0064,5.0,21.2
2025-12-08,P0065,1.0,3.04
2025-12-08,P0066,4.0,19.44
2025-12-08,P0067,2.0,2.0
2025-12-08,P0068,1.0,3.83
2025-12-08,P0069,1.0,4.67
2025-12-08,P0070,1.0,1.65
2025-12-08,P0076,1.0,1.98
2025-12-08,P0078,6.0,6.84
2025-12-08,P0080,2.0,4.0
2025-12-08,P0081,6.0,32.52
2025-12-08,P0082,2.0,8.62
2025-12-08,P0084,3.0,6.72
2025-12-08,P0086,2.0,6.5
2025-12-08,P0089,1.0,0.68
2025-12-08,P0091,6.0,20.58
2025-12-08,P0092,1.0,3.81
2025-12-08,P0094,2.0,1.44
2025-12-08,P0095,1.0,3.6
2025-12-08,P0097,3.0,3.36
2025-12-08,P0098,1.0,0.45
2025-12-08,P0100,1.0,0.23
2025-12-08,P0101,4.0,0.72
2025-12-08,P0105,6.0,8.76
2025-12-08,P0107,1.0,3.48
2025-12-08,P0108,1.0,2.16
2025-12-08,P0110,3.0,11.73
2025-12-08,P0112,2.0,7.8
2025-12-08,P0114,1.0,1.85
2025-12-08,P0115,1.0,1.96
2025-12-08,P0121,1.0,9.44
2025-12-08,P0122,2.0,6.04
2025-12-08,P0123,1.0,3.62
2025-12-08,P0124,2.0,4.74
2025-12-08,P0125,1.0,4.5
2025-12-08,P0128,1.0,1.46
2025-12-09,P0001,2.0,4.86
2025-12-09,P0003,2.0,5.96
2025-12-09,P0005,1.0,2.03
2025-12-09,P0006,3.0,1.17
2025-12-09,P0011,1.0,2.62
2025-12-09,P0012,1.0,2.46
2025-12-09,P0014,2.0,4.1
2025-12-09,P0017,1.0,3.18
2025-12-09,P0018,1.0,0.52
2025-12-09,P0023,2.0,5.74
2025-12-09,P0024,1.0,2.05
2025-12-09,P0025,5.0,15.45
2025-12-09,P0026,2.0,2.78
2025-12-09,P0027,1.0,1.29
2025-12-09,P0028,6.0,14.52
2025-12-09,P0030,1.0,2.14
2025-12-09,P0035,1.0,12.38
2025-12-09,P0037,2.0,9.52
2025-12-09,P0038,1.0,4.95
2025-12-09,P0039,1.0,9.08
2025-12-09,P0042,1.0,14.27
2025-12-09,P0045,2.0,26.22
2025-12-09,P0046,2.0,15.36
2025-12-09,P0048,1.0,4.08
2025-12-09,P0049,1.0,1.85
2025-12-09,P0050,2.0,1.36
2025-12-09,P0051,2.0,7.6
2025-12-09,P0052,2.0,1.18
2025-12-09,P0055,2.0,2.54
2025-12-09,P0056,2.0,8.16
2025-12-09,P0057,2.0,6.94
2025-12-09,P0058,1.0,3.5
2025-12-09,P0063,2.0,4.92
2025-12-09,P0064,5.0,21.2
2025-12-09,P0065,2.0,6.08
2025-12-09,P0066,2.0,9.72
2025-12-09,P0067,3.0,3.0
2025-12-09,P0070,1.0,1.65
2025-12-09,P0072,1.0,1.99
2025-12-09,P0073,1.0,3.99
2025-12-09,P0077,2.0,1.02
2025-12-09,P0078,6.0,6.84
2025-12-09,P0080,1.0,2.0
2025-12-09,P0081,6.0,32.52
2025-12-09,P0084,3.0,6.72
2025-12-09,P0088,1.0,1.83
2025-12-09,P0089,1.0,0.68
2025-12-09,P0091,6.0,20.58
2025-12-09,P0094,3.0,2.16
2025-12-09,P0096,1.0,3.05
2025-12-09,P0097,1.0,1.12
2025-12-09,P0098,1.0,0.45
2025-12-09,P0101,1.0,0.18
2025-12-09,P0102,1.0,1.18
2025-12-09,P0104,3.0,9.15
2025-12-09,P0105,6.0,8.76
2025-12-09,P0110,3.0,11.73
2025-12-09,P0113,2.0,6.7
2025-12-09,P0114,1.0,1.85
2025-12-09,P0117,1.0,5.4
2025-12-09,P0121,1.0,9.44
2025-12-09,P0122,1.0,3.02
2025-12-09,P0124,2.0,4.74
2025-12-09,P0127,1.0,1.52
2025-12-09,P0128,1.0,1.46
2025-12-10,P0003,1.0,2.98
2025-12-10,P0008,2.0,3.68
2025-12-10,P0010,1.0,2.57
2025-12-10,P0014,3.0,6.15
2025-12-10,P0015,1.0,1.5
2025-12-10,P0017,2.0,6.36
2025-12-10,P0018,2.0,1.04
2025-12-10,P0020,1.0,1.45
2025-12-10,P0021,1.0,0.52
2025-12-10,P0025,5.0,15.45
2025-12-10,P0026,1.0,1.39
2025-12-10,P0027,2.0,2.58
2025-12-10,P0028,6.0,14.52
2025-12-10,P0029,2.0,7.6
2025-12-10,P0031,2.0,1.86
2025-12-10,P0034,1.0,9.5
2025-12-10,P0035,3.0,37.14
2025-12-10,P0037,2.0,9.52
2025-12-10,P0038,2.0,9.9
2025-12-10,P0039,1.0,9.08
2025-12-10,P0045,2.0,26.22
2025-12-10,P0047,2.0,14.04
2025-12-10,P0050,4.0,2.72
2025-12-10,P0051,5.0,19.0
2025-12-10,P0052,4.0,2.36
2025-12-10,P0054,1.0,1.06
2025-12-10,P0056,2.0,8.16
2025-12-10,P0057,1.0,3.47
2025-12-10,P0058,1.0,3.5
2025-12-10,P0061,1.0,2.31
2025-12-10,P0063,2.0,4.92
2025-12-10,P0064,6.0,25.44
2025-12-10,P0065,4.0,12.16
2025-12-10,P0066,1.0,4.86
2025-12-10,P0067,2.0,2.0
2025-12-10,P0070,1.0,1.65
2025-12-10,P0073,1.0,3.99
2025-12-10,P0076,1.0,1.98
2025-12-10,P0078,6.0,6.84
2025-12-10,P0079,1.0,5.17
2025-12-10,P0080,1.0,2.0
2025-12-10,P0081,6.0,32.52
2025-12-10,P0082,1.0,4.31
2025-12-10,P0084,2.0,4.48
2025-12-10,P0088,1.0,1.83
2025-12-10,P0089,1.0,0.68
2025-12-10,P0091,6.0,20.58
2025-12-10,P0094,2.0,1.44
2025-12-10,P0097,2.0,2.24
2025-12-10,P0100,1.0,0.23
2025-12-10,P0101,1.0,0.18
2025-12-10,P0103,1.0,2.37
2025-12-10,P0104,2.0,6.1
2025-12-10,P0105,6.0,8.76
2025-12-10,P0106,2.0,2.26
2025-12-10,P0109,1.0,1.89
2025-12-10,P0110,3.0,11.73
2025-12-10,P0112,1.0,3.9
2025-12-10,P0117,1.0,5.4
2025-12-10,P0121,2.0,18.88
2025-12-10,P0123,2.0,7.24
2025-12-10,P0124,1.0,2.37
2025-12-10,P0126,1.0,2.19
2025-12-10,P0127,1.0,1.52
2025-12-10,P0128,1.0,1.46
2025-12-11,P0001,1.0,2.43
2025-12-11,P0002,1.0,0.48
2025-12-11,P0004,1.0,3.08
2025-12-11,P0005,1.0,2.03
2025-12-11,P0014,3.0,6.15
2025-12-11,P0015,1.0,1.5
2025-12-11,P0023,3.0,8.61
2025-12-11,P0025,6.0,18.54
2025-12-11,P0026,3.0,4.17
2025-12-11,P0027,4.0,5.16
2025-12-11,P0028,5.0,12.1
2025-12-11,P0029,2.0,7.6
2025-12-11,P0030,1.0,2.14
2025-12-11,P0033,1.0,2.95
2025-12-11,P0035,1.0,12.38
2025-12-11,P0038,1.0,4.95
2025-12-11,P0045,2.0,26.22
2025-12-11,P0047,1.0,7.02
2025-12-11,P0048,2.0,8.16
2025-12-11,P0051,2.0,7.6
2025-12-11,P0052,1.0,0.59
2025-12-11,P0055,2.0,2.54
2025-12-11,P0056,2.0,8.16
2025-12-11,P0057,1.0,3.47
2025-12-11,P0058,1.0,3.5
2025-12-11,P0059,2.0,1.18
2025-12-11,P0061,2.0,4.62
2025-12-11,P0062,1.0,2.69
2025-12-11,P0063,4.0,9.84
2025-12-11,P0064,3.0,12.72
2025-12-11,P0066,2.0,9.72
2025-12-11,P0067,1.0,1.0
2025-12-11,P0072,2.0,3.98
2025-12-11,P0074,1.0,0.99
2025-12-11,P0076,2.0,3.96
2025-12-11,P0077,2.0,1.02
2025-12-11,P0078,6.0,6.84
2025-12-11,P0079,1.0,5.17
2025-12-11,P0080,2.0,4.0
2025-12-11,P0081,6.0,32.52
2025-12-11,P0083,2.0,2.52
2025-12-11,P0084,2.0,4.48
2025-12-11,P0088,1.0,1.83
2025-12-11,P0089,1.0,0.68
2025-12-11,P0091,6.0,20.58
2025-12-11,P0094,3.0,2.16
2025-12-11,P0095,2.0,7.2
2025-12-11,P0096,1.0,3.05
2025-12-11,P0097,3.0,3.36
2025-12-11,P0101,2.0,0.36
2025-12-11,P0104,3.0,9.15
2025-12-11,P0105,6.0,8.76
2025-12-11,P0109,1.0,1.89
2025-12-11,P0110,3.0,11.73
2025-12-11,P0112,1.0,3.9
2025-12-11,P0113,1.0,3.35
2025-12-11,P0115,1.0,1.96
2025-12-11,P0116,1.0,2.18
2025-12-11,P0117,3.0,16.2
2025-12-11,P0118,1.0,4.49
2025-12-11,P0121,4.0,37.76
2025-12-11,P0122,1.0,3.02
2025-12-11,P0123,3.0,10.86
2025-12-11,P0124,2.0,4.74
2025-12-11,P0125,1.0,4.5
2025-12-11,P0127,2.0,3.04
2025-12-11,P0128,2.0,2.92
2025-12-12,P0001,3.0,7.29
2025-12-12,P0003,1.0,2.98
2025-12-12,P0005,1.0,2.03
2025-12-12,P0010,1.0,2.57
2025-12-12,P0014,2.0,4.1
2025-12-12,P0015,3.0,4.5
2025-12-12,P0018,1.0,0.52
2025-12-12,P0019,1.0,0.19
2025-12-12,P0021,2.0,1.04
2025-12-12,P0025,6.0,18.54
2025-12-12,P0026,1.0,1.39
2025-12-12,P0027,5.0,6.45
2025-12-12,P0028,6.0,14.52
2025-12-12,P0029,2.0,7.6
2025-12-12,P0032,1.0,1.03
2025-12-12,P0034,1.0,9.5
2025-12-12,P0035,2.0,24.76
2025-12-12,P0038,1.0,4.95
2025-12-12,P0039,1.0,9.08
2025-12-12,P0045,2.0,26.22
2025-12-12,P0046,1.0,7.68
2025-12-12,P0047,1.0,7.02
2025-12-12,P0048,1.0,4.08
2025-12-12,P0050,3.0,2.04
2025-12-12,P0051,5.0,19.0
2025-12-12,P0052,2.0,1.18
2025-12-12,P0055,1.0,1.27
2025-12-12,P0056,3.0,12.24
2025-12-12,P0057,1.0,3.47
2025-12-12,P0058,1.0,3.5
2025-12-12,P0060,1.0,4.1
2025-12-12,P0061,2.0,4.62
2025-12-12,P0062,1.0,2.69
2025-12-12,P0063,2.0,4.92
2025-12-12,P0064,4.0,16.96
2025-12-12,P0065,2.0,6.08
2025-12-12,P0066,2.0,9.72
2025-12-12,P0067,3.0,3.0
2025-12-12,P0068,2.0,7.66
2025-12-12,P0070,1.0,1.65
2025-12-12,P0072,1.0,1.99
2025-12-12,P0073,1.0,3.99
2025-12-12,P0074,1.0,0.99
2025-12-12,P0075,1.0,5.42
2025-12-12,P0078,6.0,6.84
2025-12-12,P0080,3.0,6.0
2025-12-12,P0081,6.0,32.52
2025-12-12,P0084,2.0,4.48
2025-12-12,P0087,1.0,1.17
2025-12-12,P0088,1.0,1.83
2025-12-12,P0089,1.0,0.68
2025-12-12,P0091,6.0,20.58
2025-12-12,P0093,2.0,7.0
2025-12-12,P0094,3.0,2.16
2025-12-12,P0095,2.0,7.2
2025-12-12,P0097,5.0,5.6
2025-12-12,P0100,1.0,0.23
2025-12-12,P0101,2.0,0.36
2025-12-12,P0103,1.0,2.37
2025-12-12,P0104,1.0,3.05
2025-12-12,P0105,6.0,8.76
2025-12-12,P0108,1.0,2.16
2025-12-12,P0109,1.0,1.89
2025-12-12,P0110,3.0,11.73
2025-12-12,P0112,1.0,3.9
2025-12-12,P0115,1.0,1.96
2025-12-12,P0116,1.0,2.18
2025-12-12,P0117,2.0,10.8
2025-12-12,P0119,2.0,6.64
2025-12-12,P0121,2.0,18.88
2025-12-12,P0122,2.0,6.04
2025-12-12,P0123,2.0,7.24
2025-12-12,P0124,2.0,4.74
2025-12-12,P0127,2.0,3.04
2025-12-12,P0128,2.0,2.92
2025-12-13,P0001,1.0,2.43
2025-12-13,P0003,1.0,2.98
2025-12-13,P0004,1.0,3.08
2025-12-13,P0005,1.0,2.03
2025-12-13,P0006,2.0,0.78
2025-12-13,P0014,3.0,6.15
2025-12-13,P0015,2.0,3.0
2025-12-13,P0017,1.0,3.18
2025-12-13,P0018,2.0,1.04
2025-12-13,P0022,2.0,5.34
2025-12-13,P0023,3.0,8.61
2025-12-13,P0024,1.0,2.05
2025-12-13,P0025,6.0,18.54
2025-12-13,P0026,2.0,2.78
2025-12-13,P0027,2.0,2.58
2025-12-13,P0028,6.0,14.52
2025-12-13,P0029,3.0,11.4
2025-12-13,P0031,1.0,0.93
2025-12-13,P0032,1.0,1.03
2025-12-13,P0035,1.0,12.38
2025-12-13,P0037,3.0,14.28
2025-12-13,P0039,1.0,9.08
2025-12-13,P0040,1.0,10.55
2025-12-13,P0045,2.0,26.22
2025-12-13,P0047,1.0,7.02
2025-12-13,P0048,1.0,4.08
2025-12-13,P0049,2.0,3.7
2025-12-13,P0050,1.0,0.68
2025-12-13,P0051,4.0,15.2
2025-12-13,P0052,2.0,1.18
2025-12-13,P0055,2.0,2.54
2025-12-13,P0056,3.0,12.24
2025-12-13,P0057,1.0,3.47
2025-12-13,P0058,2.0,7.0
2025-12-13,P0059,1.0,0.59
2025-12-13,P0061,2.0,4.62
2025-12-13,P0063,5.0,12.3
2025-12-13,P0064,6.0,25.44
2025-12-13,P0066,4.0,19.44
2025-12-13,P0067,5.0,5.0
2025-12-13,P0068,1.0,3.83
2025-12-13,P0069,1.0,4.67
2025-12-13,P0072,1.0,1.99
2025-12-13,P0073,1.0,3.99
2025-12-13,P0074,2.0,1.98
2025-12-13,P0078,6.0,6.84
2025-12-13,P0079,1.0,5.17
2025-12-13,P0081,6.0,32.52
2025-12-13,P0082,2.0,8.62
2025-12-13,P0084,2.0,4.48
2025-12-13,P0085,1.0,1.47
2025-12-13,P0089,1.0,0.68
2025-12-13,P0090,1.0,3.69
2025-12-13,P0091,6.0,20.58
2025-12-13,P0094,3.0,2.16
2025-12-13,P0095,1.0,3.6
2025-12-13,P0100,2.0,0.46
2025-12-13,P0101,6.0,1.08
2025-12-13,P0104,1.0,3.05
2025-12-13,P0105,6.0,8.76
2025-12-13,P0106,1.0,1.13
2025-12-13,P0107,1.0,3.48
2025-12-13,P0110,1.0,3.91
2025-12-13,P0111,1.0,3.7
2025-12-13,P0112,3.0,11.7
2025-12-13,P0113,1.0,3.35
2025-12-13,P0114,4.0,7.4
2025-12-13,P0116,2.0,4.36
2025-12-13,P0121,2.0,18.88
2025-12-13,P0122,2.0,6.04
2025-12-13,P0123,2.0,7.24
2025-12-13,P0124,3.0,7.11
2025-12-13,P0125,2.0,9.0
2025-12-13,P0127,4.0,6.08
2025-12-13,P0128,3.0,4.38
2025-12-14,P0001,2.0,4.86
2025-12-14,P0003,2.0,5.96
2025-12-14,P0004,3.0,9.24
2025-12-14,P0007,1.0,2.07
2025-12-14,P0008,1.0,1.84
2025-12-14,P0015,2.0,3.0
2025-12-14,P0017,1.0,3.18
2025-12-14,P0020,1.0,1.45
2025-12-14,P0023,2.0,5.74
2025-12-14,P0025,6.0,18.54
2025-12-14,P0026,3.0,4.17
2025-12-14,P0027,1.0,1.29
2025-12-14,P0028,6.0,14.52
2025-12-14,P0029,1.0,3.8
2025-12-14,P0030,2.0,4.28
2025-12-14,P0034,2.0,19.0
2025-12-14,P0035,1.0,12.38
2025-12-14,P0040,1.0,10.55
2025-12-14,P0047,1.0,7.02
2025-12-14,P0051,3.0,11.4
2025-12-14,P0052,1.0,0.59
2025-12-14,P0055,2.0,2.54
2025-12-14,P0056,2.0,8.16
2025-12-14,P0057,2.0,6.94
2025-12-14,P0058,1.0,3.5
2025-12-14,P0059,1.0,0.59
2025-12-14,P0061,1.0,2.31
2025-12-14,P0063,3.0,7.38
2025-12-14,P0064,5.0,21.2
2025-12-14,P0065,2.0,6.08
2025-12-14,P0066,3.0,14.58
2025-12-14,P0067,3.0,3.0
2025-12-14,P0068,2.0,7.66
2025-12-14,P0070,2.0,3.3
2025-12-14,P0072,2.0,3.98
2025-12-14,P0073,1.0,3.99
2025-12-14,P0074,1.0,0.99
2025-12-14,P0076,1.0,1.98
2025-12-14,P0078,6.0,6.84
2025-12-14,P0081,6.0,32.52
2025-12-14,P0084,1.0,2.24
2025-12-14,P0088,1.0,1.83
2025-12-14,P0089,2.0,1.36
2025-12-14,P0091,6.0,20.58
2025-12-14,P0092,1.0,3.81
2025-12-14,P0094,2.0,1.44
2025-12-14,P0095,1.0,3.6
2025-12-14,P0097,2.0,2.24
2025-12-14,P0098,2.0,0.9
2025-12-14,P0101,5.0,0.9
2025-12-14,P0103,1.0,2.37
2025-12-14,P0104,3.0,9.15
2025-12-14,P0105,6.0,8.76
2025-12-14,P0107,1.0,3.48
2025-12-14,P0110,2.0,7.82
2025-12-14,P0112,1.0,3.9
2025-12-14,P0113,1.0,3.35
2025-12-14,P0115,1.0,1.96
2025-12-14,P0117,2.0,10.8
2025-12-14,P0118,2.0,8.98
2025-12-14,P0121,1.0,9.44
2025-12-14,P0122,1.0,3.02
2025-12-14,P0123,1.0,3.62
2025-12-14,P0124,1.0,2.37
2025-12-14,P0128,3.0,4.38
2025-12-15,P0001,2.0,4.86
2025-12-15,P0006,2.0,0.78
2025-12-15,P0008,1.0,1.84
2025-12-15,P0015,2.0,3.0
2025-12-15,P0017,1.0,3.18
2025-12-15,P0018,1.0,0.52
2025-12-15,P0025,6.0,18.54
2025-12-15,P0026,2.0,2.78
2025-12-15,P0027,1.0,1.29
2025-12-15,P0028,4.0,9.68
2025-12-15,P0029,2.0,7.6
2025-12-15,P0031,2.0,1.86
2025-12-15,P0033,2.0,5.9
2025-12-15,P0035,3.0,37.14
2025-12-15,P0037,1.0,4.76
2025-12-15,P0038,1.0,4.95
2025-12-15,P0039,2.0,18.16
2025-12-15,P0040,1.0,10.55
2025-12-15,P0043,1.0,8.55
2025-12-15,P0045,3.0,39.33
2025-12-15,P0047,1.0,7.02
2025-12-15,P0049,1.0,1.85
2025-12-15,P0050,1.0,0.68
2025-12-15,P0051,1.0,3.8
2025-12-15,P0052,3.0,1.77
2025-12-15,P0053,1.0,1.13
2025-12-15,P0055,2.0,2.54
2025-12-15,P0056,3.0,12.24
2025-12-15,P0057,1.0,3.47
2025-12-15,P0059,1.0,0.59
2025-12-15,P0061,1.0,2.31
2025-12-15,P0062,1.0,2.69
2025-12-15,P0063,1.0,2.46
2025-12-15,P0064,4.0,16.96
2025-12-15,P0065,2.0,6.08
2025-12-15,P0066,5.0,24.3
2025-12-15,P0073,2.0,7.98
2025-12-15,P0074,1.0,0.99
2025-12-15,P0077,1.0,0.51
2025-12-15,P0078,6.0,6.84
2025-12-15,P0079,2.0,10.34
2025-12-15,P0080,2.0,4.0
2025-12-15,P0081,6.0,32.52
2025-12-15,P0083,1.0,1.26
2025-12-15,P0085,1.0,1.47
2025-12-15,P0088,1.0,1.83
2025-12-15,P0089,3.0,2.04
2025-12-15,P0091,6.0,20.58
2025-12-15,P0093,1.0,3.5
2025-12-15,P0094,1.0,0.72
2025-12-15,P0095,2.0,7.2
2025-12-15,P0096,1.0,3.05
2025-12-15,P0098,1.0,0.45
2025-12-15,P0101,2.0,0.36
2025-12-15,P0103,1.0,2.37
2025-12-15,P0104,1.0,3.05
2025-12-15,P0105,6.0,8.76
2025-12-15,P0106,1.0,1.13
2025-12-15,P0109,1.0,1.89
2025-12-15,P0110,1.0,3.91
2025-12-15,P0112,1.0,3.9
2025-12-15,P0117,1.0,5.4
2025-12-15,P0121,2.0,18.88
2025-12-15,P0122,4.0,12.08
2025-12-15,P0123,2.0,7.24
2025-12-15,P0124,1.0,2.37
2025-12-15,P0125,1.0,4.5
2025-12-15,P0127,2.0,3.04
2025-12-15,P0128,1.0,1.46
2025-12-16,P0001,2.0,4.86
2025-12-16,P0004,1.0,3.08
2025-12-16,P0006,1.0,0.39
2025-12-16,P0014,1.0,2.05
2025-12-16,P0016,1.0,1.66
2025-12-16,P0017,1.0,3.18
2025-12-16,P0020,1.0,1.45
2025-12-16,P0023,1.0,2.87
2025-12-16,P0025,3.0,9.27
2025-12-16,P0027,1.0,1.29
2025-12-16,P0028,5.0,12.1
2025-12-16,P0029,1.0,3.8
2025-12-16,P0030,2.0,4.28
2025-12-16,P0031,1.0,0.93
2025-12-16,P0033,2.0,5.9
2025-12-16,P0035,2.0,24.76
2025-12-16,P0037,2.0,9.52
2025-12-16,P0038,1.0,4.95
2025-12-16,P0042,1.0,14.27
2025-12-16,P0045,1.0,13.11
2025-12-16,P0046,1.0,7.68
2025-12-16,P0048,3.0,12.24
2025-12-16,P0049,2.0,3.7
2025-12-16,P0050,1.0,0.68
2025-12-16,P0051,3.0,11.4
2025-12-16,P0052,1.0,0.59
2025-12-16,P0055,1.0,1.27
2025-12-16,P0056,4.0,16.32
2025-12-16,P0057,2.0,6.94
2025-12-16,P0059,1.0,0.59
2025-12-16,P0063,3.0,7.38
2025-12-16,P0064,4.0,16.96
2025-12-16,P0065,2.0,6.08
2025-12-16,P0066,3.0,14.58
2025-12-16,P0067,2.0,2.0
2025-12-16,P0068,1.0,3.83
2025-12-16,P0072,1.0,1.99
2025-12-16,P0073,1.0,3.99
2025-12-16,P0075,1.0,5.42
2025-12-16,P0076,1.0,1.98
2025-12-16,P0077,1.0,0.51
2025-12-16,P0078,6.0,6.84
2025-12-16,P0079,1.0,5.17
2025-12-16,P0080,1.0,2.0
2025-12-16,P0081,6.0,32.52
2025-12-16,P0082,1.0,4.31
2025-12-16,P0084,1.0,2.24
2025-12-16,P0086,1.0,3.25
2025-12-16,P0087,1.0,1.17
2025-12-16,P0090,1.0,3.69
2025-12-16,P0091,6.0,20.58
2025-12-16,P0094,1.0,0.72
2025-12-16,P0097,1.0,1.12
2025-12-16,P0098,1.0,0.45
2025-12-16,P0101,3.0,0.54
2025-12-16,P0104,3.0,9.15
2025-12-16,P0105,5.0,7.3
2025-12-16,P0106,1.0,1.13
2025-12-16,P0110,2.0,7.82
2025-12-16,P0111,1.0,3.7
2025-12-16,P0112,1.0,3.9
2025-12-16,P0113,1.0,3.35
2025-12-16,P0115,1.0,1.96
2025-12-16,P0116,1.0,2.18
2025-12-16,P0117,2.0,10.8
2025-12-16,P0118,1.0,4.49
2025-12-16,P0119,1.0,3.32
2025-12-16,P0122,1.0,3.02
2025-12-16,P0123,1.0,3.62
2025-12-16,P0124,1.0,2.37
2025-12-16,P0127,1.0,1.52
2025-12-16,P0128,2.0,2.92
2025-12-17,P0003,1.0,2.98
2025-12-17,P0007,1.0,2.07
2025-12-17,P0008,1.0,1.84
2025-12-17,P0015,1.0,1.5
2025-12-17,P0020,1.0,1.45
2025-12-17,P0023,2.0,5.74
2025-12-17,P0025,5.0,15.45
2025-12-17,P0026,1.0,1.39
2025-12-17,P0028,4.0,9.68
2025-12-17,P0029,1.0,3.8
2025-12-17,P0034,1.0,9.5
2025-12-17,P0035,2.0,24.76
2025-12-17,P0038,2.0,9.9
2025-12-17,P0044,1.0,11.65
2025-12-17,P0047,1.0,7.02
2025-12-17,P0048,1.0,4.08
2025-12-17,P0049,1.0,1.85
2025-12-17,P0050,1.0,0.68
2025-12-17,P0051,2.0,7.6
2025-12-17,P0052,1.0,0.59
2025-12-17,P0055,3.0,3.81
2025-12-17,P0056,1.0,4.08
2025-12-17,P0057,2.0,6.94
2025-12-17,P0058,2.0,7.0
2025-12-17,P0059,1.0,0.59
2025-12-17,P0061,1.0,2.31
2025-12-17,P0063,4.0,9.84
2025-12-17,P0064,5.0,21.2
2025-12-17,P0065,3.0,9.12
2025-12-17,P0066,2.0,9.72
2025-12-17,P0067,3.0,3.0
2025-12-17,P0070,1.0,1.65
2025-12-17,P0073,1.0,3.99
2025-12-17,P0076,1.0,1.98
2025-12-17,P0078,6.0,6.84
2025-12-17,P0080,1.0,2.0
2025-12-17,P0081,6.0,32.52
2025-12-17,P0084,4.0,8.96
2025-12-17,P0086,2.0,6.5
2025-12-17,P0090,2.0,7.38
2025-12-17,P0091,6.0,20.58
2025-12-17,P0094,1.0,0.72
2025-12-17,P0097,3.0,3.36
2025-12-17,P0101,2.0,0.36
2025-12-17,P0104,3.0,9.15
2025-12-17,P0105,6.0,8.76
2025-12-17,P0106,1.0,1.13
2025-12-17,P0110,2.0,7.82
2025-12-17,P0112,1.0,3.9
2025-12-17,P0113,1.0,3.35
2025-12-17,P0117,1.0,5.4
2025-12-17,P0121,2.0,18.88
2025-12-17,P0122,1.0,3.02
2025-12-17,P0123,1.0,3.62
2025-12-17,P0124,2.0,4.74
2025-12-17,P0125,2.0,9.0
2025-12-17,P0127,1.0,1.52
2025-12-17,P0128,1.0,1.46
2025-12-18,P0006,2.0,0.78
2025-12-18,P0014,3.0,6.15
2025-12-18,P0015,1.0,1.5
2025-12-18,P0020,3.0,4.35
2025-12-18,P0021,1.0,0.52
2025-12-18,P0025,5.0,15.45
2025-12-18,P0027,3.0,3.87
2025-12-18,P0028,6.0,14.52
2025-12-18,P0029,2.0,7.6
2025-12-18,P0031,1.0,0.93
2025-12-18,P0035,2.0,24.76
2025-12-18,P0042,1.0,14.27
2025-12-18,P0044,1.0,11.65
2025-12-18,P0045,1.0,13.11
2025-12-18,P0047,2.0,14.04
2025-12-18,P0048,1.0,4.08
2025-12-18,P0049,1.0,1.85
2025-12-18,P0050,2.0,1.36
2025-12-18,P0051,2.0,7.6
2025-12-18,P0052,3.0,1.77
2025-12-18,P0056,2.0,8.16
2025-12-18,P0057,4.0,13.88
2025-12-18,P0062,1.0,2.69
2025-12-18,P0063,3.0,7.38
2025-12-18,P0064,4.0,16.96
2025-12-18,P0065,1.0,3.04
2025-12-18,P0066,3.0,14.58
2025-12-18,P0067,1.0,1.0
2025-12-18,P0070,1.0,1.65
2025-12-18,P0071,1.0,2.94
2025-12-18,P0073,2.0,7.98
2025-12-18,P0075,2.0,10.84
2025-12-18,P0077,1.0,0.51
2025-12-18,P0078,6.0,6.84
2025-12-18,P0080,1.0,2.0
2025-12-18,P0081,6.0,32.52
2025-12-18,P0087,1.0,1.17
2025-12-18,P0091,6.0,20.58
2025-12-18,P0093,1.0,3.5
2025-12-18,P0094,2.0,1.44
2025-12-18,P0096,1.0,3.05
2025-12-18,P0097,3.0,3.36
2025-12-18,P0101,4.0,0.72
2025-12-18,P0104,2.0,6.1
2025-12-18,P0105,6.0,8.76
2025-12-18,P0106,1.0,1.13
2025-12-18,P0107,1.0,3.48
2025-12-18,P0110,2.0,7.82
2025-12-18,P0112,1.0,3.9
2025-12-18,P0114,2.0,3.7
2025-12-18,P0115,2.0,3.92
2025-12-18,P0117,2.0,10.8
2025-12-18,P0118,1.0,4.49
2025-12-18,P0119,1.0,3.32
2025-12-18,P0121,1.0,9.44
2025-12-18,P0122,3.0,9.06
2025-12-18,P0123,1.0,3.62
2025-12-18,P0127,3.0,4.56
2025-12-18,P0128,1.0,1.46
2025-12-19,P0001,1.0,2.43
2025-12-19,P0003,1.0,2.98
2025-12-19,P0004,2.0,6.16
2025-12-19,P0014,1.0,2.05
2025-12-19,P0015,2.0,3.0
2025-12-19,P0017,1.0,3.18
2025-12-19,P0023,1.0,2.87
2025-12-19,P0025,6.0,18.54
2025-12-19,P0026,3.0,4.17
2025-12-19,P0027,2.0,2.58
2025-12-19,P0028,6.0,14.52
2025-12-19,P0029,1.0,3.8
2025-12-19,P0031,1.0,0.93
2025-12-19,P0032,1.0,1.03
2025-12-19,P0035,1.0,12.38
2025-12-19,P0037,1.0,4.76
2025-12-19,P0038,1.0,4.95
2025-12-19,P0042,1.0,14.27
2025-12-19,P0045,1.0,13.11
2025-12-19,P0047,2.0,14.04
2025-12-19,P0048,2.0,8.16
2025-12-19,P0049,1.0,1.85
2025-12-19,P0050,1.0,0.68
2025-12-19,P0051,5.0,19.0
2025-12-19,P0052,3.0,1.77
2025-12-19,P0053,1.0,1.13
2025-12-19,P0055,2.0,2.54
2025-12-19,P0056,2.0,8.16
2025-12-19,P0057,3.0,10.41
2025-12-19,P0058,1.0,3.5
2025-12-19,P0061,1.0,2.31
2025-12-19,P0063,4.0,9.84
2025-12-19,P0064,6.0,25.44
2025-12-19,P0065,1.0,3.04
2025-12-19,P0066,1.0,4.86
2025-12-19,P0067,1.0,1.0
2025-12-19,P0069,1.0,4.67
2025-12-19,P0072,1.0,1.99
2025-12-19,P0078,6.0,6.84
2025-12-19,P0080,2.0,4.0
2025-12-19,P0081,6.0,32.52
2025-12-19,P0084,5.0,11.2
2025-12-19,P0086,3.0,9.75
2025-12-19,P0090,1.0,3.69
2025-12-19,P0091,6.0,20.58
2025-12-19,P0096,1.0,3.05
2025-12-19,P0097,3.0,3.36
2025-12-19,P0101,3.0,0.54
2025-12-19,P0103,1.0,2.37
2025-12-19,P0104,2.0,6.1
2025-12-19,P0105,6.0,8.76
2025-12-19,P0107,1.0,3.48
2025-12-19,P0108,1.0,2.16
2025-12-19,P0110,3.0,11.73
2025-12-19,P0116,1.0,2.18
2025-12-19,P0117,1.0,5.4
2025-12-19,P0118,2.0,8.98
2025-12-19,P0119,1.0,3.32
2025-12-19,P0120,1.0,8.84
2025-12-19,P0121,2.0,18.88
2025-12-19,P0122,2.0,6.04
2025-12-19,P0123,3.0,10.86
2025-12-19,P0124,4.0,9.48
2025-12-19,P0125,2.0,9.0
2025-12-19,P0127,3.0,4.56
2025-12-20,P0001,5.0,12.15
2025-12-20,P0002,1.0,0.48
2025-12-20,P0003,1.0,2.98
2025-12-20,P0005,1.0,2.03
2025-12-20,P0006,1.0,0.39
2025-12-20,P0014,3.0,6.15
2025-12-20,P0015,2.0,3.0
2025-12-20,P0017,1.0,3.18
2025-12-20,P0018,2.0,1.04
2025-12-20,P0020,1.0,1.45
2025-12-20,P0021,1.0,0.52
2025-12-20,P0022,2.0,5.34
2025-12-20,P0023,1.0,2.87
2025-12-20,P0025,6.0,18.54
2025-12-20,P0026,2.0,2.78
2025-12-20,P0027,4.0,5.16
2025-12-20,P0028,6.0,14.52
2025-12-20,P0029,2.0,7.6
2025-12-20,P0031,2.0,1.86
2025-12-20,P0032,1.0,1.03
2025-12-20,P0035,2.0,24.76
2025-12-20,P0038,1.0,4.95
2025-12-20,P0040,1.0,10.55
2025-12-20,P0041,2.0,19.22
2025-12-20,P0045,1.0,13.11
2025-12-20,P0048,1.0,4.08
2025-12-20,P0049,2.0,3.7
2025-12-20,P0050,3.0,2.04
2025-12-20,P0051,4.0,15.2
2025-12-20,P0052,3.0,1.77
2025-12-20,P0055,3.0,3.81
2025-12-20,P0056,2.0,8.16
2025-12-20,P0057,3.0,10.41
2025-12-20,P0058,4.0,14.0
2025-12-20,P0059,1.0,0.59
2025-12-20,P0062,1.0,2.69
2025-12-20,P0063,6.0,14.76
2025-12-20,P0064,6.0,25.44
2025-12-20,P0065,3.0,9.12
2025-12-20,P0066,3.0,14.58
2025-12-20,P0067,1.0,1.0
2025-12-20,P0068,1.0,3.83
2025-12-20,P0069,1.0,4.67
2025-12-20,P0072,2.0,3.98
2025-12-20,P0078,6.0,6.84
2025-12-20,P0080,2.0,4.0
2025-12-20,P0081,6.0,32.52
2025-12-20,P0084,3.0,6.72
2025-12-20,P0085,1.0,1.47
2025-12-20,P0086,1.0,3.25
2025-12-20,P0089,2.0,1.36
2025-12-20,P0091,6.0,20.58
2025-12-20,P0092,1.0,3.81
2025-12-20,P0094,1.0,0.72
2025-12-20,P0095,1.0,3.6
2025-12-20,P0096,1.0,3.05
2025-12-20,P0097,4.0,4.48
2025-12-20,P0101,2.0,0.36
2025-12-20,P0104,2.0,6.1
2025-12-20,P0105,6.0,8.76
2025-12-20,P0106,1.0,1.13
2025-12-20,P0108,1.0,2.16
2025-12-20,P0109,1.0,1.89
2025-12-20,P0110,3.0,11.73
2025-12-20,P0111,2.0,7.4
2025-12-20,P0112,2.0,7.8
2025-12-20,P0113,1.0,3.35
2025-12-20,P0117,1.0,5.4
2025-12-20,P0118,4.0,17.96
2025-12-20,P0120,1.0,8.84
2025-12-20,P0121,3.0,28.32
2025-12-20,P0122,3.0,9.06
2025-12-20,P0123,2.0,7.24
2025-12-20,P0124,2.0,4.74
2025-12-20,P0127,3.0,4.56
2025-12-20,P0128,3.0,4.38
2025-12-21,P0001,2.0,4.86
2025-12-21,P0002,1.0,0.48
2025-12-21,P0004,3.0,9.24
2025-12-21,P0005,1.0,2.03
2025-12-21,P0006,1.0,0.39
2025-12-21,P0008,1.0,1.84
2025-12-21,P0014,1.0,2.05
2025-12-21,P0016,1.0,1.66
2025-12-21,P0020,1.0,1.45
2025-12-21,P0021,1.0,0.52
2025-12-21,P0023,1.0,2.87
2025-12-21,P0025,6.0,18.54
2025-12-21,P0026,2.0,2.78
2025-12-21,P0027,1.0,1.29
2025-12-21,P0028,6.0,14.52
2025-12-21,P0029,1.0,3.8
2025-12-21,P0030,1.0,2.14
2025-12-21,P0031,3.0,2.79
2025-12-21,P0034,1.0,9.5
2025-12-21,P0035,4.0,49.52
2025-12-21,P0036,2.0,18.38
2025-12-21,P0037,2.0,9.52
2025-12-21,P0045,3.0,39.33
2025-12-21,P0048,2.0,8.16
2025-12-21,P0049,1.0,1.85
2025-12-21,P0050,1.0,0.68
2025-12-21,P0051,2.0,7.6
2025-12-21,P0052,3.0,1.77
2025-12-21,P0053,2.0,2.26
2025-12-21,P0056,3.0,12.24
2025-12-21,P0057,2.0,6.94
2025-12-21,P0058,1.0,3.5
2025-12-21,P0059,1.0,0.59
2025-12-21,P0061,2.0,4.62
2025-12-21,P0063,3.0,7.38
2025-12-21,P0064,4.0,16.96
2025-12-21,P0066,1.0,4.86
2025-12-21,P0067,2.0,2.0
2025-12-21,P0068,2.0,7.66
2025-12-21,P0070,2.0,3.3
2025-12-21,P0073,1.0,3.99
2025-12-21,P0074,1.0,0.99
2025-12-21,P0076,1.0,1.98
2025-12-21,P0078,6.0,6.84
2025-12-21,P0081,6.0,32.52
2025-12-21,P0084,4.0,8.96
2025-12-21,P0086,1.0,3.25
2025-12-21,P0089,1.0,0.68
2025-12-21,P0091,6.0,20.58
2025-12-21,P0094,3.0,2.16
2025-12-21,P0095,4.0,14.4
2025-12-21,P0096,1.0,3.05
2025-12-21,P0097,3.0,3.36
2025-12-21,P0099,2.0,0.48
2025-12-21,P0101,2.0,0.36
2025-12-21,P0104,1.0,3.05
2025-12-21,P0105,6.0,8.76
2025-12-21,P0110,4.0,15.64
2025-12-21,P0111,1.0,3.7
2025-12-21,P0112,1.0,3.9
2025-12-21,P0114,1.0,1.85
2025-12-21,P0117,1.0,5.4
2025-12-21,P0119,1.0,3.32
2025-12-21,P0122,2.0,6.04
2025-12-21,P0123,1.0,3.62
2025-12-21,P0127,2.0,3.04
2025-12-21,P0128,2.0,2.92
2025-12-22,P0001,1.0,2.43
2025-12-22,P0005,1.0,2.03
2025-12-22,P0008,1.0,1.84
2025-12-22,P0010,1.0,2.57
2025-12-22,P0014,3.0,6.15
2025-12-22,P0017,1.0,3.18
2025-12-22,P0018,2.0,1.04
2025-12-22,P0020,2.0,2.9
2025-12-22,P0023,1.0,2.87
2025-12-22,P0025,2.0,6.18
2025-12-22,P0026,1.0,1.39
2025-12-22,P0028,5.0,12.1
2025-12-22,P0029,2.0,7.6
2025-12-22,P0031,1.0,0.93
2025-12-22,P0032,1.0,1.03
2025-12-22,P0033,1.0,2.95
2025-12-22,P0036,1.0,9.19
2025-12-22,P0039,1.0,9.08
2025-12-22,P0040,1.0,10.55
2025-12-22,P0044,1.0,11.65
2025-12-22,P0047,1.0,7.02
2025-12-22,P0048,1.0,4.08
2025-12-22,P0049,2.0,3.7
2025-12-22,P0050,1.0,0.68
2025-12-22,P0051,2.0,7.6
2025-12-22,P0052,1.0,0.59
2025-12-22,P0054,1.0,1.06
2025-12-22,P0055,1.0,1.27
2025-12-22,P0056,2.0,8.16
2025-12-22,P0057,2.0,6.94
2025-12-22,P0058,2.0,7.0
2025-12-22,P0059,1.0,0.59
2025-12-22,P0062,1.0,2.69
2025-12-22,P0063,3.0,7.38
2025-12-22,P0064,2.0,8.48
2025-12-22,P0065,3.0,9.12
2025-12-22,P0066,1.0,4.86
2025-12-22,P0070,1.0,1.65
2025-12-22,P0076,1.0,1.98
2025-12-22,P0077,1.0,0.51
2025-12-22,P0078,6.0,6.84
2025-12-22,P0080,1.0,2.0
2025-12-22,P0081,6.0,32.52
2025-12-22,P0086,1.0,3.25
2025-12-22,P0089,3.0,2.04
2025-12-22,P0091,6.0,20.58
2025-12-22,P0094,3.0,2.16
2025-12-22,P0096,1.0,3.05
2025-12-22,P0097,3.0,3.36
2025-12-22,P0098,1.0,0.45
2025-12-22,P0101,1.0,0.18
2025-12-22,P0105,6.0,8.76
2025-12-22,P0106,2.0,2.26
2025-12-22,P0107,1.0,3.48
2025-12-22,P0110,3.0,11.73
2025-12-22,P0112,2.0,7.8
2025-12-22,P0117,1.0,5.4
2025-12-22,P0119,1.0,3.32
2025-12-22,P0121,3.0,28.32
2025-12-22,P0122,4.0,12.08
2025-12-22,P0123,2.0,7.24
2025-12-22,P0124,4.0,9.48
2025-12-22,P0127,1.0,1.52
2025-12-22,P0128,2.0,2.92
2025-12-23,P0003,2.0,5.96
2025-12-23,P0005,1.0,2.03
2025-12-23,P0014,4.0,8.2
2025-12-23,P0015,2.0,3.0
2025-12-23,P0018,1.0,0.52
2025-12-23,P0020,1.0,1.45
2025-12-23,P0025,5.0,15.45
2025-12-23,P0026,2.0,2.78
2025-12-23,P0028,5.0,12.1
2025-12-23,P0029,1.0,3.8
2025-12-23,P0030,1.0,2.14
2025-12-23,P0031,1.0,0.93
2025-12-23,P0035,2.0,24.76
2025-12-23,P0037,2.0,9.52
2025-12-23,P0038,3.0,14.85
2025-12-23,P0041,1.0,9.61
2025-12-23,P0045,2.0,26.22
2025-12-23,P0047,1.0,7.02
2025-12-23,P0049,1.0,1.85
2025-12-23,P0050,3.0,2.04
2025-12-23,P0051,3.0,11.4
2025-12-23,P0052,1.0,0.59
2025-12-23,P0053,1.0,1.13
2025-12-23,P0055,1.0,1.27
2025-12-23,P0056,1.0,4.08
2025-12-23,P0057,2.0,6.94
2025-12-23,P0059,2.0,1.18
2025-12-23,P0062,1.0,2.69
2025-12-23,P0063,1.0,2.46
2025-12-23,P0064,2.0,8.48
2025-12-23,P0065,3.0,9.12
2025-12-23,P0066,4.0,19.44
2025-12-23,P0067,1.0,1.0
2025-12-23,P0070,3.0,4.95
2025-12-23,P0078,6.0,6.84
2025-12-23,P0079,2.0,10.34
2025-12-23,P0080,2.0,4.0
2025-12-23,P0081,6.0,32.52
2025-12-23,P0091,6.0,20.58
2025-12-23,P0096,1.0,3.05
2025-12-23,P0097,4.0,4.48
2025-12-23,P0103,1.0,2.37
2025-12-23,P0104,1.0,3.05
2025-12-23,P0105,6.0,8.76
2025-12-23,P0110,1.0,3.91
2025-12-23,P0111,1.0,3.7
2025-12-23,P0112,1.0,3.9
2025-12-23,P0114,1.0,1.85
2025-12-23,P0115,1.0,1.96
2025-12-23,P0117,1.0,5.4
2025-12-23,P0118,1.0,4.49
2025-12-23,P0120,1.0,8.84
2025-12-23,P0122,5.0,15.1
2025-12-23,P0123,1.0,3.62
2025-12-23,P0124,1.0,2.37
2025-12-23,P0127,1.0,1.52
2025-12-23,P0128,1.0,1.46
2025-12-24,P0001,1.0,2.43
2025-12-24,P0003,1.0,2.98
2025-12-24,P0005,3.0,6.09
2025-12-24,P0006,1.0,0.39
2025-12-24,P0012,2.0,4.92
2025-12-24,P0014,3.0,6.15
2025-12-24,P0015,1.0,1.5
2025-12-24,P0018,1.0,0.52
2025-12-24,P0021,1.0,0.52
2025-12-24,P0025,5.0,15.45
2025-12-24,P0026,2.0,2.78
2025-12-24,P0027,3.0,3.87
2025-12-24,P0028,3.0,7.26
2025-12-24,P0029,1.0,3.8
2025-12-24,P0030,1.0,2.14
2025-12-24,P0032,1.0,1.03
2025-12-24,P0033,3.0,8.85
2025-12-24,P0038,1.0,4.95
2025-12-24,P0039,1.0,9.08
2025-12-24,P0045,1.0,13.11
2025-12-24,P0047,1.0,7.02
2025-12-24,P0048,1.0,4.08
2025-12-24,P0049,3.0,5.55
2025-12-24,P0050,2.0,1.36
2025-12-24,P0051,2.0,7.6
2025-12-24,P0052,3.0,1.77
2025-12-24,P0053,1.0,1.13
2025-12-24,P0056,3.0,12.24
2025-12-24,P0057,1.0,3.47
2025-12-24,P0060,1.0,4.1
2025-12-24,P0062,1.0,2.69
2025-12-24,P0063,3.0,7.38
2025-12-24,P0064,4.0,16.96
2025-12-24,P0065,1.0,3.04
2025-12-24,P0066,2.0,9.72
2025-12-24,P0067,2.0,2.0
2025-12-24,P0068,1.0,3.83
2025-12-24,P0075,1.0,5.42
2025-12-24,P0076,1.0,1.98
2025-12-24,P0077,1.0,0.51
2025-12-24,P0078,6.0,6.84
2025-12-24,P0079,1.0,5.17
2025-12-24,P0080,1.0,2.0
2025-12-24,P0081,6.0,32.52
2025-12-24,P0084,1.0,2.24
2025-12-24,P0088,1.0,1.83
2025-12-24,P0091,6.0,20.58
2025-12-24,P0094,2.0,1.44
2025-12-24,P0095,1.0,3.6
2025-12-24,P0096,2.0,6.1
2025-12-24,P0097,2.0,2.24
2025-12-24,P0098,1.0,0.45
2025-12-24,P0101,3.0,0.54
2025-12-24,P0105,6.0,8.76
2025-12-24,P0110,2.0,7.82
2025-12-24,P0114,1.0,1.85
2025-12-24,P0117,2.0,10.8
2025-12-24,P0118,1.0,4.49
2025-12-24,P0121,2.0,18.88
2025-12-24,P0122,2.0,6.04
2025-12-24,P0124,1.0,2.37
2025-12-24,P0127,2.0,3.04
2025-12-24,P0128,2.0,2.92
2025-12-25,P0002,1.0,0.48
2025-12-25,P0003,2.0,5.96
2025-12-25,P0004,1.0,3.08
2025-12-25,P0006,1.0,0.39
2025-12-25,P0010,1.0,2.57
2025-12-25,P0013,1.0,2.78
2025-12-25,P0014,1.0,2.05
2025-12-25,P0015,3.0,4.5
2025-12-25,P0020,1.0,1.45
2025-12-25,P0022,1.0,2.67
2025-12-25,P0023,1.0,2.87
2025-12-25,P0025,5.0,15.45
2025-12-25,P0026,3.0,4.17
2025-12-25,P0027,1.0,1.29
2025-12-25,P0028,6.0,14.52
2025-12-25,P0033,2.0,5.9
2025-12-25,P0035,2.0,24.76
2025-12-25,P0037,1.0,4.76
2025-12-25,P0040,1.0,10.55
2025-12-25,P0042,1.0,14.27
2025-12-25,P0044,1.0,11.65
2025-12-25,P0045,1.0,13.11
2025-12-25,P0047,1.0,7.02
2025-12-25,P0048,1.0,4.08
2025-12-25,P0049,1.0,1.85
2025-12-25,P0050,1.0,0.68
2025-12-25,P0051,3.0,11.4
2025-12-25,P0052,3.0,1.77
2025-12-25,P0054,1.0,1.06
2025-12-25,P0055,2.0,2.54
2025-12-25,P0056,3.0,12.24
2025-12-25,P0057,1.0,3.47
2025-12-25,P0058,1.0,3.5
2025-12-25,P0059,1.0,0.59
2025-12-25,P0063,3.0,7.38
2025-12-25,P0064,4.0,16.96
2025-12-25,P0065,2.0,6.08
2025-12-25,P0066,1.0,4.86
2025-12-25,P0067,1.0,1.0
2025-12-25,P0069,1.0,4.67
2025-12-25,P0078,6.0,6.84
2025-12-25,P0080,1.0,2.0
2025-12-25,P0081,6.0,32.52
2025-12-25,P0082,1.0,4.31
2025-12-25,P0084,2.0,4.48
2025-12-25,P0086,2.0,6.5
2025-12-25,P0091,6.0,20.58
2025-12-25,P0094,1.0,0.72
2025-12-25,P0095,1.0,3.6
2025-12-25,P0097,1.0,1.12
2025-12-25,P0098,2.0,0.9
2025-12-25,P0100,2.0,0.46
2025-12-25,P0101,2.0,0.36
2025-12-25,P0103,3.0,7.11
2025-12-25,P0104,1.0,3.05
2025-12-25,P0105,6.0,8.76
2025-12-25,P0109,1.0,1.89
2025-12-25,P0110,3.0,11.73
2025-12-25,P0111,1.0,3.7
2025-12-25,P0112,3.0,11.7
2025-12-25,P0116,1.0,2.18
2025-12-25,P0117,1.0,5.4
2025-12-25,P0121,3.0,28.32
2025-12-25,P0122,1.0,3.02
2025-12-25,P0123,1.0,3.62
2025-12-25,P0124,3.0,7.11
2025-12-25,P0127,1.0,1.52
2025-12-25,P0128,2.0,2.92
2025-12-26,P0001,2.0,4.86
2025-12-26,P0002,1.0,0.48
2025-12-26,P0003,3.0,8.94
2025-12-26,P0007,1.0,2.07
2025-12-26,P0010,1.0,2.57
2025-12-26,P0011,1.0,2.62
2025-12-26,P0013,1.0,2.78
2025-12-26,P0014,3.0,6.15
2025-12-26,P0015,1.0,1.5
2025-12-26,P0017,1.0,3.18
2025-12-26,P0018,1.0,0.52
2025-12-26,P0020,3.0,4.35
2025-12-26,P0022,1.0,2.67
2025-12-26,P0025,6.0,18.54
2025-12-26,P0026,1.0,1.39
2025-12-26,P0027,3.0,3.87
2025-12-26,P0028,6.0,14.52
2025-12-26,P0030,1.0,2.14
2025-12-26,P0031,1.0,0.93
2025-12-26,P0033,1.0,2.95
2025-12-26,P0035,2.0,24.76
2025-12-26,P0037,4.0,19.04
2025-12-26,P0042,1.0,14.27
2025-12-26,P0045,3.0,39.33
2025-12-26,P0047,1.0,7.02
2025-12-26,P0048,1.0,4.08
2025-12-26,P0049,1.0,1.85
2025-12-26,P0050,1.0,0.68
2025-12-26,P0051,2.0,7.6
2025-12-26,P0052,3.0,1.77
2025-12-26,P0055,1.0,1.27
2025-12-26,P0056,2.0,8.16
2025-12-26,P0057,3.0,10.41
2025-12-26,P0058,2.0,7.0
2025-12-26,P0059,1.0,0.59
2025-12-26,P0060,1.0,4.1
2025-12-26,P0061,1.0,2.31
2025-12-26,P0063,4.0,9.84
2025-12-26,P0064,6.0,25.44
2025-12-26,P0065,1.0,3.04
2025-12-26,P0066,3.0,14.58
2025-12-26,P0067,4.0,4.0
2025-12-26,P0069,2.0,9.34
2025-12-26,P0070,1.0,1.65
2025-12-26,P0072,4.0,7.96
2025-12-26,P0073,2.0,7.98
2025-12-26,P0074,1.0,0.99
2025-12-26,P0075,1.0,5.42
2025-12-26,P0076,2.0,3.96
2025-12-26,P0078,6.0,6.84
2025-12-26,P0081,6.0,32.52
2025-12-26,P0084,2.0,4.48
2025-12-26,P0089,1.0,0.68
2025-12-26,P0091,6.0,20.58
2025-12-26,P0094,3.0,2.16
2025-12-26,P0097,4.0,4.48
2025-12-26,P0100,1.0,0.23
2025-12-26,P0101,3.0,0.54
2025-12-26,P0102,2.0,2.36
2025-12-26,P0104,5.0,15.25
2025-12-26,P0105,6.0,8.76
2025-12-26,P0109,1.0,1.89
2025-12-26,P0110,1.0,3.91
2025-12-26,P0112,1.0,3.9
2025-12-26,P0114,1.0,1.85
2025-12-26,P0115,1.0,1.96
2025-12-26,P0117,1.0,5.4
2025-12-26,P0120,1.0,8.84
2025-12-26,P0121,3.0,28.32
2025-12-26,P0122,3.0,9.06
2025-12-26,P0123,1.0,3.62
2025-12-26,P0124,2.0,4.74
2025-12-26,P0127,1.0,1.52
2025-12-26,P0128,3.0,4.38
2025-12-27,P0001,4.0,9.72
2025-12-27,P0003,3.0,8.94
2025-12-27,P0004,3.0,9.24
2025-12-27,P0006,1.0,0.39
2025-12-27,P0012,1.0,2.46
2025-12-27,P0014,4.0,8.2
2025-12-27,P0015,2.0,3.0
2025-12-27,P0017,1.0,3.18
2025-12-27,P0018,3.0,1.56
2025-12-27,P0020,2.0,2.9
2025-12-27,P0022,1.0,2.67
2025-12-27,P0023,1.0,2.87
2025-12-27,P0025,6.0,18.54
2025-12-27,P0026,4.0,5.56
2025-12-27,P0027,2.0,2.58
2025-12-27,P0028,6.0,14.52
2025-12-27,P0029,2.0,7.6
2025-12-27,P0031,2.0,1.86
2025-12-27,P0034,1.0,9.5
2025-12-27,P0035,4.0,49.52
2025-12-27,P0037,3.0,14.28
2025-12-27,P0038,3.0,14.85
2025-12-27,P0042,1.0,14.27
2025-12-27,P0045,2.0,26.22
2025-12-27,P0047,2.0,14.04
2025-12-27,P0048,1.0,4.08
2025-12-27,P0050,2.0,1.36
2025-12-27,P0051,2.0,7.6
2025-12-27,P0052,2.0,1.18
2025-12-27,P0053,2.0,2.26
2025-12-27,P0054,1.0,1.06
2025-12-27,P0055,1.0,1.27
2025-12-27,P0056,4.0,16.32
2025-12-27,P0057,2.0,6.94
2025-12-27,P0058,1.0,3.5
2025-12-27,P0061,2.0,4.62
2025-12-27,P0062,2.0,5.38
2025-12-27,P0063,4.0,9.84
2025-12-27,P0064,6.0,25.44
2025-12-27,P0065,1.0,3.04
2025-12-27,P0066,4.0,19.44
2025-12-27,P0067,5.0,5.0
2025-12-27,P0068,1.0,3.83
2025-12-27,P0072,1.0,1.99
2025-12-27,P0073,2.0,7.98
2025-12-27,P0075,1.0,5.42
2025-12-27,P0077,2.0,1.02
2025-12-27,P0078,6.0,6.84
2025-12-27,P0079,1.0,5.17
2025-12-27,P0080,1.0,2.0
2025-12-27,P0081,6.0,32.52
2025-12-27,P0082,3.0,12.93
2025-12-27,P0084,1.0,2.24
2025-12-27,P0086,1.0,3.25
2025-12-27,P0090,1.0,3.69
2025-12-27,P0091,6.0,20.58
2025-12-27,P0094,2.0,1.44
2025-12-27,P0097,3.0,3.36
2025-12-27,P0099,1.0,0.24
2025-12-27,P0101,3.0,0.54
2025-12-27,P0104,3.0,9.15
2025-12-27,P0105,6.0,8.76
2025-12-27,P0109,1.0,1.89
2025-12-27,P0110,2.0,7.82
2025-12-27,P0111,1.0,3.7
2025-12-27,P0112,5.0,19.5
2025-12-27,P0113,1.0,3.35
2025-12-27,P0117,4.0,21.6
2025-12-27,P0120,1.0,8.84
2025-12-27,P0121,2.0,18.88
2025-12-27,P0122,1.0,3.02
2025-12-27,P0123,2.0,7.24
2025-12-27,P0124,2.0,4.74
2025-12-27,P0125,1.0,4.5
2025-12-27,P0127,1.0,1.52
2025-12-27,P0128,3.0,4.38
2025-12-28,P0001,1.0,2.43
2025-12-28,P0006,1.0,0.39
2025-12-28,P0015,1.0,1.5
2025-12-28,P0016,1.0,1.66
2025-12-28,P0018,1.0,0.52
2025-12-28,P0023,1.0,2.87
2025-12-28,P0025,3.0,9.27
2025-12-28,P0026,3.0,4.17
2025-12-28,P0027,1.0,1.29
2025-12-28,P0028,6.0,14.52
2025-12-28,P0031,2.0,1.86
2025-12-28,P0033,3.0,8.85
2025-12-28,P0035,3.0,37.14
2025-12-28,P0037,2.0,9.52
2025-12-28,P0041,1.0,9.61
2025-12-28,P0043,1.0,8.55
2025-12-28,P0045,1.0,13.11
2025-12-28,P0047,2.0,14.04
2025-12-28,P0048,1.0,4.08
2025-12-28,P0049,2.0,3.7
2025-12-28,P0051,4.0,15.2
2025-12-28,P0052,1.0,0.59
2025-12-28,P0055,3.0,3.81
2025-12-28,P0056,3.0,12.24
2025-12-28,P0058,1.0,3.5
2025-12-28,P0061,1.0,2.31
2025-12-28,P0063,4.0,9.84
2025-12-28,P0064,3.0,12.72
2025-12-28,P0065,4.0,12.16
2025-12-28,P0066,4.0,19.44
2025-12-28,P0067,4.0,4.0
2025-12-28,P0070,1.0,1.65
2025-12-28,P0076,1.0,1.98
2025-12-28,P0078,6.0,6.84
2025-12-28,P0080,2.0,4.0
2025-12-28,P0081,6.0,32.52
2025-12-28,P0084,6.0,13.44
2025-12-28,P0088,1.0,1.83
2025-12-28,P0091,6.0,20.58
2025-12-28,P0093,1.0,3.5
2025-12-28,P0094,2.0,1.44
2025-12-28,P0095,1.0,3.6
2025-12-28,P0097,2.0,2.24
2025-12-28,P0101,4.0,0.72
2025-12-28,P0103,1.0,2.37
2025-12-28,P0104,2.0,6.1
2025-12-28,P0105,6.0,8.76
2025-12-28,P0109,1.0,1.89
2025-12-28,P0110,2.0,7.82
2025-12-28,P0112,2.0,7.8
2025-12-28,P0114,4.0,7.4
2025-12-28,P0116,1.0,2.18
2025-12-28,P0117,2.0,10.8
2025-12-28,P0118,1.0,4.49
2025-12-28,P0119,1.0,3.32
2025-12-28,P0121,2.0,18.88
2025-12-28,P0122,1.0,3.02
2025-12-28,P0123,2.0,7.24
2025-12-28,P0124,1.0,2.37
2025-12-28,P0125,1.0,4.5
2025-12-28,P0127,4.0,6.08
2025-12-28,P0128,2.0,2.92
2025-12-29,P0001,2.0,4.86
2025-12-29,P0011,1.0,2.62
2025-12-29,P0012,1.0,2.46
2025-12-29,P0014,1.0,2.05
2025-12-29,P0015,3.0,4.5
2025-12-29,P0016,1.0,1.66
2025-12-29,P0017,1.0,3.18
2025-12-29,P0020,2.0,2.9
2025-12-29,P0022,1.0,2.67
2025-12-29,P0023,2.0,5.74
2025-12-29,P0025,5.0,15.45
2025-12-29,P0026,2.0,2.78
2025-12-29,P0027,3.0,3.87
2025-12-29,P0028,6.0,14.52
2025-12-29,P0029,3.0,11.4
2025-12-29,P0033,1.0,2.95
2025-12-29,P0035,2.0,24.76
2025-12-29,P0037,2.0,9.52
2025-12-29,P0038,1.0,4.95
2025-12-29,P0040,1.0,10.55
2025-12-29,P0042,1.0,14.27
2025-12-29,P0048,1.0,4.08
2025-12-29,P0049,2.0,3.7
2025-12-29,P0051,3.0,11.4
2025-12-29,P0055,1.0,1.27
2025-12-29,P0056,3.0,12.24
2025-12-29,P0057,2.0,6.94
2025-12-29,P0058,1.0,3.5
2025-12-29,P0061,1.0,2.31
2025-12-29,P0062,1.0,2.69
2025-12-29,P0063,3.0,7.38
2025-12-29,P0064,5.0,21.2
2025-12-29,P0066,2.0,9.72
2025-12-29,P0068,1.0,3.83
2025-12-29,P0070,1.0,1.65
2025-12-29,P0072,1.0,1.99
2025-12-29,P0075,1.0,5.42
2025-12-29,P0077,1.0,0.51
2025-12-29,P0078,6.0,6.84
2025-12-29,P0080,2.0,4.0
2025-12-29,P0081,6.0,32.52
2025-12-29,P0084,3.0,6.72
2025-12-29,P0086,1.0,3.25
2025-12-29,P0090,1.0,3.69
2025-12-29,P0091,6.0,20.58
2025-12-29,P0095,1.0,3.6
2025-12-29,P0096,1.0,3.05
2025-12-29,P0097,3.0,3.36
2025-12-29,P0101,1.0,0.18
2025-12-29,P0103,2.0,4.74
2025-12-29,P0104,2.0,6.1
2025-12-29,P0105,6.0,8.76
2025-12-29,P0110,1.0,3.91
2025-12-29,P0112,1.0,3.9
2025-12-29,P0115,1.0,1.96
2025-12-29,P0117,1.0,5.4
2025-12-29,P0119,1.0,3.32
2025-12-29,P0121,3.0,28.32
2025-12-29,P0122,3.0,9.06
2025-12-29,P0123,1.0,3.62
2025-12-29,P0124,2.0,4.74
2025-12-29,P0126,1.0,2.19
2025-12-29,P0127,2.0,3.04
2025-12-29,P0128,1.0,1.46
2025-12-30,P0001,1.0,2.43
2025-12-30,P0002,1.0,0.48
2025-12-30,P0003,2.0,5.96
2025-12-30,P0014,1.0,2.05
2025-12-30,P0017,1.0,3.18
2025-12-30,P0018,1.0,0.52
2025-12-30,P0021,1.0,0.52
2025-12-30,P0025,6.0,18.54
2025-12-30,P0027,2.0,2.58
2025-12-30,P0028,3.0,7.26
2025-12-30,P0030,1.0,2.14
2025-12-30,P0031,1.0,0.93
2025-12-30,P0032,1.0,1.03
2025-12-30,P0033,1.0,2.95
2025-12-30,P0035,2.0,24.76
2025-12-30,P0037,2.0,9.52
2025-12-30,P0042,2.0,28.54
2025-12-30,P0045,1.0,13.11
2025-12-30,P0047,1.0,7.02
2025-12-30,P0050,1.0,0.68
2025-12-30,P0051,3.0,11.4
2025-12-30,P0052,1.0,0.59
2025-12-30,P0054,1.0,1.06
2025-12-30,P0056,2.0,8.16
2025-12-30,P0057,3.0,10.41
2025-12-30,P0059,1.0,0.59
2025-12-30,P0061,2.0,4.62
2025-12-30,P0063,3.0,7.38
2025-12-30,P0064,2.0,8.48
2025-12-30,P0066,1.0,4.86
2025-12-30,P0067,1.0,1.0
2025-12-30,P0068,1.0,3.83
2025-12-30,P0069,1.0,4.67
2025-12-30,P0073,1.0,3.99
2025-12-30,P0077,1.0,0.51
2025-12-30,P0078,6.0,6.84
2025-12-30,P0079,1.0,5.17
2025-12-30,P0081,6.0,32.52
2025-12-30,P0084,2.0,4.48
2025-12-30,P0089,1.0,0.68
2025-12-30,P0090,1.0,3.69
2025-12-30,P0091,5.0,17.15
2025-12-30,P0094,2.0,1.44
2025-12-30,P0096,2.0,6.1
2025-12-30,P0097,1.0,1.12
2025-12-30,P0101,1.0,0.18
2025-12-30,P0104,3.0,9.15
2025-12-30,P0105,3.0,4.38
2025-12-30,P0109,1.0,1.89
2025-12-30,P0110,4.0,15.64
2025-12-30,P0114,2.0,3.7
2025-12-30,P0122,2.0,6.04
2025-12-30,P0124,1.0,2.37
2025-12-30,P0128,3.0,4.38
2025-12-31,P0001,1.0,2.43
2025-12-31,P0003,2.0,5.96
2025-12-31,P0005,1.0,2.03
2025-12-31,P0012,2.0,4.92
2025-12-31,P0014,2.0,4.1
2025-12-31,P0015,2.0,3.0
2025-12-31,P0017,2.0,6.36
2025-12-31,P0018,1.0,0.52
2025-12-31,P0020,3.0,4.35
2025-12-31,P0022,2.0,5.34
2025-12-31,P0023,1.0,2.87
2025-12-31,P0025,4.0,12.36
2025-12-31,P0026,1.0,1.39
2025-12-31,P0028,6.0,14.52
2025-12-31,P0029,2.0,7.6
2025-12-31,P0031,1.0,0.93
2025-12-31,P0032,2.0,2.06
2025-12-31,P0033,1.0,2.95
2025-12-31,P0035,3.0,37.14
2025-12-31,P0037,3.0,14.28
2025-12-31,P0038,2.0,9.9
2025-12-31,P0042,1.0,14.27
2025-12-31,P0044,1.0,11.65
2025-12-31,P0048,3.0,12.24
2025-12-31,P0049,2.0,3.7
2025-12-31,P0052,2.0,1.18
2025-12-31,P0056,1.0,4.08
2025-12-31,P0057,2.0,6.94
2025-12-31,P0058,1.0,3.5
2025-12-31,P0059,1.0,0.59
2025-12-31,P0061,1.0,2.31
2025-12-31,P0062,1.0,2.69
2025-12-31,P0063,6.0,14.76
2025-12-31,P0064,4.0,16.96
2025-12-31,P0065,1.0,3.04
2025-12-31,P0067,3.0,3.0
2025-12-31,P0068,1.0,3.83
2025-12-31,P0070,1.0,1.65
2025-12-31,P0072,1.0,1.99
2025-12-31,P0077,2.0,1.02
2025-12-31,P0078,6.0,6.84
2025-12-31,P0080,1.0,2.0
2025-12-31,P0081,6.0,32.52
2025-12-31,P0082,1.0,4.31
2025-12-31,P0084,2.0,4.48
2025-12-31,P0089,1.0,0.68
2025-12-31,P0090,1.0,3.69
2025-12-31,P0091,5.0,17.15
2025-12-31,P0096,1.0,3.05
2025-12-31,P0097,2.0,2.24
2025-12-31,P0101,2.0,0.36
2025-12-31,P0104,3.0,9.15
2025-12-31,P0105,6.0,8.76
2025-12-31,P0108,1.0,2.16
2025-12-31,P0110,1.0,3.91
2025-12-31,P0111,1.0,3.7
2025-12-31,P0112,2.0,7.8
2025-12-31,P0115,1.0,1.96
2025-12-31,P0116,1.0,2.18
2025-12-31,P0117,1.0,5.4
2025-12-31,P0121,3.0,28.32
2025-12-31,P0122,4.0,12.08
2025-12-31,P0123,2.0,7.24
2025-12-31,P0124,1.0,2.37
2025-12-31,P0125,1.0,4.5
2025-12-31,P0128,2.0,2.92
2026-01-01,P0001,4.0,9.72
2026-01-01,P0003,1.0,2.98
2026-01-01,P0004,1.0,3.08
2026-01-01,P0006,2.0,0.78
2026-01-01,P0009,1.0,2.76
2026-01-01,P0014,1.0,2.05
2026-01-01,P0016,1.0,1.66
2026-01-01,P0017,1.0,3.18
2026-01-01,P0018,1.0,0.52
2026-01-01,P0020,1.0,1.45
2026-01-01,P0023,1.0,2.87
2026-01-01,P0024,2.0,4.1
2026-01-01,P0025,4.0,12.36
2026-01-01,P0027,3.0,3.87
2026-01-01,P0028,6.0,14.52
2026-01-01,P0031,2.0,1.86
2026-01-01,P0034,2.0,19.0
2026-01-01,P0035,1.0,12.38
2026-01-01,P0037,1.0,4.76
2026-01-01,P0039,1.0,9.08
2026-01-01,P0040,1.0,10.55
2026-01-01,P0048,2.0,8.16
2026-01-01,P0049,1.0,1.85
2026-01-01,P0050,1.0,0.68
2026-01-01,P0051,2.0,7.6
2026-01-01,P0052,1.0,0.59
2026-01-01,P0055,1.0,1.27
2026-01-01,P0056,1.0,4.08
2026-01-01,P0057,2.0,6.94
2026-01-01,P0058,1.0,3.5
2026-01-01,P0061,4.0,9.24
2026-01-01,P0062,1.0,2.69
2026-01-01,P0063,4.0,9.84
2026-01-01,P0064,3.0,12.72
2026-01-01,P0066,3.0,14.58
2026-01-01,P0070,2.0,3.3
2026-01-01,P0072,1.0,1.99
2026-01-01,P0074,1.0,0.99
2026-01-01,P0077,1.0,0.51
2026-01-01,P0078,6.0,6.84
2026-01-01,P0081,6.0,32.52
2026-01-01,P0084,1.0,2.24
2026-01-01,P0086,1.0,3.25
2026-01-01,P0088,1.0,1.83
2026-01-01,P0089,2.0,1.36
2026-01-01,P0091,6.0,20.58
2026-01-01,P0093,1.0,3.5
2026-01-01,P0096,1.0,3.05
2026-01-01,P0097,3.0,3.36
2026-01-01,P0098,1.0,0.45
2026-01-01,P0101,2.0,0.36
2026-01-01,P0103,1.0,2.37
2026-01-01,P0104,3.0,9.15
2026-01-01,P0105,6.0,8.76
2026-01-01,P0106,1.0,1.13
2026-01-01,P0109,1.0,1.89
2026-01-01,P0110,4.0,15.64
2026-01-01,P0112,2.0,7.8
2026-01-01,P0114,1.0,1.85
2026-01-01,P0115,1.0,1.96
2026-01-01,P0117,1.0,5.4
2026-01-01,P0121,1.0,9.44
2026-01-01,P0122,1.0,3.02
2026-01-01,P0123,1.0,3.62
2026-01-01,P0124,1.0,2.37
2026-01-01,P0127,3.0,4.56
2026-01-01,P0128,3.0,4.38
2026-01-02,P0001,1.0,2.43
2026-01-02,P0002,1.0,0.48
2026-01-02,P0003,1.0,2.98
2026-01-02,P0004,1.0,3.08
2026-01-02,P0006,3.0,1.17
2026-01-02,P0007,1.0,2.07
2026-01-02,P0014,2.0,4.1
2026-01-02,P0017,1.0,3.18
2026-01-02,P0018,1.0,0.52
2026-01-02,P0023,2.0,5.74
2026-01-02,P0024,1.0,2.05
2026-01-02,P0025,6.0,18.54
2026-01-02,P0026,2.0,2.78
2026-01-02,P0027,5.0,6.45
2026-01-02,P0028,6.0,14.52
2026-01-02,P0031,2.0,1.86
2026-01-02,P0035,2.0,24.76
2026-01-02,P0037,1.0,4.76
2026-01-02,P0038,3.0,14.85
2026-01-02,P0045,4.0,52.44
2026-01-02,P0046,1.0,7.68
2026-01-02,P0047,2.0,14.04
2026-01-02,P0048,2.0,8.16
2026-01-02,P0050,2.0,1.36
2026-01-02,P0051,3.0,11.4
2026-01-02,P0052,1.0,0.59
2026-01-02,P0056,3.0,12.24
2026-01-02,P0057,1.0,3.47
2026-01-02,P0059,2.0,1.18
2026-01-02,P0060,2.0,8.2
2026-01-02,P0061,2.0,4.62
2026-01-02,P0063,4.0,9.84
2026-01-02,P0064,5.0,21.2
2026-01-02,P0065,2.0,6.08
2026-01-02,P0066,3.0,14.58
2026-01-02,P0067,2.0,2.0
2026-01-02,P0069,1.0,4.67
2026-01-02,P0070,1.0,1.65
2026-01-02,P0073,1.0,3.99
2026-01-02,P0076,2.0,3.96
2026-01-02,P0077,1.0,0.51
2026-01-02,P0078,6.0,6.84
2026-01-02,P0081,6.0,32.52
2026-01-02,P0082,2.0,8.62
2026-01-02,P0084,2.0,4.48
2026-01-02,P0085,1.0,1.47
2026-01-02,P0089,1.0,0.68
2026-01-02,P0090,1.0,3.69
2026-01-02,P0091,6.0,20.58
2026-01-02,P0094,1.0,0.72
2026-01-02,P0095,3.0,10.8
2026-01-02,P0096,2.0,6.1
2026-01-02,P0097,2.0,2.24
2026-01-02,P0098,1.0,0.45
2026-01-02,P0099,1.0,0.24
2026-01-02,P0101,2.0,0.36
2026-01-02,P0103,1.0,2.37
2026-01-02,P0104,5.0,15.25
2026-01-02,P0105,6.0,8.76
2026-01-02,P0106,1.0,1.13
2026-01-02,P0108,1.0,2.16
2026-01-02,P0109,1.0,1.89
2026-01-02,P0110,3.0,11.73
2026-01-02,P0113,2.0,6.7
2026-01-02,P0114,1.0,1.85
2026-01-02,P0116,1.0,2.18
2026-01-02,P0117,1.0,5.4
2026-01-02,P0123,1.0,3.62
2026-01-02,P0124,3.0,7.11
2026-01-02,P0126,1.0,2.19
2026-01-02,P0127,2.0,3.04
2026-01-02,P0128,2.0,2.92
2026-01-03,P0001,1.0,2.43
2026-01-03,P0003,1.0,2.98
2026-01-03,P0004,3.0,9.24
2026-01-03,P0011,1.0,2.62
2026-01-03,P0012,1.0,2.46
2026-01-03,P0014,1.0,2.05
2026-01-03,P0015,1.0,1.5
2026-01-03,P0016,2.0,3.32
2026-01-03,P0017,1.0,3.18
2026-01-03,P0022,2.0,5.34
2026-01-03,P0025,6.0,18.54
2026-01-03,P0026,2.0,2.78
2026-01-03,P0027,4.0,5.16
2026-01-03,P0028,6.0,14.52
2026-01-03,P0029,3.0,11.4
2026-01-03,P0030,3.0,6.42
2026-01-03,P0032,1.0,1.03
2026-01-03,P0033,2.0,5.9
2026-01-03,P0034,1.0,9.5
2026-01-03,P0035,5.0,61.9
2026-01-03,P0037,4.0,19.04
2026-01-03,P0038,1.0,4.95
2026-01-03,P0039,1.0,9.08
2026-01-03,P0044,1.0,11.65
2026-01-03,P0045,1.0,13.11
2026-01-03,P0047,2.0,14.04
2026-01-03,P0048,2.0,8.16
2026-01-03,P0049,2.0,3.7
2026-01-03,P0050,4.0,2.72
2026-01-03,P0051,3.0,11.4
2026-01-03,P0052,3.0,1.77
2026-01-03,P0055,1.0,1.27
2026-01-03,P0056,2.0,8.16
2026-01-03,P0057,3.0,10.41
2026-01-03,P0058,2.0,7.0
2026-01-03,P0062,1.0,2.69
2026-01-03,P0063,4.0,9.84
2026-01-03,P0064,6.0,25.44
2026-01-03,P0065,2.0,6.08
2026-01-03,P0066,4.0,19.44
2026-01-03,P0067,3.0,3.0
2026-01-03,P0073,1.0,3.99
2026-01-03,P0074,1.0,0.99
2026-01-03,P0076,1.0,1.98
2026-01-03,P0077,2.0,1.02
2026-01-03,P0078,6.0,6.84
2026-01-03,P0079,1.0,5.17
2026-01-03,P0081,6.0,32.52
2026-01-03,P0084,4.0,8.96
2026-01-03,P0087,1.0,1.17
2026-01-03,P0088,1.0,1.83
2026-01-03,P0089,3.0,2.04
2026-01-03,P0090,1.0,3.69
2026-01-03,P0091,6.0,20.58
2026-01-03,P0094,2.0,1.44
2026-01-03,P0095,1.0,3.6
2026-01-03,P0096,1.0,3.05
2026-01-03,P0097,2.0,2.24
2026-01-03,P0099,2.0,0.48
2026-01-03,P0100,1.0,0.23
2026-01-03,P0101,4.0,0.72
2026-01-03,P0104,2.0,6.1
2026-01-03,P0105,6.0,8.76
2026-01-03,P0110,2.0,7.82
2026-01-03,P0111,1.0,3.7
2026-01-03,P0112,3.0,11.7
2026-01-03,P0114,1.0,1.85
2026-01-03,P0117,1.0,5.4
2026-01-03,P0121,2.0,18.88
2026-01-03,P0122,2.0,6.04
2026-01-03,P0124,2.0,4.74
2026-01-03,P0125,2.0,9.0
2026-01-03,P0127,3.0,4.56
2026-01-03,P0128,2.0,2.92
2026-01-04,P0001,3.0,7.29
2026-01-04,P0003,1.0,2.98
2026-01-04,P0004,1.0,3.08
2026-01-04,P0007,1.0,2.07
2026-01-04,P0008,2.0,3.68
2026-01-04,P0012,1.0,2.46
2026-01-04,P0014,1.0,2.05
2026-01-04,P0016,1.0,1.66
2026-01-04,P0017,1.0,3.18
2026-01-04,P0018,2.0,1.04
2026-01-04,P0019,1.0,0.19
2026-01-04,P0020,1.0,1.45
2026-01-04,P0023,1.0,2.87
2026-01-04,P0024,1.0,2.05
2026-01-04,P0025,5.0,15.45
2026-01-04,P0026,2.0,2.78
2026-01-04,P0027,5.0,6.45
2026-01-04,P0028,5.0,12.1
2026-01-04,P0029,1.0,3.8
2026-01-04,P0030,1.0,2.14
2026-01-04,P0037,2.0,9.52
2026-01-04,P0042,2.0,28.54
2026-01-04,P0044,1.0,11.65
2026-01-04,P0045,3.0,39.33
2026-01-04,P0047,1.0,7.02
2026-01-04,P0048,1.0,4.08
2026-01-04,P0050,1.0,0.68
2026-01-04,P0051,3.0,11.4
2026-01-04,P0052,2.0,1.18
2026-01-04,P0056,1.0,4.08
2026-01-04,P0057,2.0,6.94
2026-01-04,P0058,2.0,7.0
2026-01-04,P0059,2.0,1.18
2026-01-04,P0060,2.0,8.2
2026-01-04,P0061,1.0,2.31
2026-01-04,P0062,1.0,2.69
2026-01-04,P0063,3.0,7.38
2026-01-04,P0064,6.0,25.44
2026-01-04,P0065,2.0,6.08
2026-01-04,P0066,4.0,19.44
2026-01-04,P0067,3.0,3.0
2026-01-04,P0068,1.0,3.83
2026-01-04,P0069,1.0,4.67
2026-01-04,P0072,1.0,1.99
2026-01-04,P0073,1.0,3.99
2026-01-04,P0076,1.0,1.98
2026-01-04,P0077,1.0,0.51
2026-01-04,P0078,6.0,6.84
2026-01-04,P0081,6.0,32.52
2026-01-04,P0084,5.0,11.2
2026-01-04,P0086,1.0,3.25
2026-01-04,P0088,2.0,3.66
2026-01-04,P0089,1.0,0.68
2026-01-04,P0091,6.0,20.58
2026-01-04,P0094,3.0,2.16
2026-01-04,P0095,1.0,3.6
2026-01-04,P0096,1.0,3.05
2026-01-04,P0097,3.0,3.36
2026-01-04,P0098,3.0,1.35
2026-01-04,P0099,1.0,0.24
2026-01-04,P0100,1.0,0.23
2026-01-04,P0101,2.0,0.36
2026-01-04,P0104,3.0,9.15
2026-01-04,P0105,6.0,8.76
2026-01-04,P0110,2.0,7.82
2026-01-04,P0112,2.0,7.8
2026-01-04,P0114,1.0,1.85
2026-01-04,P0116,1.0,2.18
2026-01-04,P0121,1.0,9.44
2026-01-04,P0122,1.0,3.02
2026-01-04,P0123,2.0,7.24
2026-01-04,P0124,2.0,4.74
2026-01-04,P0125,1.0,4.5
2026-01-04,P0128,2.0,2.92
2026-01-05,P0004,1.0,3.08
2026-01-05,P0007,1.0,2.07
2026-01-05,P0008,1.0,1.84
2026-01-05,P0010,1.0,2.57
2026-01-05,P0011,1.0,2.62
2026-01-05,P0012,1.0,2.46
2026-01-05,P0013,1.0,2.78
2026-01-05,P0018,2.0,1.04
2026-01-05,P0019,1.0,0.19
2026-01-05,P0022,1.0,2.67
2026-01-05,P0023,1.0,2.87
2026-01-05,P0025,3.0,9.27
2026-01-05,P0026,2.0,2.78
2026-01-05,P0027,2.0,2.58
2026-01-05,P0028,3.0,7.26
2026-01-05,P0031,2.0,1.86
2026-01-05,P0033,1.0,2.95
2026-01-05,P0034,2.0,19.0
2026-01-05,P0035,1.0,12.38
2026-01-05,P0037,1.0,4.76
2026-01-05,P0041,1.0,9.61
2026-01-05,P0042,1.0,14.27
2026-01-05,P0045,2.0,26.22
2026-01-05,P0047,1.0,7.02
2026-01-05,P0048,1.0,4.08
2026-01-05,P0049,1.0,1.85
2026-01-05,P0051,1.0,3.8
2026-01-05,P0052,3.0,1.77
2026-01-05,P0055,2.0,2.54
2026-01-05,P0056,4.0,16.32
2026-01-05,P0057,1.0,3.47
2026-01-05,P0058,1.0,3.5
2026-01-05,P0059,1.0,0.59
2026-01-05,P0061,2.0,4.62
2026-01-05,P0062,1.0,2.69
2026-01-05,P0063,2.0,4.92
2026-01-05,P0064,4.0,16.96
2026-01-05,P0065,1.0,3.04
2026-01-05,P0066,5.0,24.3
2026-01-05,P0067,2.0,2.0
2026-01-05,P0071,1.0,2.94
2026-01-05,P0072,1.0,1.99
2026-01-05,P0076,1.0,1.98
2026-01-05,P0078,6.0,6.84
2026-01-05,P0080,2.0,4.0
2026-01-05,P0081,6.0,32.52
2026-01-05,P0084,1.0,2.24
2026-01-05,P0089,1.0,0.68
2026-01-05,P0091,5.0,17.15
2026-01-05,P0094,2.0,1.44
2026-01-05,P0095,1.0,3.6
2026-01-05,P0096,1.0,3.05
2026-01-05,P0097,4.0,4.48
2026-01-05,P0101,1.0,0.18
2026-01-05,P0103,2.0,4.74
2026-01-05,P0104,2.0,6.1
2026-01-05,P0105,6.0,8.76
2026-01-05,P0106,1.0,1.13
2026-01-05,P0109,1.0,1.89
2026-01-05,P0110,2.0,7.82
2026-01-05,P0112,1.0,3.9
2026-01-05,P0114,1.0,1.85
2026-01-05,P0121,3.0,28.32
2026-01-05,P0122,1.0,3.02
2026-01-05,P0123,1.0,3.62
2026-01-05,P0124,1.0,2.37
2026-01-05,P0127,5.0,7.6
2026-01-05,P0128,4.0,5.84
2026-01-06,P0003,1.0,2.98
2026-01-06,P0004,1.0,3.08
2026-01-06,P0006,1.0,0.39
2026-01-06,P0007,1.0,2.07
2026-01-06,P0010,1.0,2.57
2026-01-06,P0012,1.0,2.46
2026-01-06,P0013,1.0,2.78
2026-01-06,P0014,1.0,2.05
2026-01-06,P0016,2.0,3.32
2026-01-06,P0017,1.0,3.18
2026-01-06,P0018,1.0,0.52
2026-01-06,P0019,1.0,0.19
2026-01-06,P0020,1.0,1.45
2026-01-06,P0022,1.0,2.67
2026-01-06,P0023,2.0,5.74
2026-01-06,P0025,4.0,12.36
2026-01-06,P0026,1.0,1.39
2026-01-06,P0027,1.0,1.29
2026-01-06,P0028,6.0,14.52
2026-01-06,P0029,2.0,7.6
2026-01-06,P0030,1.0,2.14
2026-01-06,P0031,1.0,0.93
2026-01-06,P0032,2.0,2.06
2026-01-06,P0035,1.0,12.38
2026-01-06,P0037,1.0,4.76
2026-01-06,P0039,1.0,9.08
2026-01-06,P0042,2.0,28.54
2026-01-06,P0044,1.0,11.65
2026-01-06,P0047,1.0,7.02
2026-01-06,P0048,2.0,8.16
2026-01-06,P0051,2.0,7.6
2026-01-06,P0052,2.0,1.18
2026-01-06,P0055,1.0,1.27
2026-01-06,P0056,1.0,4.08
2026-01-06,P0057,1.0,3.47
2026-01-06,P0060,1.0,4.1
2026-01-06,P0061,1.0,2.31
2026-01-06,P0063,2.0,4.92
2026-01-06,P0064,4.0,16.96
2026-01-06,P0065,3.0,9.12
2026-01-06,P0066,2.0,9.72
2026-01-06,P0067,3.0,3.0
2026-01-06,P0070,3.0,4.95
2026-01-06,P0078,6.0,6.84
2026-01-06,P0080,1.0,2.0
2026-01-06,P0081,6.0,32.52
2026-01-06,P0084,2.0,4.48
2026-01-06,P0086,2.0,6.5
2026-01-06,P0087,1.0,1.17
2026-01-06,P0089,1.0,0.68
2026-01-06,P0091,5.0,17.15
2026-01-06,P0096,1.0,3.05
2026-01-06,P0097,2.0,2.24
2026-01-06,P0100,1.0,0.23
2026-01-06,P0103,1.0,2.37
2026-01-06,P0104,2.0,6.1
2026-01-06,P0105,6.0,8.76
2026-01-06,P0108,1.0,2.16
2026-01-06,P0110,1.0,3.91
2026-01-06,P0111,1.0,3.7
2026-01-06,P0113,1.0,3.35
2026-01-06,P0114,2.0,3.7
2026-01-06,P0115,1.0,1.96
2026-01-06,P0117,1.0,5.4
2026-01-06,P0121,2.0,18.88
2026-01-06,P0123,1.0,3.62
2026-01-06,P0124,1.0,2.37
2026-01-06,P0125,1.0,4.5
2026-01-06,P0127,2.0,3.04
2026-01-06,P0128,2.0,2.92
2026-01-07,P0001,1.0,2.43
2026-01-07,P0004,1.0,3.08
2026-01-07,P0012,2.0,4.92
2026-01-07,P0014,1.0,2.05
2026-01-07,P0016,1.0,1.66
2026-01-07,P0018,1.0,0.52
2026-01-07,P0020,1.0,1.45
2026-01-07,P0023,2.0,5.74
2026-01-07,P0024,1.0,2.05
2026-01-07,P0025,5.0,15.45
2026-01-07,P0027,2.0,2.58
2026-01-07,P0028,5.0,12.1
2026-01-07,P0029,1.0,3.8
2026-01-07,P0030,1.0,2.14
2026-01-07,P0032,2.0,2.06
2026-01-07,P0037,1.0,4.76
2026-01-07,P0038,1.0,4.95
2026-01-07,P0039,1.0,9.08
2026-01-07,P0042,1.0,14.27
2026-01-07,P0045,1.0,13.11
2026-01-07,P0049,1.0,1.85
2026-01-07,P0051,1.0,3.8
2026-01-07,P0052,2.0,1.18
2026-01-07,P0055,2.0,2.54
2026-01-07,P0057,2.0,6.94
2026-01-07,P0063,1.0,2.46
2026-01-07,P0064,3.0,12.72
2026-01-07,P0065,1.0,3.04
2026-01-07,P0066,2.0,9.72
2026-01-07,P0067,3.0,3.0
2026-01-07,P0068,1.0,3.83
2026-01-07,P0072,1.0,1.99
2026-01-07,P0073,1.0,3.99
2026-01-07,P0074,1.0,0.99
2026-01-07,P0078,6.0,6.84
2026-01-07,P0081,6.0,32.52
2026-01-07,P0084,4.0,8.96
2026-01-07,P0085,1.0,1.47
2026-01-07,P0086,1.0,3.25
2026-01-07,P0087,1.0,1.17
2026-01-07,P0089,2.0,1.36
2026-01-07,P0091,6.0,20.58
2026-01-07,P0094,1.0,0.72
2026-01-07,P0097,3.0,3.36
2026-01-07,P0101,3.0,0.54
2026-01-07,P0104,4.0,12.2
2026-01-07,P0105,6.0,8.76
2026-01-07,P0106,1.0,1.13
2026-01-07,P0109,1.0,1.89
2026-01-07,P0110,3.0,11.73
2026-01-07,P0112,2.0,7.8
2026-01-07,P0113,1.0,3.35
2026-01-07,P0114,2.0,3.7
2026-01-07,P0117,1.0,5.4
2026-01-07,P0118,1.0,4.49
2026-01-07,P0119,1.0,3.32
2026-01-07,P0122,1.0,3.02
2026-01-07,P0123,3.0,10.86
2026-01-07,P0126,1.0,2.19
2026-01-07,P0127,3.0,4.56
2026-01-07,P0128,2.0,2.92
2026-01-08,P0001,1.0,2.43
2026-01-08,P0003,1.0,2.98
2026-01-08,P0004,1.0,3.08
2026-01-08,P0006,1.0,0.39
2026-01-08,P0014,3.0,6.15
2026-01-08,P0015,4.0,6.0
2026-01-08,P0016,1.0,1.66
2026-01-08,P0017,1.0,3.18
2026-01-08,P0020,1.0,1.45
2026-01-08,P0022,1.0,2.67
2026-01-08,P0025,4.0,12.36
2026-01-08,P0026,2.0,2.78
2026-01-08,P0027,1.0,1.29
2026-01-08,P0028,6.0,14.52
2026-01-08,P0029,2.0,7.6
2026-01-08,P0032,1.0,1.03
2026-01-08,P0035,2.0,24.76
2026-01-08,P0038,2.0,9.9
2026-01-08,P0045,2.0,26.22
2026-01-08,P0047,1.0,7.02
2026-01-08,P0048,2.0,8.16
2026-01-08,P0052,4.0,2.36
2026-01-08,P0053,1.0,1.13
2026-01-08,P0055,1.0,1.27
2026-01-08,P0056,2.0,8.16
2026-01-08,P0058,1.0,3.5
2026-01-08,P0060,1.0,4.1
2026-01-08,P0061,1.0,2.31
2026-01-08,P0063,4.0,9.84
2026-01-08,P0064,4.0,16.96
2026-01-08,P0065,2.0,6.08
2026-01-08,P0066,4.0,19.44
2026-01-08,P0067,2.0,2.0
2026-01-08,P0068,1.0,3.83
2026-01-08,P0070,2.0,3.3
2026-01-08,P0073,2.0,7.98
2026-01-08,P0074,1.0,0.99
2026-01-08,P0075,1.0,5.42
2026-01-08,P0076,1.0,1.98
2026-01-08,P0078,6.0,6.84
2026-01-08,P0080,1.0,2.0
2026-01-08,P0081,6.0,32.52
2026-01-08,P0084,3.0,6.72
2026-01-08,P0085,1.0,1.47
2026-01-08,P0086,1.0,3.25
2026-01-08,P0089,1.0,0.68
2026-01-08,P0091,6.0,20.58
2026-01-08,P0093,2.0,7.0
2026-01-08,P0094,2.0,1.44
2026-01-08,P0095,2.0,7.2
2026-01-08,P0096,1.0,3.05
2026-01-08,P0097,2.0,2.24
2026-01-08,P0100,1.0,0.23
2026-01-08,P0101,2.0,0.36
2026-01-08,P0103,3.0,7.11
2026-01-08,P0104,1.0,3.05
2026-01-08,P0105,6.0,8.76
2026-01-08,P0110,2.0,7.82
2026-01-08,P0115,1.0,1.96
2026-01-08,P0116,1.0,2.18
2026-01-08,P0117,2.0,10.8
2026-01-08,P0121,1.0,9.44
2026-01-08,P0122,1.0,3.02
2026-01-08,P0123,3.0,10.86
2026-01-08,P0125,1.0,4.5
2026-01-08,P0128,2.0,2.92
2026-01-09,P0001,3.0,7.29
2026-01-09,P0004,1.0,3.08
2026-01-09,P0005,1.0,2.03
2026-01-09,P0011,1.0,2.62
2026-01-09,P0015,1.0,1.5
2026-01-09,P0016,1.0,1.66
2026-01-09,P0018,1.0,0.52
2026-01-09,P0019,1.0,0.19
2026-01-09,P0021,2.0,1.04
2026-01-09,P0025,6.0,18.54
2026-01-09,P0026,1.0,1.39
2026-01-09,P0027,2.0,2.58
2026-01-09,P0028,6.0,14.52
2026-01-09,P0029,1.0,3.8
2026-01-09,P0030,1.0,2.14
2026-01-09,P0031,1.0,0.93
2026-01-09,P0035,2.0,24.76
2026-01-09,P0037,1.0,4.76
2026-01-09,P0039,2.0,18.16
2026-01-09,P0041,1.0,9.61
2026-01-09,P0042,1.0,14.27
2026-01-09,P0045,2.0,26.22
2026-01-09,P0046,1.0,7.68
2026-01-09,P0048,2.0,8.16
2026-01-09,P0049,1.0,1.85
2026-01-09,P0050,1.0,0.68
2026-01-09,P0051,4.0,15.2
2026-01-09,P0052,1.0,0.59
2026-01-09,P0053,2.0,2.26
2026-01-09,P0055,3.0,3.81
2026-01-09,P0056,1.0,4.08
2026-01-09,P0057,3.0,10.41
2026-01-09,P0058,1.0,3.5
2026-01-09,P0059,2.0,1.18
2026-01-09,P0061,2.0,4.62
2026-01-09,P0063,5.0,12.3
2026-01-09,P0064,6.0,25.44
2026-01-09,P0065,1.0,3.04
2026-01-09,P0066,2.0,9.72
2026-01-09,P0067,3.0,3.0
2026-01-09,P0068,1.0,3.83
2026-01-09,P0073,1.0,3.99
2026-01-09,P0074,1.0,0.99
2026-01-09,P0078,6.0,6.84
2026-01-09,P0081,6.0,32.52
2026-01-09,P0084,3.0,6.72
2026-01-09,P0085,1.0,1.47
2026-01-09,P0086,1.0,3.25
2026-01-09,P0089,1.0,0.68
2026-01-09,P0090,1.0,3.69
2026-01-09,P0091,6.0,20.58
2026-01-09,P0092,1.0,3.81
2026-01-09,P0093,1.0,3.5
2026-01-09,P0094,1.0,0.72
2026-01-09,P0095,1.0,3.6
2026-01-09,P0096,2.0,6.1
2026-01-09,P0097,2.0,2.24
2026-01-09,P0099,1.0,0.24
2026-01-09,P0101,4.0,0.72
2026-01-09,P0103,1.0,2.37
2026-01-09,P0104,1.0,3.05
2026-01-09,P0105,6.0,8.76
2026-01-09,P0109,1.0,1.89
2026-01-09,P0110,3.0,11.73
2026-01-09,P0112,1.0,3.9
2026-01-09,P0114,1.0,1.85
2026-01-09,P0115,1.0,1.96
2026-01-09,P0117,2.0,10.8
2026-01-09,P0119,1.0,3.32
2026-01-09,P0121,1.0,9.44
2026-01-09,P0122,3.0,9.06
2026-01-09,P0123,1.0,3.62
2026-01-09,P0124,4.0,9.48
2026-01-09,P0127,1.0,1.52
2026-01-09,P0128,2.0,2.92
2026-01-10,P0001,3.0,7.29
2026-01-10,P0003,1.0,2.98
2026-01-10,P0004,1.0,3.08
2026-01-10,P0005,1.0,2.03
2026-01-10,P0007,1.0,2.07
2026-01-10,P0012,1.0,2.46
2026-01-10,P0014,5.0,10.25
2026-01-10,P0015,2.0,3.0
2026-01-10,P0016,2.0,3.32
2026-01-10,P0018,1.0,0.52
2026-01-10,P0019,1.0,0.19
2026-01-10,P0020,1.0,1.45
2026-01-10,P0021,1.0,0.52
2026-01-10,P0022,1.0,2.67
2026-01-10,P0024,1.0,2.05
2026-01-10,P0025,6.0,18.54
2026-01-10,P0026,1.0,1.39
2026-01-10,P0027,2.0,2.58
2026-01-10,P0028,6.0,14.52
2026-01-10,P0030,1.0,2.14
2026-01-10,P0031,1.0,0.93
2026-01-10,P0035,1.0,12.38
2026-01-10,P0037,1.0,4.76
2026-01-10,P0038,1.0,4.95
2026-01-10,P0039,3.0,27.24
2026-01-10,P0045,1.0,13.11
2026-01-10,P0047,3.0,21.06
2026-01-10,P0048,2.0,8.16
2026-01-10,P0049,1.0,1.85
2026-01-10,P0050,3.0,2.04
2026-01-10,P0051,5.0,19.0
2026-01-10,P0052,3.0,1.77
2026-01-10,P0055,1.0,1.27
2026-01-10,P0056,3.0,12.24
2026-01-10,P0057,3.0,10.41
2026-01-10,P0058,2.0,7.0
2026-01-10,P0059,1.0,0.59
2026-01-10,P0061,1.0,2.31
2026-01-10,P0063,5.0,12.3
2026-01-10,P0064,6.0,25.44
2026-01-10,P0065,3.0,9.12
2026-01-10,P0066,3.0,14.58
2026-01-10,P0067,3.0,3.0
2026-01-10,P0069,1.0,4.67
2026-01-10,P0073,2.0,7.98
2026-01-10,P0074,1.0,0.99
2026-01-10,P0075,1.0,5.42
2026-01-10,P0076,2.0,3.96
2026-01-10,P0077,1.0,0.51
2026-01-10,P0078,6.0,6.84
2026-01-10,P0080,1.0,2.0
2026-01-10,P0081,6.0,32.52
2026-01-10,P0084,4.0,8.96
2026-01-10,P0089,1.0,0.68
2026-01-10,P0091,6.0,20.58
2026-01-10,P0094,1.0,0.72
2026-01-10,P0097,4.0,4.48
2026-01-10,P0098,1.0,0.45
2026-01-10,P0099,1.0,0.24
2026-01-10,P0103,1.0,2.37
2026-01-10,P0104,2.0,6.1
2026-01-10,P0105,6.0,8.76
2026-01-10,P0106,1.0,1.13
2026-01-10,P0108,1.0,2.16
2026-01-10,P0110,6.0,23.46
2026-01-10,P0112,1.0,3.9
2026-01-10,P0113,1.0,3.35
2026-01-10,P0115,1.0,1.96
2026-01-10,P0117,3.0,16.2
2026-01-10,P0118,1.0,4.49
2026-01-10,P0119,1.0,3.32
2026-01-10,P0121,2.0,18.88
2026-01-10,P0122,2.0,6.04
2026-01-10,P0123,3.0,10.86
2026-01-10,P0124,2.0,4.74
2026-01-10,P0125,1.0,4.5
2026-01-10,P0127,1.0,1.52
2026-01-10,P0128,1.0,1.46
2026-01-11,P0001,4.0,9.72
2026-01-11,P0004,2.0,6.16
2026-01-11,P0005,2.0,4.06
2026-01-11,P0008,1.0,1.84
2026-01-11,P0012,2.0,4.92
2026-01-11,P0014,1.0,2.05
2026-01-11,P0015,3.0,4.5
2026-01-11,P0016,1.0,1.66
2026-01-11,P0018,1.0,0.52
2026-01-11,P0020,2.0,2.9
2026-01-11,P0021,1.0,0.52
2026-01-11,P0024,1.0,2.05
2026-01-11,P0025,4.0,12.36
2026-01-11,P0026,1.0,1.39
2026-01-11,P0028,6.0,14.52
2026-01-11,P0029,2.0,7.6
2026-01-11,P0032,1.0,1.03
2026-01-11,P0035,1.0,12.38
2026-01-11,P0036,1.0,9.19
2026-01-11,P0038,1.0,4.95
2026-01-11,P0041,1.0,9.61
2026-01-11,P0042,1.0,14.27
2026-01-11,P0045,1.0,13.11
2026-01-11,P0047,2.0,14.04
2026-01-11,P0048,1.0,4.08
2026-01-11,P0050,1.0,0.68
2026-01-11,P0051,1.0,3.8
2026-01-11,P0052,2.0,1.18
2026-01-11,P0055,3.0,3.81
2026-01-11,P0056,2.0,8.16
2026-01-11,P0057,2.0,6.94
2026-01-11,P0058,2.0,7.0
2026-01-11,P0059,2.0,1.18
2026-01-11,P0061,1.0,2.31
2026-01-11,P0063,2.0,4.92
2026-01-11,P0064,5.0,21.2
2026-01-11,P0065,4.0,12.16
2026-01-11,P0066,2.0,9.72
2026-01-11,P0067,3.0,3.0
2026-01-11,P0068,1.0,3.83
2026-01-11,P0073,1.0,3.99
2026-01-11,P0076,1.0,1.98
2026-01-11,P0078,6.0,6.84
2026-01-11,P0079,1.0,5.17
2026-01-11,P0081,6.0,32.52
2026-01-11,P0086,1.0,3.25
2026-01-11,P0090,1.0,3.69
2026-01-11,P0091,6.0,20.58
2026-01-11,P0097,1.0,1.12
2026-01-11,P0098,1.0,0.45
2026-01-11,P0100,1.0,0.23
2026-01-11,P0101,2.0,0.36
2026-01-11,P0104,3.0,9.15
2026-01-11,P0105,6.0,8.76
2026-01-11,P0107,1.0,3.48
2026-01-11,P0109,1.0,1.89
2026-01-11,P0110,3.0,11.73
2026-01-11,P0112,1.0,3.9
2026-01-11,P0113,1.0,3.35
2026-01-11,P0116,1.0,2.18
2026-01-11,P0117,1.0,5.4
2026-01-11,P0119,1.0,3.32
2026-01-11,P0121,2.0,18.88
2026-01-11,P0123,1.0,3.62
2026-01-11,P0124,1.0,2.37
2026-01-11,P0127,2.0,3.04
2026-01-11,P0128,2.0,2.92
2026-01-12,P0001,2.0,4.86
2026-01-12,P0003,2.0,5.96
2026-01-12,P0004,1.0,3.08
2026-01-12,P0011,1.0,2.62
2026-01-12,P0012,1.0,2.46
2026-01-12,P0013,1.0,2.78
2026-01-12,P0015,1.0,1.5
2026-01-12,P0017,1.0,3.18
2026-01-12,P0020,1.0,1.45
2026-01-12,P0021,1.0,0.52
2026-01-12,P0023,1.0,2.87
2026-01-12,P0025,4.0,12.36
2026-01-12,P0026,2.0,2.78
2026-01-12,P0027,1.0,1.29
2026-01-12,P0028,4.0,9.68
2026-01-12,P0031,1.0,0.93
2026-01-12,P0033,1.0,2.95
2026-01-12,P0034,1.0,9.5
2026-01-12,P0035,1.0,12.38
2026-01-12,P0037,2.0,9.52
2026-01-12,P0039,1.0,9.08
2026-01-12,P0045,3.0,39.33
2026-01-12,P0046,1.0,7.68
2026-01-12,P0047,1.0,7.02
2026-01-12,P0048,1.0,4.08
2026-01-12,P0050,1.0,0.68
2026-01-12,P0051,4.0,15.2
2026-01-12,P0052,1.0,0.59
2026-01-12,P0055,1.0,1.27
2026-01-12,P0056,1.0,4.08
2026-01-12,P0057,1.0,3.47
2026-01-12,P0058,1.0,3.5
2026-01-12,P0059,1.0,0.59
2026-01-12,P0061,2.0,4.62
2026-01-12,P0062,1.0,2.69
2026-01-12,P0063,2.0,4.92
2026-01-12,P0064,2.0,8.48
2026-01-12,P0067,1.0,1.0
2026-01-12,P0069,2.0,9.34
2026-01-12,P0070,1.0,1.65
2026-01-12,P0073,2.0,7.98
2026-01-12,P0074,1.0,0.99
2026-01-12,P0076,2.0,3.96
2026-01-12,P0078,6.0,6.84
2026-01-12,P0079,1.0,5.17
2026-01-12,P0081,6.0,32.52
2026-01-12,P0084,2.0,4.48
2026-01-12,P0091,5.0,17.15
2026-01-12,P0094,2.0,1.44
2026-01-12,P0095,1.0,3.6
2026-01-12,P0097,2.0,2.24
2026-01-12,P0099,1.0,0.24
2026-01-12,P0100,1.0,0.23
2026-01-12,P0101,1.0,0.18
2026-01-12,P0103,1.0,2.37
2026-01-12,P0104,3.0,9.15
2026-01-12,P0105,6.0,8.76
2026-01-12,P0106,1.0,1.13
2026-01-12,P0109,1.0,1.89
2026-01-12,P0110,4.0,15.64
2026-01-12,P0111,1.0,3.7
2026-01-12,P0112,1.0,3.9
2026-01-12,P0113,1.0,3.35
2026-01-12,P0117,1.0,5.4
2026-01-12,P0119,2.0,6.64
2026-01-12,P0120,1.0,8.84
2026-01-12,P0121,1.0,9.44
2026-01-12,P0122,1.0,3.02
2026-01-12,P0123,2.0,7.24
2026-01-12,P0128,1.0,1.46
2026-01-13,P0001,2.0,4.86
2026-01-13,P0006,1.0,0.39
2026-01-13,P0007,1.0,2.07
2026-01-13,P0014,2.0,4.1
2026-01-13,P0015,1.0,1.5
2026-01-13,P0019,1.0,0.19
2026-01-13,P0022,2.0,5.34
2026-01-13,P0023,1.0,2.87
2026-01-13,P0025,5.0,15.45
2026-01-13,P0026,3.0,4.17
2026-01-13,P0027,2.0,2.58
2026-01-13,P0028,4.0,9.68
2026-01-13,P0029,3.0,11.4
2026-01-13,P0033,1.0,2.95
2026-01-13,P0034,1.0,9.5
2026-01-13,P0035,2.0,24.76
2026-01-13,P0037,1.0,4.76
2026-01-13,P0041,2.0,19.22
2026-01-13,P0043,1.0,8.55
2026-01-13,P0048,2.0,8.16
2026-01-13,P0049,2.0,3.7
2026-01-13,P0050,1.0,0.68
2026-01-13,P0051,3.0,11.4
2026-01-13,P0052,1.0,0.59
2026-01-13,P0055,1.0,1.27
2026-01-13,P0056,2.0,8.16
2026-01-13,P0057,2.0,6.94
2026-01-13,P0058,1.0,3.5
2026-01-13,P0061,1.0,2.31
2026-01-13,P0063,1.0,2.46
2026-01-13,P0064,5.0,21.2
2026-01-13,P0065,1.0,3.04
2026-01-13,P0066,1.0,4.86
2026-01-13,P0067,2.0,2.0
2026-01-13,P0078,6.0,6.84
2026-01-13,P0080,1.0,2.0
2026-01-13,P0081,6.0,32.52
2026-01-13,P0082,1.0,4.31
2026-01-13,P0084,1.0,2.24
2026-01-13,P0088,1.0,1.83
2026-01-13,P0089,1.0,0.68
2026-01-13,P0091,5.0,17.15
2026-01-13,P0094,1.0,0.72
2026-01-13,P0095,1.0,3.6
2026-01-13,P0097,2.0,2.24
2026-01-13,P0098,1.0,0.45
2026-01-13,P0100,1.0,0.23
2026-01-13,P0101,1.0,0.18
2026-01-13,P0103,1.0,2.37
2026-01-13,P0105,6.0,8.76
2026-01-13,P0106,1.0,1.13
2026-01-13,P0109,1.0,1.89
2026-01-13,P0110,2.0,7.82
2026-01-13,P0112,1.0,3.9
2026-01-13,P0114,1.0,1.85
2026-01-13,P0117,1.0,5.4
2026-01-13,P0121,1.0,9.44
2026-01-13,P0122,2.0,6.04
2026-01-13,P0124,1.0,2.37
2026-01-13,P0126,1.0,2.19
2026-01-13,P0127,2.0,3.04
2026-01-13,P0128,3.0,4.38
2026-01-14,P0001,2.0,4.86
2026-01-14,P0003,3.0,8.94
2026-01-14,P0004,1.0,3.08
2026-01-14,P0006,2.0,0.78
2026-01-14,P0011,1.0,2.62
2026-01-14,P0014,1.0,2.05
2026-01-14,P0015,2.0,3.0
2026-01-14,P0016,1.0,1.66
2026-01-14,P0020,2.0,2.9
2026-01-14,P0022,1.0,2.67
2026-01-14,P0023,1.0,2.87
2026-01-14,P0025,5.0,15.45
2026-01-14,P0026,1.0,1.39
2026-01-14,P0027,4.0,5.16
2026-01-14,P0028,4.0,9.68
2026-01-14,P0029,1.0,3.8
2026-01-14,P0030,1.0,2.14
2026-01-14,P0031,1.0,0.93
2026-01-14,P0032,2.0,2.06
2026-01-14,P0033,3.0,8.85
2026-01-14,P0035,1.0,12.38
2026-01-14,P0042,1.0,14.27
2026-01-14,P0044,1.0,11.65
2026-01-14,P0045,1.0,13.11
2026-01-14,P0047,1.0,7.02
2026-01-14,P0049,2.0,3.7
2026-01-14,P0050,2.0,1.36
2026-01-14,P0052,1.0,0.59
2026-01-14,P0055,1.0,1.27
2026-01-14,P0056,1.0,4.08
2026-01-14,P0057,3.0,10.41
2026-01-14,P0061,2.0,4.62
2026-01-14,P0063,3.0,7.38
2026-01-14,P0064,6.0,25.44
2026-01-14,P0067,1.0,1.0
2026-01-14,P0073,1.0,3.99
2026-01-14,P0074,1.0,0.99
2026-01-14,P0078,6.0,6.84
2026-01-14,P0081,6.0,32.52
2026-01-14,P0082,2.0,8.62
2026-01-14,P0084,1.0,2.24
2026-01-14,P0087,1.0,1.17
2026-01-14,P0089,1.0,0.68
2026-01-14,P0090,1.0,3.69
2026-01-14,P0091,5.0,17.15
2026-01-14,P0094,2.0,1.44
2026-01-14,P0095,1.0,3.6
2026-01-14,P0096,1.0,3.05
2026-01-14,P0097,2.0,2.24
2026-01-14,P0098,1.0,0.45
2026-01-14,P0101,2.0,0.36
2026-01-14,P0102,1.0,1.18
2026-01-14,P0103,1.0,2.37
2026-01-14,P0105,6.0,8.76
2026-01-14,P0110,3.0,11.73
2026-01-14,P0111,1.0,3.7
2026-01-14,P0112,1.0,3.9
2026-01-14,P0114,1.0,1.85
2026-01-14,P0115,1.0,1.96
2026-01-14,P0117,1.0,5.4
2026-01-14,P0119,1.0,3.32
2026-01-14,P0121,3.0,28.32
2026-01-14,P0122,2.0,6.04
2026-01-14,P0123,1.0,3.62
2026-01-14,P0127,2.0,3.04
2026-01-14,P0128,2.0,2.92
2026-01-15,P0001,2.0,4.86
2026-01-15,P0004,1.0,3.08
2026-01-15,P0008,1.0,1.84
2026-01-15,P0014,1.0,2.05
2026-01-15,P0015,1.0,1.5
2026-01-15,P0017,1.0,3.18
2026-01-15,P0020,1.0,1.45
2026-01-15,P0021,2.0,1.04
2026-01-15,P0022,1.0,2.67
2026-01-15,P0023,1.0,2.87
2026-01-15,P0025,5.0,15.45
2026-01-15,P0026,3.0,4.17
2026-01-15,P0027,5.0,6.45
2026-01-15,P0028,6.0,14.52
2026-01-15,P0031,3.0,2.79
2026-01-15,P0032,2.0,2.06
2026-01-15,P0037,1.0,4.76
2026-01-15,P0040,1.0,10.55
2026-01-15,P0042,1.0,14.27
2026-01-15,P0045,1.0,13.11
2026-01-15,P0047,1.0,7.02
2026-01-15,P0049,1.0,1.85
2026-01-15,P0050,3.0,2.04
2026-01-15,P0051,3.0,11.4
2026-01-15,P0052,2.0,1.18
2026-01-15,P0054,1.0,1.06
2026-01-15,P0055,2.0,2.54
2026-01-15,P0057,1.0,3.47
2026-01-15,P0058,1.0,3.5
2026-01-15,P0061,1.0,2.31
2026-01-15,P0063,3.0,7.38
2026-01-15,P0064,6.0,25.44
2026-01-15,P0065,2.0,6.08
2026-01-15,P0067,4.0,4.0
2026-01-15,P0068,2.0,7.66
2026-01-15,P0073,1.0,3.99
2026-01-15,P0077,1.0,0.51
2026-01-15,P0078,6.0,6.84
2026-01-15,P0081,6.0,32.52
2026-01-15,P0082,1.0,4.31
2026-01-15,P0084,1.0,2.24
2026-01-15,P0090,2.0,7.38
2026-01-15,P0091,6.0,20.58
2026-01-15,P0094,1.0,0.72
2026-01-15,P0096,1.0,3.05
2026-01-15,P0097,3.0,3.36
2026-01-15,P0101,2.0,0.36
2026-01-15,P0104,3.0,9.15
2026-01-15,P0105,6.0,8.76
2026-01-15,P0109,1.0,1.89
2026-01-15,P0110,3.0,11.73
2026-01-15,P0117,1.0,5.4
2026-01-15,P0119,1.0,3.32
2026-01-15,P0121,1.0,9.44
2026-01-15,P0122,4.0,12.08
2026-01-15,P0124,2.0,4.74
2026-01-15,P0127,2.0,3.04
2026-01-15,P0128,2.0,2.92
2026-01-16,P0001,3.0,7.29
2026-01-16,P0003,1.0,2.98
2026-01-16,P0004,1.0,3.08
2026-01-16,P0005,1.0,2.03
2026-01-16,P0007,1.0,2.07
2026-01-16,P0011,1.0,2.62
2026-01-16,P0012,2.0,4.92
2026-01-16,P0014,2.0,4.1
2026-01-16,P0015,3.0,4.5
2026-01-16,P0016,1.0,1.66
2026-01-16,P0017,1.0,3.18
2026-01-16,P0020,1.0,1.45
2026-01-16,P0022,3.0,8.01
2026-01-16,P0023,1.0,2.87
2026-01-16,P0025,6.0,18.54
2026-01-16,P0026,3.0,4.17
2026-01-16,P0027,1.0,1.29
2026-01-16,P0028,6.0,14.52
2026-01-16,P0031,1.0,0.93
2026-01-16,P0033,1.0,2.95
2026-01-16,P0035,2.0,24.76
2026-01-16,P0037,2.0,9.52
2026-01-16,P0039,1.0,9.08
2026-01-16,P0042,1.0,14.27
2026-01-16,P0043,1.0,8.55
2026-01-16,P0045,3.0,39.33
2026-01-16,P0048,3.0,12.24
2026-01-16,P0049,1.0,1.85
2026-01-16,P0050,3.0,2.04
2026-01-16,P0051,3.0,11.4
2026-01-16,P0052,2.0,1.18
2026-01-16,P0055,2.0,2.54
2026-01-16,P0056,3.0,12.24
2026-01-16,P0057,5.0,17.35
2026-01-16,P0063,4.0,9.84
2026-01-16,P0064,4.0,16.96
2026-01-16,P0066,3.0,14.58
2026-01-16,P0067,4.0,4.0
2026-01-16,P0073,1.0,3.99
2026-01-16,P0076,1.0,1.98
2026-01-16,P0078,6.0,6.84
2026-01-16,P0081,6.0,32.52
2026-01-16,P0084,4.0,8.96
2026-01-16,P0086,1.0,3.25
2026-01-16,P0089,3.0,2.04
2026-01-16,P0091,6.0,20.58
2026-01-16,P0094,2.0,1.44
2026-01-16,P0095,1.0,3.6
2026-01-16,P0097,2.0,2.24
2026-01-16,P0098,1.0,0.45
2026-01-16,P0101,1.0,0.18
2026-01-16,P0102,1.0,1.18
2026-01-16,P0103,1.0,2.37
2026-01-16,P0104,2.0,6.1
2026-01-16,P0105,6.0,8.76
2026-01-16,P0109,1.0,1.89
2026-01-16,P0110,3.0,11.73
2026-01-16,P0112,2.0,7.8
2026-01-16,P0114,1.0,1.85
2026-01-16,P0115,1.0,1.96
2026-01-16,P0119,1.0,3.32
2026-01-16,P0121,2.0,18.88
2026-01-16,P0122,1.0,3.02
2026-01-16,P0123,2.0,7.24
2026-01-16,P0124,3.0,7.11
2026-01-16,P0125,1.0,4.5
2026-01-16,P0127,3.0,4.56
2026-01-16,P0128,2.0,2.92
2026-01-17,P0001,2.0,4.86
2026-01-17,P0003,1.0,2.98
2026-01-17,P0005,1.0,2.03
2026-01-17,P0010,1.0,2.57
2026-01-17,P0014,3.0,6.15
2026-01-17,P0015,2.0,3.0
2026-01-17,P0016,1.0,1.66
2026-01-17,P0017,2.0,6.36
2026-01-17,P0018,3.0,1.56
2026-01-17,P0019,1.0,0.19
2026-01-17,P0020,1.0,1.45
2026-01-17,P0021,1.0,0.52
2026-01-17,P0022,1.0,2.67
2026-01-17,P0023,2.0,5.74
2026-01-17,P0025,6.0,18.54
2026-01-17,P0026,3.0,4.17
2026-01-17,P0027,3.0,3.87
2026-01-17,P0028,6.0,14.52
2026-01-17,P0029,1.0,3.8
2026-01-17,P0034,1.0,9.5
2026-01-17,P0035,4.0,49.52
2026-01-17,P0037,3.0,14.28
2026-01-17,P0038,3.0,14.85
2026-01-17,P0040,2.0,21.1
2026-01-17,P0041,1.0,9.61
2026-01-17,P0042,1.0,14.27
2026-01-17,P0045,3.0,39.33
2026-01-17,P0047,2.0,14.04
2026-01-17,P0049,1.0,1.85
2026-01-17,P0050,1.0,0.68
2026-01-17,P0051,3.0,11.4
2026-01-17,P0052,3.0,1.77
2026-01-17,P0054,1.0,1.06
2026-01-17,P0056,6.0,24.48
2026-01-17,P0057,1.0,3.47
2026-01-17,P0058,3.0,10.5
2026-01-17,P0059,1.0,0.59
2026-01-17,P0062,1.0,2.69
2026-01-17,P0063,5.0,12.3
2026-01-17,P0064,6.0,25.44
2026-01-17,P0065,1.0,3.04
2026-01-17,P0066,2.0,9.72
2026-01-17,P0067,2.0,2.0
2026-01-17,P0069,1.0,4.67
2026-01-17,P0072,1.0,1.99
2026-01-17,P0073,2.0,7.98
2026-01-17,P0074,2.0,1.98
2026-01-17,P0077,1.0,0.51
2026-01-17,P0078,6.0,6.84
2026-01-17,P0079,2.0,10.34
2026-01-17,P0080,2.0,4.0
2026-01-17,P0081,6.0,32.52
2026-01-17,P0082,1.0,4.31
2026-01-17,P0084,2.0,4.48
2026-01-17,P0086,1.0,3.25
2026-01-17,P0088,1.0,1.83
2026-01-17,P0089,2.0,1.36
2026-01-17,P0091,6.0,20.58
2026-01-17,P0094,3.0,2.16
2026-01-17,P0095,1.0,3.6
2026-01-17,P0097,3.0,3.36
2026-01-17,P0098,1.0,0.45
2026-01-17,P0100,1.0,0.23
2026-01-17,P0101,4.0,0.72
2026-01-17,P0103,1.0,2.37
2026-01-17,P0104,3.0,9.15
2026-01-17,P0105,6.0,8.76
2026-01-17,P0109,1.0,1.89
2026-01-17,P0110,3.0,11.73
2026-01-17,P0112,5.0,19.5
2026-01-17,P0113,1.0,3.35
2026-01-17,P0114,1.0,1.85
2026-01-17,P0115,1.0,1.96
2026-01-17,P0116,1.0,2.18
2026-01-17,P0117,2.0,10.8
2026-01-17,P0118,1.0,4.49
2026-01-17,P0121,2.0,18.88
2026-01-17,P0122,2.0,6.04
2026-01-17,P0123,1.0,3.62
2026-01-17,P0124,1.0,2.37
2026-01-17,P0127,3.0,4.56
2026-01-17,P0128,1.0,1.46
2026-01-18,P0001,3.0,7.29
2026-01-18,P0003,1.0,2.98
2026-01-18,P0005,1.0,2.03
2026-01-18,P0006,1.0,0.39
2026-01-18,P0009,1.0,2.76
2026-01-18,P0013,1.0,2.78
2026-01-18,P0014,1.0,2.05
2026-01-18,P0018,1.0,0.52
2026-01-18,P0020,2.0,2.9
2026-01-18,P0021,1.0,0.52
2026-01-18,P0025,6.0,18.54
2026-01-18,P0026,1.0,1.39
2026-01-18,P0027,2.0,2.58
2026-01-18,P0028,6.0,14.52
2026-01-18,P0029,3.0,11.4
2026-01-18,P0030,1.0,2.14
2026-01-18,P0037,2.0,9.52
2026-01-18,P0038,4.0,19.8
2026-01-18,P0041,1.0,9.61
2026-01-18,P0045,3.0,39.33
2026-01-18,P0046,1.0,7.68
2026-01-18,P0048,2.0,8.16
2026-01-18,P0050,3.0,2.04
2026-01-18,P0051,4.0,15.2
2026-01-18,P0052,2.0,1.18
2026-01-18,P0055,3.0,3.81
2026-01-18,P0056,1.0,4.08
2026-01-18,P0057,1.0,3.47
2026-01-18,P0058,1.0,3.5
2026-01-18,P0060,1.0,4.1
2026-01-18,P0063,1.0,2.46
2026-01-18,P0064,5.0,21.2
2026-01-18,P0065,2.0,6.08
2026-01-18,P0066,2.0,9.72
2026-01-18,P0067,2.0,2.0
2026-01-18,P0074,1.0,0.99
2026-01-18,P0076,1.0,1.98
2026-01-18,P0078,6.0,6.84
2026-01-18,P0080,3.0,6.0
2026-01-18,P0081,6.0,32.52
2026-01-18,P0084,1.0,2.24
2026-01-18,P0086,2.0,6.5
2026-01-18,P0089,2.0,1.36
2026-01-18,P0090,1.0,3.69
2026-01-18,P0091,6.0,20.58
2026-01-18,P0094,1.0,0.72
2026-01-18,P0097,3.0,3.36
2026-01-18,P0099,1.0,0.24
2026-01-18,P0100,2.0,0.46
2026-01-18,P0101,2.0,0.36
2026-01-18,P0102,3.0,3.54
2026-01-18,P0103,1.0,2.37
2026-01-18,P0104,1.0,3.05
2026-01-18,P0105,6.0,8.76
2026-01-18,P0108,1.0,2.16
2026-01-18,P0110,1.0,3.91
2026-01-18,P0112,1.0,3.9
2026-01-18,P0113,1.0,3.35
2026-01-18,P0114,1.0,1.85
2026-01-18,P0116,2.0,4.36
2026-01-18,P0117,1.0,5.4
2026-01-18,P0118,1.0,4.49
2026-01-18,P0119,1.0,3.32
2026-01-18,P0121,2.0,18.88
2026-01-18,P0122,2.0,6.04
2026-01-18,P0123,1.0,3.62
2026-01-18,P0124,1.0,2.37
2026-01-18,P0127,3.0,4.56
2026-01-18,P0128,2.0,2.92
2026-01-19,P0001,3.0,7.29
2026-01-19,P0004,1.0,3.08
2026-01-19,P0005,1.0,2.03
2026-01-19,P0014,1.0,2.05
2026-01-19,P0017,1.0,3.18
2026-01-19,P0021,1.0,0.52
2026-01-19,P0022,1.0,2.67
2026-01-19,P0025,4.0,12.36
2026-01-19,P0026,2.0,2.78
2026-01-19,P0027,1.0,1.29
2026-01-19,P0028,5.0,12.1
2026-01-19,P0031,2.0,1.86
2026-01-19,P0033,1.0,2.95
2026-01-19,P0035,1.0,12.38
2026-01-19,P0041,1.0,9.61
2026-01-19,P0045,2.0,26.22
2026-01-19,P0047,1.0,7.02
2026-01-19,P0048,1.0,4.08
2026-01-19,P0049,1.0,1.85
2026-01-19,P0050,1.0,0.68
2026-01-19,P0051,3.0,11.4
2026-01-19,P0052,3.0,1.77
2026-01-19,P0053,1.0,1.13
2026-01-19,P0056,1.0,4.08
2026-01-19,P0057,1.0,3.47
2026-01-19,P0058,1.0,3.5
2026-01-19,P0061,2.0,4.62
2026-01-19,P0063,4.0,9.84
2026-01-19,P0064,3.0,12.72
2026-01-19,P0065,2.0,6.08
2026-01-19,P0066,1.0,4.86
2026-01-19,P0067,2.0,2.0
2026-01-19,P0068,1.0,3.83
2026-01-19,P0070,1.0,1.65
2026-01-19,P0074,1.0,0.99
2026-01-19,P0076,2.0,3.96
2026-01-19,P0077,1.0,0.51
2026-01-19,P0078,6.0,6.84
2026-01-19,P0080,1.0,2.0
2026-01-19,P0081,6.0,32.52
2026-01-19,P0089,1.0,0.68
2026-01-19,P0090,1.0,3.69
2026-01-19,P0091,5.0,17.15
2026-01-19,P0096,1.0,3.05
2026-01-19,P0097,1.0,1.12
2026-01-19,P0099,1.0,0.24
2026-01-19,P0101,1.0,0.18
2026-01-19,P0102,1.0,1.18
2026-01-19,P0104,2.0,6.1
2026-01-19,P0105,6.0,8.76
2026-01-19,P0110,2.0,7.82
2026-01-19,P0112,2.0,7.8
2026-01-19,P0119,1.0,3.32
2026-01-19,P0121,2.0,18.88
2026-01-19,P0122,1.0,3.02
2026-01-19,P0127,3.0,4.56
2026-01-19,P0128,1.0,1.46
2026-01-20,P0001,1.0,2.43
2026-01-20,P0004,1.0,3.08
2026-01-20,P0006,1.0,0.39
2026-01-20,P0010,1.0,2.57
2026-01-20,P0014,3.0,6.15
2026-01-20,P0015,1.0,1.5
2026-01-20,P0020,1.0,1.45
2026-01-20,P0022,1.0,2.67
2026-01-20,P0023,1.0,2.87
2026-01-20,P0025,6.0,18.54
2026-01-20,P0026,1.0,1.39
2026-01-20,P0027,1.0,1.29
2026-01-20,P0028,6.0,14.52
2026-01-20,P0031,1.0,0.93
2026-01-20,P0035,1.0,12.38
2026-01-20,P0037,4.0,19.04
2026-01-20,P0038,3.0,14.85
2026-01-20,P0040,1.0,10.55
2026-01-20,P0045,3.0,39.33
2026-01-20,P0047,2.0,14.04
2026-01-20,P0051,1.0,3.8
2026-01-20,P0055,1.0,1.27
2026-01-20,P0056,2.0,8.16
2026-01-20,P0058,1.0,3.5
2026-01-20,P0061,1.0,2.31
2026-01-20,P0063,4.0,9.84
2026-01-20,P0064,2.0,8.48
2026-01-20,P0066,2.0,9.72
2026-01-20,P0067,1.0,1.0
2026-01-20,P0070,2.0,3.3
2026-01-20,P0073,1.0,3.99
2026-01-20,P0075,1.0,5.42
2026-01-20,P0078,6.0,6.84
2026-01-20,P0080,1.0,2.0
2026-01-20,P0081,6.0,32.52
2026-01-20,P0082,2.0,8.62
2026-01-20,P0084,4.0,8.96
2026-01-20,P0089,2.0,1.36
2026-01-20,P0091,4.0,13.72
2026-01-20,P0097,1.0,1.12
2026-01-20,P0100,1.0,0.23
2026-01-20,P0101,2.0,0.36
2026-01-20,P0104,1.0,3.05
2026-01-20,P0105,5.0,7.3
2026-01-20,P0109,1.0,1.89
2026-01-20,P0110,2.0,7.82
2026-01-20,P0112,1.0,3.9
2026-01-20,P0113,1.0,3.35
2026-01-20,P0116,2.0,4.36
2026-01-20,P0119,1.0,3.32
2026-01-20,P0120,1.0,8.84
2026-01-20,P0121,1.0,9.44
2026-01-20,P0122,3.0,9.06
2026-01-20,P0123,1.0,3.62
2026-01-20,P0124,1.0,2.37
2026-01-20,P0125,1.0,4.5
2026-01-20,P0127,2.0,3.04
2026-01-20,P0128,1.0,1.46
2026-01-21,P0001,1.0,2.43
2026-01-21,P0004,1.0,3.08
2026-01-21,P0006,1.0,0.39
2026-01-21,P0010,2.0,5.14
2026-01-21,P0016,1.0,1.66
2026-01-21,P0018,2.0,1.04
2026-01-21,P0020,1.0,1.45
2026-01-21,P0021,1.0,0.52
2026-01-21,P0025,5.0,15.45
2026-01-21,P0026,1.0,1.39
2026-01-21,P0027,2.0,2.58
2026-01-21,P0028,5.0,12.1
2026-01-21,P0029,1.0,3.8
2026-01-21,P0035,3.0,37.14
2026-01-21,P0037,1.0,4.76
2026-01-21,P0038,1.0,4.95
2026-01-21,P0039,1.0,9.08
2026-01-21,P0040,1.0,10.55
2026-01-21,P0042,1.0,14.27
2026-01-21,P0045,1.0,13.11
2026-01-21,P0047,1.0,7.02
2026-01-21,P0048,2.0,8.16
2026-01-21,P0049,1.0,1.85
2026-01-21,P0050,2.0,1.36
2026-01-21,P0051,3.0,11.4
2026-01-21,P0052,4.0,2.36
2026-01-21,P0055,3.0,3.81
2026-01-21,P0056,1.0,4.08
2026-01-21,P0057,3.0,10.41
2026-01-21,P0058,1.0,3.5
2026-01-21,P0059,1.0,0.59
2026-01-21,P0061,1.0,2.31
2026-01-21,P0062,1.0,2.69
2026-01-21,P0063,1.0,2.46
2026-01-21,P0064,3.0,12.72
2026-01-21,P0065,3.0,9.12
2026-01-21,P0066,1.0,4.86
2026-01-21,P0067,3.0,3.0
2026-01-21,P0073,1.0,3.99
2026-01-21,P0078,6.0,6.84
2026-01-21,P0080,1.0,2.0
2026-01-21,P0081,6.0,32.52
2026-01-21,P0084,1.0,2.24
2026-01-21,P0091,6.0,20.58
2026-01-21,P0093,1.0,3.5
2026-01-21,P0096,1.0,3.05
2026-01-21,P0097,2.0,2.24
2026-01-21,P0101,2.0,0.36
2026-01-21,P0102,1.0,1.18
2026-01-21,P0104,2.0,6.1
2026-01-21,P0105,6.0,8.76
2026-01-21,P0109,1.0,1.89
2026-01-21,P0110,2.0,7.82
2026-01-21,P0112,2.0,7.8
2026-01-21,P0118,1.0,4.49
2026-01-21,P0119,1.0,3.32
2026-01-21,P0122,4.0,12.08
2026-01-21,P0123,1.0,3.62
2026-01-21,P0124,2.0,4.74
2026-01-21,P0125,4.0,18.0
2026-01-21,P0127,3.0,4.56
2026-01-21,P0128,3.0,4.38
2026-01-22,P0006,2.0,0.78
2026-01-22,P0020,2.0,2.9
2026-01-22,P0023,4.0,11.48
2026-01-22,P0025,4.0,12.36
2026-01-22,P0027,4.0,5.16
2026-01-22,P0028,4.0,9.68
2026-01-22,P0029,2.0,7.6
2026-01-22,P0030,1.0,2.14
2026-01-22,P0031,1.0,0.93
2026-01-22,P0033,1.0,2.95
2026-01-22,P0035,3.0,37.14
2026-01-22,P0039,1.0,9.08
2026-01-22,P0045,2.0,26.22
2026-01-22,P0047,2.0,14.04
2026-01-22,P0048,3.0,12.24
2026-01-22,P0049,1.0,1.85
2026-01-22,P0051,2.0,7.6
2026-01-22,P0052,2.0,1.18
2026-01-22,P0055,1.0,1.27
2026-01-22,P0056,1.0,4.08
2026-01-22,P0057,1.0,3.47
2026-01-22,P0059,2.0,1.18
2026-01-22,P0060,1.0,4.1
2026-01-22,P0061,2.0,4.62
2026-01-22,P0063,3.0,7.38
2026-01-22,P0064,4.0,16.96
2026-01-22,P0065,2.0,6.08
2026-01-22,P0066,1.0,4.86
2026-01-22,P0067,4.0,4.0
2026-01-22,P0073,1.0,3.99
2026-01-22,P0074,2.0,1.98
2026-01-22,P0077,1.0,0.51
2026-01-22,P0078,6.0,6.84
2026-01-22,P0080,2.0,4.0
2026-01-22,P0081,6.0,32.52
2026-01-22,P0082,1.0,4.31
2026-01-22,P0083,1.0,1.26
2026-01-22,P0084,1.0,2.24
2026-01-22,P0087,1.0,1.17
2026-01-22,P0089,1.0,0.68
2026-01-22,P0090,2.0,7.38
2026-01-22,P0091,5.0,17.15
2026-01-22,P0093,1.0,3.5
2026-01-22,P0094,1.0,0.72
2026-01-22,P0095,1.0,3.6
2026-01-22,P0096,1.0,3.05
2026-01-22,P0097,3.0,3.36
2026-01-22,P0101,2.0,0.36
2026-01-22,P0103,2.0,4.74
2026-01-22,P0104,3.0,9.15
2026-01-22,P0105,6.0,8.76
2026-01-22,P0110,1.0,3.91
2026-01-22,P0112,2.0,7.8
2026-01-22,P0114,1.0,1.85
2026-01-22,P0117,2.0,10.8
2026-01-22,P0118,3.0,13.47
2026-01-22,P0119,1.0,3.32
2026-01-22,P0121,3.0,28.32
2026-01-22,P0122,2.0,6.04
2026-01-22,P0123,1.0,3.62
2026-01-22,P0124,4.0,9.48
2026-01-23,P0001,2.0,4.86
2026-01-23,P0003,1.0,2.98
2026-01-23,P0004,1.0,3.08
2026-01-23,P0006,2.0,0.78
2026-01-23,P0010,1.0,2.57
2026-01-23,P0014,1.0,2.05
2026-01-23,P0015,2.0,3.0
2026-01-23,P0016,1.0,1.66
2026-01-23,P0019,1.0,0.19
2026-01-23,P0020,1.0,1.45
2026-01-23,P0022,2.0,5.34
2026-01-23,P0023,1.0,2.87
2026-01-23,P0025,6.0,18.54
2026-01-23,P0026,2.0,2.78
2026-01-23,P0027,4.0,5.16
2026-01-23,P0028,6.0,14.52
2026-01-23,P0029,2.0,7.6
2026-01-23,P0035,1.0,12.38
2026-01-23,P0036,1.0,9.19
2026-01-23,P0037,3.0,14.28
2026-01-23,P0038,1.0,4.95
2026-01-23,P0040,1.0,10.55
2026-01-23,P0041,1.0,9.61
2026-01-23,P0045,2.0,26.22
2026-01-23,P0047,1.0,7.02
2026-01-23,P0049,1.0,1.85
2026-01-23,P0050,1.0,0.68
2026-01-23,P0051,4.0,15.2
2026-01-23,P0052,2.0,1.18
2026-01-23,P0055,1.0,1.27
2026-01-23,P0056,2.0,8.16
2026-01-23,P0057,2.0,6.94
2026-01-23,P0058,1.0,3.5
2026-01-23,P0059,1.0,0.59
2026-01-23,P0060,1.0,4.1
2026-01-23,P0061,1.0,2.31
2026-01-23,P0063,2.0,4.92
2026-01-23,P0064,5.0,21.2
2026-01-23,P0065,3.0,9.12
2026-01-23,P0066,2.0,9.72
2026-01-23,P0067,4.0,4.0
2026-01-23,P0070,1.0,1.65
2026-01-23,P0072,1.0,1.99
2026-01-23,P0073,1.0,3.99
2026-01-23,P0075,1.0,5.42
2026-01-23,P0076,2.0,3.96
2026-01-23,P0078,6.0,6.84
2026-01-23,P0081,6.0,32.52
2026-01-23,P0082,2.0,8.62
2026-01-23,P0083,1.0,1.26
2026-01-23,P0084,4.0,8.96
2026-01-23,P0089,1.0,0.68
2026-01-23,P0091,6.0,20.58
2026-01-23,P0094,1.0,0.72
2026-01-23,P0095,2.0,7.2
2026-01-23,P0097,2.0,2.24
2026-01-23,P0101,1.0,0.18
2026-01-23,P0103,2.0,4.74
2026-01-23,P0104,2.0,6.1
2026-01-23,P0105,6.0,8.76
2026-01-23,P0107,1.0,3.48
2026-01-23,P0110,1.0,3.91
2026-01-23,P0111,1.0,3.7
2026-01-23,P0112,3.0,11.7
2026-01-23,P0114,1.0,1.85
2026-01-23,P0115,1.0,1.96
2026-01-23,P0117,1.0,5.4
2026-01-23,P0118,3.0,13.47
2026-01-23,P0120,1.0,8.84
2026-01-23,P0121,1.0,9.44
2026-01-23,P0123,3.0,10.86
2026-01-23,P0124,2.0,4.74
2026-01-23,P0125,1.0,4.5
2026-01-23,P0126,1.0,2.19
2026-01-23,P0127,3.0,4.56
2026-01-23,P0128,3.0,4.38
2026-01-24,P0001,1.0,2.43
2026-01-24,P0004,1.0,3.08
2026-01-24,P0005,1.0,2.03
2026-01-24,P0006,1.0,0.39
2026-01-24,P0008,1.0,1.84
2026-01-24,P0010,1.0,2.57
2026-01-24,P0014,1.0,2.05
2026-01-24,P0015,2.0,3.0
2026-01-24,P0016,1.0,1.66
2026-01-24,P0018,1.0,0.52
2026-01-24,P0019,1.0,0.19
2026-01-24,P0020,1.0,1.45
2026-01-24,P0022,2.0,5.34
2026-01-24,P0023,2.0,5.74
2026-01-24,P0025,6.0,18.54
2026-01-24,P0026,3.0,4.17
2026-01-24,P0027,2.0,2.58
2026-01-24,P0028,6.0,14.52
2026-01-24,P0029,3.0,11.4
2026-01-24,P0031,2.0,1.86
2026-01-24,P0035,4.0,49.52
2026-01-24,P0037,1.0,4.76
2026-01-24,P0038,1.0,4.95
2026-01-24,P0039,1.0,9.08
2026-01-24,P0040,1.0,10.55
2026-01-24,P0045,3.0,39.33
2026-01-24,P0047,1.0,7.02
2026-01-24,P0048,1.0,4.08
2026-01-24,P0049,1.0,1.85
2026-01-24,P0050,3.0,2.04
2026-01-24,P0051,5.0,19.0
2026-01-24,P0052,2.0,1.18
2026-01-24,P0053,2.0,2.26
2026-01-24,P0055,2.0,2.54
2026-01-24,P0056,5.0,20.4
2026-01-24,P0057,2.0,6.94
2026-01-24,P0058,1.0,3.5
2026-01-24,P0059,2.0,1.18
2026-01-24,P0061,2.0,4.62
2026-01-24,P0063,4.0,9.84
2026-01-24,P0064,5.0,21.2
2026-01-24,P0065,3.0,9.12
2026-01-24,P0066,3.0,14.58
2026-01-24,P0067,4.0,4.0
2026-01-24,P0070,1.0,1.65
2026-01-24,P0072,1.0,1.99
2026-01-24,P0073,1.0,3.99
2026-01-24,P0075,1.0,5.42
2026-01-24,P0076,1.0,1.98
2026-01-24,P0077,2.0,1.02
2026-01-24,P0078,6.0,6.84
2026-01-24,P0079,1.0,5.17
2026-01-24,P0080,2.0,4.0
2026-01-24,P0081,6.0,32.52
2026-01-24,P0083,1.0,1.26
2026-01-24,P0084,3.0,6.72
2026-01-24,P0085,1.0,1.47
2026-01-24,P0088,2.0,3.66
2026-01-24,P0089,2.0,1.36
2026-01-24,P0091,6.0,20.58
2026-01-24,P0093,1.0,3.5
2026-01-24,P0094,1.0,0.72
2026-01-24,P0097,4.0,4.48
2026-01-24,P0101,3.0,0.54
2026-01-24,P0102,1.0,1.18
2026-01-24,P0103,2.0,4.74
2026-01-24,P0104,2.0,6.1
2026-01-24,P0105,6.0,8.76
2026-01-24,P0110,6.0,23.46
2026-01-24,P0112,1.0,3.9
2026-01-24,P0113,1.0,3.35
2026-01-24,P0114,1.0,1.85
2026-01-24,P0117,1.0,5.4
2026-01-24,P0118,1.0,4.49
2026-01-24,P0119,2.0,6.64
2026-01-24,P0120,1.0,8.84
2026-01-24,P0121,1.0,9.44
2026-01-24,P0122,2.0,6.04
2026-01-24,P0123,2.0,7.24
2026-01-24,P0124,2.0,4.74
2026-01-24,P0127,2.0,3.04
2026-01-24,P0128,3.0,4.38
2026-01-25,P0001,3.0,7.29
2026-01-25,P0003,3.0,8.94
2026-01-25,P0004,1.0,3.08
2026-01-25,P0006,1.0,0.39
2026-01-25,P0012,1.0,2.46
2026-01-25,P0014,3.0,6.15
2026-01-25,P0017,2.0,6.36
2026-01-25,P0018,1.0,0.52
2026-01-25,P0020,2.0,2.9
2026-01-25,P0021,1.0,0.52
2026-01-25,P0022,1.0,2.67
2026-01-25,P0023,1.0,2.87
2026-01-25,P0024,1.0,2.05
2026-01-25,P0025,6.0,18.54
2026-01-25,P0026,1.0,1.39
2026-01-25,P0027,3.0,3.87
2026-01-25,P0028,5.0,12.1
2026-01-25,P0029,2.0,7.6
2026-01-25,P0030,1.0,2.14
2026-01-25,P0032,1.0,1.03
2026-01-25,P0037,1.0,4.76
2026-01-25,P0038,1.0,4.95
2026-01-25,P0041,1.0,9.61
2026-01-25,P0045,1.0,13.11
2026-01-25,P0048,1.0,4.08
2026-01-25,P0049,2.0,3.7
2026-01-25,P0050,1.0,0.68
2026-01-25,P0051,4.0,15.2
2026-01-25,P0052,1.0,0.59
2026-01-25,P0055,1.0,1.27
2026-01-25,P0056,3.0,12.24
2026-01-25,P0057,2.0,6.94
2026-01-25,P0059,1.0,0.59
2026-01-25,P0061,2.0,4.62
2026-01-25,P0063,3.0,7.38
2026-01-25,P0064,5.0,21.2
2026-01-25,P0065,2.0,6.08
2026-01-25,P0066,4.0,19.44
2026-01-25,P0067,1.0,1.0
2026-01-25,P0071,1.0,2.94
2026-01-25,P0072,1.0,1.99
2026-01-25,P0074,1.0,0.99
2026-01-25,P0078,6.0,6.84
2026-01-25,P0079,1.0,5.17
2026-01-25,P0081,6.0,32.52
2026-01-25,P0082,2.0,8.62
2026-01-25,P0084,3.0,6.72
2026-01-25,P0088,1.0,1.83
2026-01-25,P0089,1.0,0.68
2026-01-25,P0091,6.0,20.58
2026-01-25,P0094,2.0,1.44
2026-01-25,P0095,1.0,3.6
2026-01-25,P0097,3.0,3.36
2026-01-25,P0100,1.0,0.23
2026-01-25,P0101,2.0,0.36
2026-01-25,P0103,1.0,2.37
2026-01-25,P0105,6.0,8.76
2026-01-25,P0106,1.0,1.13
2026-01-25,P0110,1.0,3.91
2026-01-25,P0113,1.0,3.35
2026-01-25,P0114,3.0,5.55
2026-01-25,P0117,3.0,16.2
2026-01-25,P0121,1.0,9.44
2026-01-25,P0123,2.0,7.24
2026-01-25,P0124,2.0,4.74
2026-01-25,P0127,2.0,3.04
2026-01-25,P0128,3.0,4.38
2026-01-26,P0001,2.0,4.86
2026-01-26,P0003,1.0,2.98
2026-01-26,P0006,1.0,0.39
2026-01-26,P0010,1.0,2.57
2026-01-26,P0015,2.0,3.0
2026-01-26,P0020,2.0,2.9
2026-01-26,P0025,3.0,9.27
2026-01-26,P0027,3.0,3.87
2026-01-26,P0028,5.0,12.1
2026-01-26,P0030,1.0,2.14
2026-01-26,P0031,2.0,1.86
2026-01-26,P0032,2.0,2.06
2026-01-26,P0035,1.0,12.38
2026-01-26,P0037,3.0,14.28
2026-01-26,P0038,1.0,4.95
2026-01-26,P0039,1.0,9.08
2026-01-26,P0042,1.0,14.27
2026-01-26,P0045,2.0,26.22
2026-01-26,P0047,1.0,7.02
2026-01-26,P0051,3.0,11.4
2026-01-26,P0052,2.0,1.18
2026-01-26,P0055,3.0,3.81
2026-01-26,P0056,3.0,12.24
2026-01-26,P0057,3.0,10.41
2026-01-26,P0058,1.0,3.5
2026-01-26,P0059,1.0,0.59
2026-01-26,P0061,2.0,4.62
2026-01-26,P0064,2.0,8.48
2026-01-26,P0065,2.0,6.08
2026-01-26,P0067,2.0,2.0
2026-01-26,P0070,1.0,1.65
2026-01-26,P0073,1.0,3.99
2026-01-26,P0077,1.0,0.51
2026-01-26,P0078,6.0,6.84
2026-01-26,P0080,1.0,2.0
2026-01-26,P0081,6.0,32.52
2026-01-26,P0084,3.0,6.72
2026-01-26,P0086,1.0,3.25
2026-01-26,P0089,1.0,0.68
2026-01-26,P0091,6.0,20.58
2026-01-26,P0094,2.0,1.44
2026-01-26,P0095,1.0,3.6
2026-01-26,P0096,1.0,3.05
2026-01-26,P0097,2.0,2.24
2026-01-26,P0098,2.0,0.9
2026-01-26,P0101,3.0,0.54
2026-01-26,P0103,1.0,2.37
2026-01-26,P0105,6.0,8.76
2026-01-26,P0106,1.0,1.13
2026-01-26,P0110,2.0,7.82
2026-01-26,P0112,4.0,15.6
2026-01-26,P0116,1.0,2.18
2026-01-26,P0120,1.0,8.84
2026-01-26,P0122,2.0,6.04
2026-01-26,P0123,3.0,10.86
2026-01-26,P0124,1.0,2.37
2026-01-26,P0127,3.0,4.56
2026-01-26,P0128,2.0,2.92
2026-01-27,P0001,1.0,2.43
2026-01-27,P0002,1.0,0.48
2026-01-27,P0003,2.0,5.96
2026-01-27,P0014,3.0,6.15
2026-01-27,P0017,1.0,3.18
2026-01-27,P0018,1.0,0.52
2026-01-27,P0020,2.0,2.9
2026-01-27,P0022,1.0,2.67
2026-01-27,P0023,1.0,2.87
2026-01-27,P0025,3.0,9.27
2026-01-27,P0027,1.0,1.29
2026-01-27,P0028,4.0,9.68
2026-01-27,P0032,2.0,2.06
2026-01-27,P0035,1.0,12.38
2026-01-27,P0039,1.0,9.08
2026-01-27,P0040,1.0,10.55
2026-01-27,P0042,1.0,14.27
2026-01-27,P0045,1.0,13.11
2026-01-27,P0046,1.0,7.68
2026-01-27,P0048,2.0,8.16
2026-01-27,P0050,2.0,1.36
2026-01-27,P0051,3.0,11.4
2026-01-27,P0053,1.0,1.13
2026-01-27,P0055,2.0,2.54
2026-01-27,P0056,2.0,8.16
2026-01-27,P0057,1.0,3.47
2026-01-27,P0058,1.0,3.5
2026-01-27,P0059,1.0,0.59
2026-01-27,P0060,1.0,4.1
2026-01-27,P0063,2.0,4.92
2026-01-27,P0064,2.0,8.48
2026-01-27,P0065,3.0,9.12
2026-01-27,P0066,2.0,9.72
2026-01-27,P0067,1.0,1.0
2026-01-27,P0068,1.0,3.83
2026-01-27,P0070,1.0,1.65
2026-01-27,P0072,1.0,1.99
2026-01-27,P0075,1.0,5.42
2026-01-27,P0077,1.0,0.51
2026-01-27,P0078,6.0,6.84
2026-01-27,P0081,6.0,32.52
2026-01-27,P0084,3.0,6.72
2026-01-27,P0086,1.0,3.25
2026-01-27,P0088,1.0,1.83
2026-01-27,P0091,6.0,20.58
2026-01-27,P0094,1.0,0.72
2026-01-27,P0096,1.0,3.05
2026-01-27,P0097,1.0,1.12
2026-01-27,P0099,1.0,0.24
2026-01-27,P0101,1.0,0.18
2026-01-27,P0103,1.0,2.37
2026-01-27,P0104,2.0,6.1
2026-01-27,P0105,6.0,8.76
2026-01-27,P0110,3.0,11.73
2026-01-27,P0112,1.0,3.9
2026-01-27,P0115,1.0,1.96
2026-01-27,P0117,4.0,21.6
2026-01-27,P0121,1.0,9.44
2026-01-27,P0124,3.0,7.11
2026-01-27,P0125,2.0,9.0
2026-01-27,P0127,1.0,1.52
2026-01-27,P0128,1.0,1.46
2026-01-28,P0001,2.0,4.86
2026-01-28,P0006,1.0,0.39
2026-01-28,P0012,1.0,2.46
2026-01-28,P0013,1.0,2.78
2026-01-28,P0014,1.0,2.05
2026-01-28,P0017,2.0,6.36
2026-01-28,P0020,1.0,1.45
2026-01-28,P0022,2.0,5.34
2026-01-28,P0025,5.0,15.45
2026-01-28,P0026,1.0,1.39
2026-01-28,P0027,2.0,2.58
2026-01-28,P0028,3.0,7.26
2026-01-28,P0029,2.0,7.6
2026-01-28,P0030,1.0,2.14
2026-01-28,P0032,1.0,1.03
2026-01-28,P0033,1.0,2.95
2026-01-28,P0035,3.0,37.14
2026-01-28,P0038,2.0,9.9
2026-01-28,P0039,1.0,9.08
2026-01-28,P0040,2.0,21.1
2026-01-28,P0045,2.0,26.22
2026-01-28,P0048,2.0,8.16
2026-01-28,P0051,4.0,15.2
2026-01-28,P0052,1.0,0.59
2026-01-28,P0054,1.0,1.06
2026-01-28,P0055,2.0,2.54
2026-01-28,P0056,2.0,8.16
2026-01-28,P0057,3.0,10.41
2026-01-28,P0058,1.0,3.5
2026-01-28,P0059,1.0,0.59
2026-01-28,P0061,1.0,2.31
2026-01-28,P0062,1.0,2.69
2026-01-28,P0064,4.0,16.96
2026-01-28,P0065,1.0,3.04
2026-01-28,P0066,1.0,4.86
2026-01-28,P0067,2.0,2.0
2026-01-28,P0069,1.0,4.67
2026-01-28,P0070,1.0,1.65
2026-01-28,P0078,6.0,6.84
2026-01-28,P0080,1.0,2.0
2026-01-28,P0081,6.0,32.52
2026-01-28,P0089,2.0,1.36
2026-01-28,P0091,6.0,20.58
2026-01-28,P0093,1.0,3.5
2026-01-28,P0095,2.0,7.2
2026-01-28,P0096,1.0,3.05
2026-01-28,P0097,2.0,2.24
2026-01-28,P0101,1.0,0.18
2026-01-28,P0104,3.0,9.15
2026-01-28,P0105,6.0,8.76
2026-01-28,P0112,1.0,3.9
2026-01-28,P0114,1.0,1.85
2026-01-28,P0117,1.0,5.4
2026-01-28,P0118,2.0,8.98
2026-01-28,P0121,1.0,9.44
2026-01-28,P0122,2.0,6.04
2026-01-28,P0123,2.0,7.24
2026-01-28,P0124,1.0,2.37
2026-01-28,P0127,2.0,3.04
2026-01-29,P0001,4.0,9.72
2026-01-29,P0002,2.0,0.96
2026-01-29,P0003,1.0,2.98
2026-01-29,P0004,1.0,3.08
2026-01-29,P0006,1.0,0.39
2026-01-29,P0016,1.0,1.66
2026-01-29,P0019,1.0,0.19
2026-01-29,P0023,1.0,2.87
2026-01-29,P0025,4.0,12.36
2026-01-29,P0026,2.0,2.78
2026-01-29,P0028,6.0,14.52
2026-01-29,P0029,2.0,7.6
2026-01-29,P0031,1.0,0.93
2026-01-29,P0035,1.0,12.38
2026-01-29,P0043,1.0,8.55
2026-01-29,P0045,1.0,13.11
2026-01-29,P0047,1.0,7.02
2026-01-29,P0050,2.0,1.36
2026-01-29,P0051,2.0,7.6
2026-01-29,P0052,3.0,1.77
2026-01-29,P0055,3.0,3.81
2026-01-29,P0056,1.0,4.08
2026-01-29,P0058,2.0,7.0
2026-01-29,P0060,1.0,4.1
2026-01-29,P0061,1.0,2.31
2026-01-29,P0062,1.0,2.69
2026-01-29,P0063,5.0,12.3
2026-01-29,P0064,5.0,21.2
2026-01-29,P0065,2.0,6.08
2026-01-29,P0066,2.0,9.72
2026-01-29,P0067,3.0,3.0
2026-01-29,P0072,1.0,1.99
2026-01-29,P0078,6.0,6.84
2026-01-29,P0079,1.0,5.17
2026-01-29,P0081,6.0,32.52
2026-01-29,P0084,4.0,8.96
2026-01-29,P0085,1.0,1.47
2026-01-29,P0091,6.0,20.58
2026-01-29,P0093,1.0,3.5
2026-01-29,P0096,1.0,3.05
2026-01-29,P0097,1.0,1.12
2026-01-29,P0101,3.0,0.54
2026-01-29,P0103,1.0,2.37
2026-01-29,P0104,1.0,3.05
2026-01-29,P0105,6.0,8.76
2026-01-29,P0108,1.0,2.16
2026-01-29,P0110,2.0,7.82
2026-01-29,P0111,1.0,3.7
2026-01-29,P0112,2.0,7.8
2026-01-29,P0114,1.0,1.85
2026-01-29,P0117,1.0,5.4
2026-01-29,P0118,1.0,4.49
2026-01-29,P0120,1.0,8.84
2026-01-29,P0121,1.0,9.44
2026-01-29,P0122,3.0,9.06
2026-01-29,P0125,1.0,4.5
2026-01-29,P0127,1.0,1.52
2026-01-29,P0128,2.0,2.92
2026-01-30,P0001,3.0,7.29
2026-01-30,P0002,1.0,0.48
2026-01-30,P0005,1.0,2.03
2026-01-30,P0014,2.0,4.1
2026-01-30,P0016,1.0,1.66
2026-01-30,P0017,1.0,3.18
2026-01-30,P0020,2.0,2.9
2026-01-30,P0023,2.0,5.74
2026-01-30,P0025,6.0,18.54
2026-01-30,P0026,4.0,5.56
2026-01-30,P0027,1.0,1.29
2026-01-30,P0028,6.0,14.52
2026-01-30,P0031,1.0,0.93
2026-01-30,P0033,1.0,2.95
2026-01-30,P0035,2.0,24.76
2026-01-30,P0037,4.0,19.04
2026-01-30,P0038,2.0,9.9
2026-01-30,P0045,1.0,13.11
2026-01-30,P0048,1.0,4.08
2026-01-30,P0049,2.0,3.7
2026-01-30,P0050,2.0,1.36
2026-01-30,P0051,1.0,3.8
2026-01-30,P0052,2.0,1.18
2026-01-30,P0055,2.0,2.54
2026-01-30,P0056,2.0,8.16
2026-01-30,P0057,4.0,13.88
2026-01-30,P0058,1.0,3.5
2026-01-30,P0061,1.0,2.31
2026-01-30,P0062,1.0,2.69
2026-01-30,P0063,4.0,9.84
2026-01-30,P0064,5.0,21.2
2026-01-30,P0065,1.0,3.04
2026-01-30,P0066,1.0,4.86
2026-01-30,P0067,3.0,3.0
2026-01-30,P0072,2.0,3.98
2026-01-30,P0073,1.0,3.99
2026-01-30,P0078,6.0,6.84
2026-01-30,P0080,1.0,2.0
2026-01-30,P0081,6.0,32.52
2026-01-30,P0082,1.0,4.31
2026-01-30,P0084,3.0,6.72
2026-01-30,P0090,1.0,3.69
2026-01-30,P0091,6.0,20.58
2026-01-30,P0094,2.0,1.44
2026-01-30,P0096,1.0,3.05
2026-01-30,P0097,2.0,2.24
2026-01-30,P0101,2.0,0.36
2026-01-30,P0104,1.0,3.05
2026-01-30,P0105,6.0,8.76
2026-01-30,P0109,2.0,3.78
2026-01-30,P0110,5.0,19.55
2026-01-30,P0112,3.0,11.7
2026-01-30,P0114,1.0,1.85
2026-01-30,P0116,1.0,2.18
2026-01-30,P0119,1.0,3.32
2026-01-30,P0120,1.0,8.84
2026-01-30,P0122,2.0,6.04
2026-01-30,P0123,2.0,7.24
2026-01-30,P0124,4.0,9.48
2026-01-30,P0127,2.0,3.04
2026-01-30,P0128,1.0,1.46
2026-01-31,P0001,3.0,7.29
2026-01-31,P0003,3.0,8.94
2026-01-31,P0004,2.0,6.16
2026-01-31,P0006,2.0,0.78
2026-01-31,P0014,3.0,6.15
2026-01-31,P0015,2.0,3.0
2026-01-31,P0016,2.0,3.32
2026-01-31,P0017,1.0,3.18
2026-01-31,P0018,1.0,0.52
2026-01-31,P0020,2.0,2.9
2026-01-31,P0022,1.0,2.67
2026-01-31,P0023,2.0,5.74
2026-01-31,P0025,6.0,18.54
2026-01-31,P0026,2.0,2.78
2026-01-31,P0027,3.0,3.87
2026-01-31,P0028,6.0,14.52
2026-01-31,P0029,1.0,3.8
2026-01-31,P0031,2.0,1.86
2026-01-31,P0032,1.0,1.03
2026-01-31,P0033,1.0,2.95
2026-01-31,P0035,4.0,49.52
2026-01-31,P0037,2.0,9.52
2026-01-31,P0038,3.0,14.85
2026-01-31,P0039,1.0,9.08
2026-01-31,P0043,1.0,8.55
2026-01-31,P0045,2.0,26.22
2026-01-31,P0047,2.0,14.04
2026-01-31,P0048,1.0,4.08
2026-01-31,P0049,1.0,1.85
2026-01-31,P0050,1.0,0.68
2026-01-31,P0051,3.0,11.4
2026-01-31,P0052,2.0,1.18
2026-01-31,P0053,1.0,1.13
2026-01-31,P0056,1.0,4.08
2026-01-31,P0057,2.0,6.94
2026-01-31,P0058,1.0,3.5
2026-01-31,P0059,2.0,1.18
2026-01-31,P0061,2.0,4.62
2026-01-31,P0062,1.0,2.69
2026-01-31,P0063,5.0,12.3
2026-01-31,P0064,5.0,21.2
2026-01-31,P0065,2.0,6.08
2026-01-31,P0066,1.0,4.86
2026-01-31,P0067,2.0,2.0
2026-01-31,P0069,2.0,9.34
2026-01-31,P0070,1.0,1.65
2026-01-31,P0074,3.0,2.97
2026-01-31,P0076,1.0,1.98
2026-01-31,P0078,6.0,6.84
2026-01-31,P0080,1.0,2.0
2026-01-31,P0081,6.0,32.52
2026-01-31,P0082,1.0,4.31
2026-01-31,P0084,3.0,6.72
2026-01-31,P0091,6.0,20.58
2026-01-31,P0093,1.0,3.5
2026-01-31,P0095,1.0,3.6
2026-01-31,P0096,1.0,3.05
2026-01-31,P0097,2.0,2.24
2026-01-31,P0098,2.0,0.9
2026-01-31,P0101,4.0,0.72
2026-01-31,P0103,3.0,7.11
2026-01-31,P0104,4.0,12.2
2026-01-31,P0105,6.0,8.76
2026-01-31,P0106,2.0,2.26
2026-01-31,P0110,4.0,15.64
2026-01-31,P0116,1.0,2.18
2026-01-31,P0117,2.0,10.8
2026-01-31,P0118,1.0,4.49
2026-01-31,P0121,2.0,18.88
2026-01-31,P0122,2.0,6.04
2026-01-31,P0123,3.0,10.86
2026-01-31,P0125,2.0,9.0
2026-01-31,P0127,5.0,7.6
2026-01-31,P0128,4.0,5.84
2026-02-01,P0001,1.0,2.43
2026-02-01,P0003,1.0,2.98
2026-02-01,P0007,1.0,2.07
2026-02-01,P0012,1.0,2.46
2026-02-01,P0013,1.0,2.78
2026-02-01,P0014,2.0,4.1
2026-02-01,P0015,1.0,1.5
2026-02-01,P0017,1.0,3.18
2026-02-01,P0021,1.0,0.52
2026-02-01,P0022,1.0,2.67
2026-02-01,P0025,4.0,12.36
2026-02-01,P0028,5.0,12.1
2026-02-01,P0033,2.0,5.9
2026-02-01,P0035,3.0,37.14
2026-02-01,P0037,1.0,4.76
2026-02-01,P0038,3.0,14.85
2026-02-01,P0039,1.0,9.08
2026-02-01,P0040,1.0,10.55
2026-02-01,P0045,2.0,26.22
2026-02-01,P0048,1.0,4.08
2026-02-01,P0049,1.0,1.85
2026-02-01,P0050,1.0,0.68
2026-02-01,P0052,1.0,0.59
2026-02-01,P0053,1.0,1.13
2026-02-01,P0055,2.0,2.54
2026-02-01,P0056,3.0,12.24
2026-02-01,P0057,1.0,3.47
2026-02-01,P0058,3.0,10.5
2026-02-01,P0061,2.0,4.62
2026-02-01,P0063,4.0,9.84
2026-02-01,P0064,2.0,8.48
2026-02-01,P0065,2.0,6.08
2026-02-01,P0066,3.0,14.58
2026-02-01,P0067,2.0,2.0
2026-02-01,P0077,2.0,1.02
2026-02-01,P0078,6.0,6.84
2026-02-01,P0080,1.0,2.0
2026-02-01,P0081,6.0,32.52
2026-02-01,P0082,1.0,4.31
2026-02-01,P0086,1.0,3.25
2026-02-01,P0088,1.0,1.83
2026-02-01,P0089,2.0,1.36
2026-02-01,P0091,6.0,20.58
2026-02-01,P0095,1.0,3.6
2026-02-01,P0096,1.0,3.05
2026-02-01,P0097,2.0,2.24
2026-02-01,P0098,1.0,0.45
2026-02-01,P0102,1.0,1.18
2026-02-01,P0103,1.0,2.37
2026-02-01,P0104,2.0,6.1
2026-02-01,P0105,6.0,8.76
2026-02-01,P0110,3.0,11.73
2026-02-01,P0112,3.0,11.7
2026-02-01,P0113,2.0,6.7
2026-02-01,P0116,1.0,2.18
2026-02-01,P0117,2.0,10.8
2026-02-01,P0119,2.0,6.64
2026-02-01,P0120,1.0,8.84
2026-02-01,P0121,3.0,28.32
2026-02-01,P0122,1.0,3.02
2026-02-01,P0124,1.0,2.37
2026-02-01,P0127,1.0,1.52
2026-02-02,P0003,1.0,2.98
2026-02-02,P0005,2.0,4.06
2026-02-02,P0006,1.0,0.39
2026-02-02,P0014,3.0,6.15
2026-02-02,P0015,1.0,1.5
2026-02-02,P0016,1.0,1.66
2026-02-02,P0022,1.0,2.67
2026-02-02,P0023,1.0,2.87
2026-02-02,P0025,2.0,6.18
2026-02-02,P0027,2.0,2.58
2026-02-02,P0028,5.0,12.1
2026-02-02,P0030,1.0,2.14
2026-02-02,P0031,2.0,1.86
2026-02-02,P0032,1.0,1.03
2026-02-02,P0033,1.0,2.95
2026-02-02,P0035,1.0,12.38
2026-02-02,P0045,2.0,26.22
2026-02-02,P0051,3.0,11.4
2026-02-02,P0052,2.0,1.18
2026-02-02,P0055,1.0,1.27
2026-02-02,P0056,1.0,4.08
2026-02-02,P0057,2.0,6.94
2026-02-02,P0058,1.0,3.5
2026-02-02,P0059,2.0,1.18
2026-02-02,P0061,1.0,2.31
2026-02-02,P0063,3.0,7.38
2026-02-02,P0064,3.0,12.72
2026-02-02,P0065,2.0,6.08
2026-02-02,P0066,1.0,4.86
2026-02-02,P0067,2.0,2.0
2026-02-02,P0068,1.0,3.83
2026-02-02,P0069,1.0,4.67
2026-02-02,P0078,6.0,6.84
2026-02-02,P0080,1.0,2.0
2026-02-02,P0081,6.0,32.52
2026-02-02,P0091,5.0,17.15
2026-02-02,P0093,1.0,3.5
2026-02-02,P0094,2.0,1.44
2026-02-02,P0095,1.0,3.6
2026-02-02,P0097,1.0,1.12
2026-02-02,P0101,2.0,0.36
2026-02-02,P0103,1.0,2.37
2026-02-02,P0104,1.0,3.05
2026-02-02,P0105,5.0,7.3
2026-02-02,P0106,1.0,1.13
2026-02-02,P0110,2.0,7.82
2026-02-02,P0112,2.0,7.8
2026-02-02,P0113,1.0,3.35
2026-02-02,P0116,1.0,2.18
2026-02-02,P0117,1.0,5.4
2026-02-02,P0118,1.0,4.49
2026-02-02,P0119,1.0,3.32
2026-02-02,P0121,1.0,9.44
2026-02-02,P0122,2.0,6.04
2026-02-02,P0123,1.0,3.62
2026-02-02,P0125,1.0,4.5
2026-02-02,P0128,2.0,2.92
2026-02-03,P0001,2.0,4.86
2026-02-03,P0003,1.0,2.98
2026-02-03,P0004,1.0,3.08
2026-02-03,P0006,1.0,0.39
2026-02-03,P0008,1.0,1.84
2026-02-03,P0014,3.0,6.15
2026-02-03,P0015,2.0,3.0
2026-02-03,P0016,1.0,1.66
2026-02-03,P0019,2.0,0.38
2026-02-03,P0021,1.0,0.52
2026-02-03,P0023,1.0,2.87
2026-02-03,P0025,4.0,12.36
2026-02-03,P0026,1.0,1.39
2026-02-03,P0027,1.0,1.29
2026-02-03,P0028,5.0,12.1
2026-02-03,P0034,1.0,9.5
2026-02-03,P0035,3.0,37.14
2026-02-03,P0037,1.0,4.76
2026-02-03,P0042,2.0,28.54
2026-02-03,P0045,1.0,13.11
2026-02-03,P0047,4.0,28.08
2026-02-03,P0048,1.0,4.08
2026-02-03,P0051,2.0,7.6
2026-02-03,P0052,1.0,0.59
2026-02-03,P0055,2.0,2.54
2026-02-03,P0056,2.0,8.16
2026-02-03,P0057,2.0,6.94
2026-02-03,P0058,1.0,3.5
2026-02-03,P0062,1.0,2.69
2026-02-03,P0063,3.0,7.38
2026-02-03,P0064,4.0,16.96
2026-02-03,P0066,1.0,4.86
2026-02-03,P0067,3.0,3.0
2026-02-03,P0068,1.0,3.83
2026-02-03,P0069,1.0,4.67
2026-02-03,P0070,1.0,1.65
2026-02-03,P0078,6.0,6.84
2026-02-03,P0080,2.0,4.0
2026-02-03,P0081,6.0,32.52
2026-02-03,P0084,2.0,4.48
2026-02-03,P0087,1.0,1.17
2026-02-03,P0088,1.0,1.83
2026-02-03,P0091,6.0,20.58
2026-02-03,P0094,1.0,0.72
2026-02-03,P0097,2.0,2.24
2026-02-03,P0098,1.0,0.45
2026-02-03,P0101,1.0,0.18
2026-02-03,P0103,2.0,4.74
2026-02-03,P0104,4.0,12.2
2026-02-03,P0105,5.0,7.3
2026-02-03,P0106,1.0,1.13
2026-02-03,P0107,1.0,3.48
2026-02-03,P0110,2.0,7.82
2026-02-03,P0112,2.0,7.8
2026-02-03,P0119,1.0,3.32
2026-02-03,P0121,3.0,28.32
2026-02-03,P0122,2.0,6.04
2026-02-03,P0123,2.0,7.24
2026-02-03,P0124,2.0,4.74
2026-02-03,P0126,1.0,2.19
2026-02-03,P0127,1.0,1.52
2026-02-03,P0128,3.0,4.38
2026-02-04,P0001,1.0,2.43
2026-02-04,P0006,1.0,0.39
2026-02-04,P0011,1.0,2.62
2026-02-04,P0014,4.0,8.2
2026-02-04,P0016,1.0,1.66
2026-02-04,P0018,2.0,1.04
2026-02-04,P0020,1.0,1.45
2026-02-04,P0021,1.0,0.52
2026-02-04,P0022,1.0,2.67
2026-02-04,P0025,4.0,12.36
2026-02-04,P0027,1.0,1.29
2026-02-04,P0028,1.0,2.42
2026-02-04,P0029,2.0,7.6
2026-02-04,P0031,2.0,1.86
2026-02-04,P0032,1.0,1.03
2026-02-04,P0033,1.0,2.95
2026-02-04,P0035,3.0,37.14
2026-02-04,P0037,2.0,9.52
2026-02-04,P0039,1.0,9.08
2026-02-04,P0040,1.0,10.55
2026-02-04,P0042,1.0,14.27
2026-02-04,P0045,1.0,13.11
2026-02-04,P0047,1.0,7.02
2026-02-04,P0048,1.0,4.08
2026-02-04,P0051,4.0,15.2
2026-02-04,P0052,4.0,2.36
2026-02-04,P0056,1.0,4.08
2026-02-04,P0057,2.0,6.94
2026-02-04,P0059,2.0,1.18
2026-02-04,P0061,4.0,9.24
2026-02-04,P0063,3.0,7.38
2026-02-04,P0064,1.0,4.24
2026-02-04,P0065,3.0,9.12
2026-02-04,P0066,2.0,9.72
2026-02-04,P0067,4.0,4.0
2026-02-04,P0068,2.0,7.66
2026-02-04,P0069,1.0,4.67
2026-02-04,P0070,1.0,1.65
2026-02-04,P0071,1.0,2.94
2026-02-04,P0072,1.0,1.99
2026-02-04,P0074,1.0,0.99
2026-02-04,P0078,6.0,6.84
2026-02-04,P0081,6.0,32.52
2026-02-04,P0084,1.0,2.24
2026-02-04,P0089,1.0,0.68
2026-02-04,P0091,5.0,17.15
2026-02-04,P0094,2.0,1.44
2026-02-04,P0095,1.0,3.6
2026-02-04,P0096,1.0,3.05
2026-02-04,P0097,2.0,2.24
2026-02-04,P0098,1.0,0.45
2026-02-04,P0099,1.0,0.24
2026-02-04,P0101,2.0,0.36
2026-02-04,P0104,2.0,6.1
2026-02-04,P0105,6.0,8.76
2026-02-04,P0110,1.0,3.91
2026-02-04,P0114,1.0,1.85
2026-02-04,P0115,1.0,1.96
2026-02-04,P0119,1.0,3.32
2026-02-04,P0120,1.0,8.84
2026-02-04,P0121,2.0,18.88
2026-02-04,P0122,1.0,3.02
2026-02-04,P0125,1.0,4.5
2026-02-04,P0128,2.0,2.92
2026-02-05,P0001,3.0,7.29
2026-02-05,P0002,1.0,0.48
2026-02-05,P0004,2.0,6.16
2026-02-05,P0005,2.0,4.06
2026-02-05,P0014,2.0,4.1
2026-02-05,P0015,1.0,1.5
2026-02-05,P0016,1.0,1.66
2026-02-05,P0025,5.0,15.45
2026-02-05,P0026,1.0,1.39
2026-02-05,P0027,1.0,1.29
2026-02-05,P0028,6.0,14.52
2026-02-05,P0029,3.0,11.4
2026-02-05,P0030,1.0,2.14
2026-02-05,P0033,3.0,8.85
2026-02-05,P0035,1.0,12.38
2026-02-05,P0038,2.0,9.9
2026-02-05,P0039,1.0,9.08
2026-02-05,P0041,1.0,9.61
2026-02-05,P0047,1.0,7.02
2026-02-05,P0048,1.0,4.08
2026-02-05,P0050,2.0,1.36
2026-02-05,P0051,3.0,11.4
2026-02-05,P0052,1.0,0.59
2026-02-05,P0055,2.0,2.54
2026-02-05,P0057,2.0,6.94
2026-02-05,P0058,1.0,3.5
2026-02-05,P0061,1.0,2.31
2026-02-05,P0063,2.0,4.92
2026-02-05,P0064,5.0,21.2
2026-02-05,P0065,3.0,9.12
2026-02-05,P0066,1.0,4.86
2026-02-05,P0067,2.0,2.0
2026-02-05,P0068,1.0,3.83
2026-02-05,P0069,1.0,4.67
2026-02-05,P0070,1.0,1.65
2026-02-05,P0071,1.0,2.94
2026-02-05,P0076,1.0,1.98
2026-02-05,P0078,6.0,6.84
2026-02-05,P0081,6.0,32.52
2026-02-05,P0084,2.0,4.48
2026-02-05,P0086,2.0,6.5
2026-02-05,P0089,2.0,1.36
2026-02-05,P0090,2.0,7.38
2026-02-05,P0091,6.0,20.58
2026-02-05,P0094,1.0,0.72
2026-02-05,P0096,1.0,3.05
2026-02-05,P0097,1.0,1.12
2026-02-05,P0100,1.0,0.23
2026-02-05,P0104,2.0,6.1
2026-02-05,P0105,6.0,8.76
2026-02-05,P0110,3.0,11.73
2026-02-05,P0116,1.0,2.18
2026-02-05,P0117,1.0,5.4
2026-02-05,P0122,2.0,6.04
2026-02-05,P0123,1.0,3.62
2026-02-05,P0124,3.0,7.11
2026-02-05,P0127,1.0,1.52
2026-02-05,P0128,1.0,1.46
2026-02-06,P0001,1.0,2.43
2026-02-06,P0003,2.0,5.96
2026-02-06,P0004,2.0,6.16
2026-02-06,P0012,1.0,2.46
2026-02-06,P0013,1.0,2.78
2026-02-06,P0014,1.0,2.05
2026-02-06,P0015,1.0,1.5
2026-02-06,P0017,1.0,3.18
2026-02-06,P0022,1.0,2.67
2026-02-06,P0025,6.0,18.54
2026-02-06,P0026,4.0,5.56
2026-02-06,P0027,2.0,2.58
2026-02-06,P0028,6.0,14.52
2026-02-06,P0030,1.0,2.14
2026-02-06,P0032,1.0,1.03
2026-02-06,P0034,1.0,9.5
2026-02-06,P0035,2.0,24.76
2026-02-06,P0038,1.0,4.95
2026-02-06,P0039,1.0,9.08
2026-02-06,P0042,1.0,14.27
2026-02-06,P0045,1.0,13.11
2026-02-06,P0049,1.0,1.85
2026-02-06,P0050,2.0,1.36
2026-02-06,P0051,3.0,11.4
2026-02-06,P0052,3.0,1.77
2026-02-06,P0053,1.0,1.13
2026-02-06,P0055,2.0,2.54
2026-02-06,P0056,4.0,16.32
2026-02-06,P0057,3.0,10.41
2026-02-06,P0063,4.0,9.84
2026-02-06,P0064,5.0,21.2
2026-02-06,P0065,2.0,6.08
2026-02-06,P0066,1.0,4.86
2026-02-06,P0067,1.0,1.0
2026-02-06,P0070,1.0,1.65
2026-02-06,P0072,1.0,1.99
2026-02-06,P0074,1.0,0.99
2026-02-06,P0076,1.0,1.98
2026-02-06,P0077,1.0,0.51
2026-02-06,P0078,6.0,6.84
2026-02-06,P0080,1.0,2.0
2026-02-06,P0081,6.0,32.52
2026-02-06,P0082,1.0,4.31
2026-02-06,P0084,2.0,4.48
2026-02-06,P0086,1.0,3.25
2026-02-06,P0090,2.0,7.38
2026-02-06,P0091,6.0,20.58
2026-02-06,P0094,5.0,3.6
2026-02-06,P0095,1.0,3.6
2026-02-06,P0096,3.0,9.15
2026-02-06,P0097,3.0,3.36
2026-02-06,P0100,1.0,0.23
2026-02-06,P0101,4.0,0.72
2026-02-06,P0105,6.0,8.76
2026-02-06,P0110,3.0,11.73
2026-02-06,P0112,2.0,7.8
2026-02-06,P0116,2.0,4.36
2026-02-06,P0117,1.0,5.4
2026-02-06,P0118,1.0,4.49
2026-02-06,P0119,1.0,3.32
2026-02-06,P0121,2.0,18.88
2026-02-06,P0122,2.0,6.04
2026-02-06,P0123,1.0,3.62
2026-02-06,P0124,2.0,4.74
2026-02-06,P0125,2.0,9.0
2026-02-06,P0127,4.0,6.08
2026-02-06,P0128,1.0,1.46
2026-02-07,P0001,3.0,7.29
2026-02-07,P0002,1.0,0.48
2026-02-07,P0003,2.0,5.96
2026-02-07,P0004,1.0,3.08
2026-02-07,P0006,1.0,0.39
2026-02-07,P0008,1.0,1.84
2026-02-07,P0010,1.0,2.57
2026-02-07,P0011,2.0,5.24
2026-02-07,P0014,3.0,6.15
2026-02-07,P0015,2.0,3.0
2026-02-07,P0018,1.0,0.52
2026-02-07,P0020,1.0,1.45
2026-02-07,P0021,1.0,0.52
2026-02-07,P0022,1.0,2.67
2026-02-07,P0023,2.0,5.74
2026-02-07,P0025,6.0,18.54
2026-02-07,P0026,1.0,1.39
2026-02-07,P0027,3.0,3.87
2026-02-07,P0028,6.0,14.52
2026-02-07,P0031,1.0,0.93
2026-02-07,P0035,3.0,37.14
2026-02-07,P0037,2.0,9.52
2026-02-07,P0038,2.0,9.9
2026-02-07,P0042,1.0,14.27
2026-02-07,P0045,2.0,26.22
2026-02-07,P0046,1.0,7.68
2026-02-07,P0047,2.0,14.04
2026-02-07,P0048,3.0,12.24
2026-02-07,P0049,2.0,3.7
2026-02-07,P0050,2.0,1.36
2026-02-07,P0051,3.0,11.4
2026-02-07,P0052,2.0,1.18
2026-02-07,P0055,1.0,1.27
2026-02-07,P0056,3.0,12.24
2026-02-07,P0057,2.0,6.94
2026-02-07,P0059,2.0,1.18
2026-02-07,P0061,1.0,2.31
2026-02-07,P0062,1.0,2.69
2026-02-07,P0063,5.0,12.3
2026-02-07,P0064,6.0,25.44
2026-02-07,P0065,4.0,12.16
2026-02-07,P0066,3.0,14.58
2026-02-07,P0067,1.0,1.0
2026-02-07,P0068,2.0,7.66
2026-02-07,P0069,1.0,4.67
2026-02-07,P0070,2.0,3.3
2026-02-07,P0074,1.0,0.99
2026-02-07,P0077,2.0,1.02
2026-02-07,P0078,6.0,6.84
2026-02-07,P0081,6.0,32.52
2026-02-07,P0084,3.0,6.72
2026-02-07,P0089,1.0,0.68
2026-02-07,P0090,1.0,3.69
2026-02-07,P0091,6.0,20.58
2026-02-07,P0093,1.0,3.5
2026-02-07,P0094,1.0,0.72
2026-02-07,P0095,1.0,3.6
2026-02-07,P0097,3.0,3.36
2026-02-07,P0098,1.0,0.45
2026-02-07,P0100,1.0,0.23
2026-02-07,P0101,4.0,0.72
2026-02-07,P0102,1.0,1.18
2026-02-07,P0103,1.0,2.37
2026-02-07,P0104,1.0,3.05
2026-02-07,P0105,6.0,8.76
2026-02-07,P0106,2.0,2.26
2026-02-07,P0107,1.0,3.48
2026-02-07,P0110,4.0,15.64
2026-02-07,P0112,3.0,11.7
2026-02-07,P0113,1.0,3.35
2026-02-07,P0117,2.0,10.8
2026-02-07,P0119,1.0,3.32
2026-02-07,P0121,2.0,18.88
2026-02-07,P0122,2.0,6.04
2026-02-07,P0123,1.0,3.62
2026-02-07,P0124,1.0,2.37
2026-02-07,P0125,2.0,9.0
2026-02-07,P0127,2.0,3.04
2026-02-07,P0128,3.0,4.38
2026-02-08,P0001,1.0,2.43
2026-02-08,P0003,1.0,2.98
2026-02-08,P0004,1.0,3.08
2026-02-08,P0006,1.0,0.39
2026-02-08,P0009,1.0,2.76
2026-02-08,P0014,3.0,6.15
2026-02-08,P0015,2.0,3.0
2026-02-08,P0016,1.0,1.66
2026-02-08,P0018,1.0,0.52
2026-02-08,P0019,1.0,0.19
2026-02-08,P0023,1.0,2.87
2026-02-08,P0024,1.0,2.05
2026-02-08,P0025,4.0,12.36
2026-02-08,P0026,2.0,2.78
2026-02-08,P0027,1.0,1.29
2026-02-08,P0028,5.0,12.1
2026-02-08,P0029,2.0,7.6
2026-02-08,P0033,2.0,5.9
2026-02-08,P0035,2.0,24.76
2026-02-08,P0038,1.0,4.95
2026-02-08,P0045,1.0,13.11
2026-02-08,P0047,3.0,21.06
2026-02-08,P0050,2.0,1.36
2026-02-08,P0051,3.0,11.4
2026-02-08,P0052,2.0,1.18
2026-02-08,P0056,1.0,4.08
2026-02-08,P0057,3.0,10.41
2026-02-08,P0059,2.0,1.18
2026-02-08,P0060,1.0,4.1
2026-02-08,P0062,1.0,2.69
2026-02-08,P0063,4.0,9.84
2026-02-08,P0064,6.0,25.44
2026-02-08,P0065,2.0,6.08
2026-02-08,P0066,3.0,14.58
2026-02-08,P0067,3.0,3.0
2026-02-08,P0068,1.0,3.83
2026-02-08,P0074,1.0,0.99
2026-02-08,P0078,6.0,6.84
2026-02-08,P0079,1.0,5.17
2026-02-08,P0080,1.0,2.0
2026-02-08,P0081,6.0,32.52
2026-02-08,P0084,3.0,6.72
2026-02-08,P0089,1.0,0.68
2026-02-08,P0090,1.0,3.69
2026-02-08,P0091,6.0,20.58
2026-02-08,P0096,2.0,6.1
2026-02-08,P0097,2.0,2.24
2026-02-08,P0101,1.0,0.18
2026-02-08,P0104,3.0,9.15
2026-02-08,P0105,6.0,8.76
2026-02-08,P0108,1.0,2.16
2026-02-08,P0110,3.0,11.73
2026-02-08,P0112,4.0,15.6
2026-02-08,P0114,1.0,1.85
2026-02-08,P0115,1.0,1.96
2026-02-08,P0116,1.0,2.18
2026-02-08,P0117,2.0,10.8
2026-02-08,P0120,1.0,8.84
2026-02-08,P0121,2.0,18.88
2026-02-08,P0122,1.0,3.02
2026-02-08,P0123,2.0,7.24
2026-02-08,P0124,1.0,2.37
2026-02-08,P0125,1.0,4.5
2026-02-08,P0127,2.0,3.04
2026-02-08,P0128,2.0,2.92
2026-02-09,P0001,1.0,2.43
2026-02-09,P0003,2.0,5.96
2026-02-09,P0010,1.0,2.57
2026-02-09,P0020,2.0,2.9
2026-02-09,P0022,1.0,2.67
2026-02-09,P0025,2.0,6.18
2026-02-09,P0026,1.0,1.39
2026-02-09,P0028,4.0,9.68
2026-02-09,P0029,1.0,3.8
2026-02-09,P0031,1.0,0.93
2026-02-09,P0033,1.0,2.95
2026-02-09,P0034,1.0,9.5
2026-02-09,P0036,1.0,9.19
2026-02-09,P0037,3.0,14.28
2026-02-09,P0038,3.0,14.85
2026-02-09,P0042,1.0,14.27
2026-02-09,P0045,1.0,13.11
2026-02-09,P0047,2.0,14.04
2026-02-09,P0048,2.0,8.16
2026-02-09,P0049,1.0,1.85
2026-02-09,P0051,2.0,7.6
2026-02-09,P0052,2.0,1.18
2026-02-09,P0055,2.0,2.54
2026-02-09,P0056,1.0,4.08
2026-02-09,P0057,2.0,6.94
2026-02-09,P0060,1.0,4.1
2026-02-09,P0061,1.0,2.31
2026-02-09,P0063,5.0,12.3
2026-02-09,P0064,3.0,12.72
2026-02-09,P0065,2.0,6.08
2026-02-09,P0067,1.0,1.0
2026-02-09,P0074,2.0,1.98
2026-02-09,P0075,1.0,5.42
2026-02-09,P0078,6.0,6.84
2026-02-09,P0079,1.0,5.17
2026-02-09,P0080,1.0,2.0
2026-02-09,P0081,6.0,32.52
2026-02-09,P0084,2.0,4.48
2026-02-09,P0089,1.0,0.68
2026-02-09,P0091,5.0,17.15
2026-02-09,P0095,2.0,7.2
2026-02-09,P0096,1.0,3.05
2026-02-09,P0097,2.0,2.24
2026-02-09,P0099,1.0,0.24
2026-02-09,P0100,1.0,0.23
2026-02-09,P0102,1.0,1.18
2026-02-09,P0105,6.0,8.76
2026-02-09,P0108,1.0,2.16
2026-02-09,P0110,2.0,7.82
2026-02-09,P0112,4.0,15.6
2026-02-09,P0116,1.0,2.18
2026-02-09,P0118,1.0,4.49
2026-02-09,P0121,2.0,18.88
2026-02-09,P0123,1.0,3.62
2026-02-09,P0124,2.0,4.74
2026-02-09,P0126,1.0,2.19
2026-02-09,P0127,2.0,3.04
2026-02-09,P0128,1.0,1.46
2026-02-10,P0001,2.0,4.86
2026-02-10,P0006,2.0,0.78
2026-02-10,P0011,1.0,2.62
2026-02-10,P0014,1.0,2.05
2026-02-10,P0024,1.0,2.05
2026-02-10,P0025,3.0,9.27
2026-02-10,P0027,1.0,1.29
2026-02-10,P0028,5.0,12.1
2026-02-10,P0029,1.0,3.8
2026-02-10,P0031,2.0,1.86
2026-02-10,P0035,1.0,12.38
2026-02-10,P0037,2.0,9.52
2026-02-10,P0039,1.0,9.08
2026-02-10,P0045,2.0,26.22
2026-02-10,P0047,1.0,7.02
2026-02-10,P0049,3.0,5.55
2026-02-10,P0052,1.0,0.59
2026-02-10,P0053,1.0,1.13
2026-02-10,P0056,3.0,12.24
2026-02-10,P0057,1.0,3.47
2026-02-10,P0058,1.0,3.5
2026-02-10,P0059,1.0,0.59
2026-02-10,P0061,2.0,4.62
2026-02-10,P0063,3.0,7.38
2026-02-10,P0064,2.0,8.48
2026-02-10,P0065,2.0,6.08
2026-02-10,P0066,1.0,4.86
2026-02-10,P0067,1.0,1.0
2026-02-10,P0068,1.0,3.83
2026-02-10,P0078,6.0,6.84
2026-02-10,P0080,1.0,2.0
2026-02-10,P0081,6.0,32.52
2026-02-10,P0084,3.0,6.72
2026-02-10,P0089,1.0,0.68
2026-02-10,P0091,5.0,17.15
2026-02-10,P0094,1.0,0.72
2026-02-10,P0097,3.0,3.36
2026-02-10,P0101,1.0,0.18
2026-02-10,P0103,2.0,4.74
2026-02-10,P0104,1.0,3.05
2026-02-10,P0105,5.0,7.3
2026-02-10,P0113,1.0,3.35
2026-02-10,P0114,2.0,3.7
2026-02-10,P0121,2.0,18.88
2026-02-10,P0122,1.0,3.02
2026-02-10,P0123,1.0,3.62
2026-02-10,P0124,2.0,4.74
2026-02-10,P0127,1.0,1.52
2026-02-10,P0128,3.0,4.38
2026-02-11,P0001,1.0,2.43
2026-02-11,P0003,1.0,2.98
2026-02-11,P0004,2.0,6.16
2026-02-11,P0006,1.0,0.39
2026-02-11,P0014,1.0,2.05
2026-02-11,P0017,2.0,6.36
2026-02-11,P0022,2.0,5.34
2026-02-11,P0025,6.0,18.54
2026-02-11,P0026,1.0,1.39
2026-02-11,P0027,1.0,1.29
2026-02-11,P0028,6.0,14.52
2026-02-11,P0029,1.0,3.8
2026-02-11,P0030,1.0,2.14
2026-02-11,P0031,1.0,0.93
2026-02-11,P0035,2.0,24.76
2026-02-11,P0037,1.0,4.76
2026-02-11,P0038,1.0,4.95
2026-02-11,P0040,2.0,21.1
2026-02-11,P0043,1.0,8.55
2026-02-11,P0044,1.0,11.65
2026-02-11,P0046,2.0,15.36
2026-02-11,P0049,1.0,1.85
2026-02-11,P0050,2.0,1.36
2026-02-11,P0051,1.0,3.8
2026-02-11,P0052,2.0,1.18
2026-02-11,P0053,1.0,1.13
2026-02-11,P0055,1.0,1.27
2026-02-11,P0057,1.0,3.47
2026-02-11,P0058,2.0,7.0
2026-02-11,P0061,2.0,4.62
2026-02-11,P0063,2.0,4.92
2026-02-11,P0064,6.0,25.44
2026-02-11,P0065,1.0,3.04
2026-02-11,P0066,3.0,14.58
2026-02-11,P0067,4.0,4.0
2026-02-11,P0070,1.0,1.65
2026-02-11,P0075,1.0,5.42
2026-02-11,P0076,1.0,1.98
2026-02-11,P0078,6.0,6.84
2026-02-11,P0081,6.0,32.52
2026-02-11,P0082,1.0,4.31
2026-02-11,P0084,1.0,2.24
2026-02-11,P0086,1.0,3.25
2026-02-11,P0091,6.0,20.58
2026-02-11,P0092,1.0,3.81
2026-02-11,P0094,1.0,0.72
2026-02-11,P0097,1.0,1.12
2026-02-11,P0098,1.0,0.45
2026-02-11,P0101,1.0,0.18
2026-02-11,P0102,1.0,1.18
2026-02-11,P0103,2.0,4.74
2026-02-11,P0104,1.0,3.05
2026-02-11,P0105,6.0,8.76
2026-02-11,P0106,2.0,2.26
2026-02-11,P0109,1.0,1.89
2026-02-11,P0110,1.0,3.91
2026-02-11,P0112,1.0,3.9
2026-02-11,P0114,3.0,5.55
2026-02-11,P0119,1.0,3.32
2026-02-11,P0121,2.0,18.88
2026-02-11,P0122,2.0,6.04
2026-02-11,P0123,1.0,3.62
2026-02-11,P0127,3.0,4.56
2026-02-11,P0128,3.0,4.38
2026-02-12,P0002,1.0,0.48
2026-02-12,P0003,1.0,2.98
2026-02-12,P0006,1.0,0.39
2026-02-12,P0013,1.0,2.78
2026-02-12,P0015,1.0,1.5
2026-02-12,P0017,2.0,6.36
2026-02-12,P0018,3.0,1.56
2026-02-12,P0021,1.0,0.52
2026-02-12,P0025,3.0,9.27
2026-02-12,P0027,2.0,2.58
2026-02-12,P0028,6.0,14.52
2026-02-12,P0030,1.0,2.14
2026-02-12,P0031,1.0,0.93
2026-02-12,P0035,2.0,24.76
2026-02-12,P0037,3.0,14.28
2026-02-12,P0039,1.0,9.08
2026-02-12,P0044,1.0,11.65
2026-02-12,P0045,3.0,39.33
2026-02-12,P0051,3.0,11.4
2026-02-12,P0052,1.0,0.59
2026-02-12,P0056,3.0,12.24
2026-02-12,P0057,4.0,13.88
2026-02-12,P0058,2.0,7.0
2026-02-12,P0063,4.0,9.84
2026-02-12,P0064,4.0,16.96
2026-02-12,P0066,4.0,19.44
2026-02-12,P0067,2.0,2.0
2026-02-12,P0068,1.0,3.83
2026-02-12,P0070,1.0,1.65
2026-02-12,P0077,1.0,0.51
2026-02-12,P0078,6.0,6.84
2026-02-12,P0080,1.0,2.0
2026-02-12,P0081,6.0,32.52
2026-02-12,P0084,2.0,4.48
2026-02-12,P0086,1.0,3.25
2026-02-12,P0087,1.0,1.17
2026-02-12,P0089,1.0,0.68
2026-02-12,P0091,6.0,20.58
2026-02-12,P0093,2.0,7.0
2026-02-12,P0094,1.0,0.72
2026-02-12,P0096,2.0,6.1
2026-02-12,P0097,1.0,1.12
2026-02-12,P0100,1.0,0.23
2026-02-12,P0101,3.0,0.54
2026-02-12,P0104,4.0,12.2
2026-02-12,P0105,6.0,8.76
2026-02-12,P0109,1.0,1.89
2026-02-12,P0110,3.0,11.73
2026-02-12,P0112,1.0,3.9
2026-02-12,P0115,1.0,1.96
2026-02-12,P0116,1.0,2.18
2026-02-12,P0117,1.0,5.4
2026-02-12,P0119,2.0,6.64
2026-02-12,P0120,1.0,8.84
2026-02-12,P0121,1.0,9.44
2026-02-12,P0122,2.0,6.04
2026-02-12,P0123,1.0,3.62
2026-02-12,P0124,1.0,2.37
2026-02-12,P0127,1.0,1.52
2026-02-12,P0128,2.0,2.92
2026-02-13,P0001,2.0,4.86
2026-02-13,P0004,1.0,3.08
2026-02-13,P0005,1.0,2.03
2026-02-13,P0006,1.0,0.39
2026-02-13,P0007,1.0,2.07
2026-02-13,P0014,1.0,2.05
2026-02-13,P0015,1.0,1.5
2026-02-13,P0017,1.0,3.18
2026-02-13,P0019,1.0,0.19
2026-02-13,P0023,2.0,5.74
2026-02-13,P0025,6.0,18.54
2026-02-13,P0027,2.0,2.58
2026-02-13,P0028,6.0,14.52
2026-02-13,P0029,2.0,7.6
2026-02-13,P0031,1.0,0.93
2026-02-13,P0033,1.0,2.95
2026-02-13,P0034,1.0,9.5
2026-02-13,P0035,2.0,24.76
2026-02-13,P0038,1.0,4.95
2026-02-13,P0039,2.0,18.16
2026-02-13,P0045,3.0,39.33
2026-02-13,P0047,2.0,14.04
2026-02-13,P0049,2.0,3.7
2026-02-13,P0050,1.0,0.68
2026-02-13,P0051,2.0,7.6
2026-02-13,P0052,1.0,0.59
2026-02-13,P0055,1.0,1.27
2026-02-13,P0056,1.0,4.08
2026-02-13,P0057,1.0,3.47
2026-02-13,P0059,1.0,0.59
2026-02-13,P0061,1.0,2.31
2026-02-13,P0063,4.0,9.84
2026-02-13,P0064,3.0,12.72
2026-02-13,P0065,1.0,3.04
2026-02-13,P0066,2.0,9.72
2026-02-13,P0067,3.0,3.0
2026-02-13,P0069,1.0,4.67
2026-02-13,P0072,1.0,1.99
2026-02-13,P0075,1.0,5.42
2026-02-13,P0076,1.0,1.98
2026-02-13,P0077,2.0,1.02
2026-02-13,P0078,6.0,6.84
2026-02-13,P0079,1.0,5.17
2026-02-13,P0080,1.0,2.0
2026-02-13,P0081,6.0,32.52
2026-02-13,P0084,3.0,6.72
2026-02-13,P0089,1.0,0.68
2026-02-13,P0091,6.0,20.58
2026-02-13,P0094,1.0,0.72
2026-02-13,P0096,2.0,6.1
2026-02-13,P0097,2.0,2.24
2026-02-13,P0101,4.0,0.72
2026-02-13,P0103,1.0,2.37
2026-02-13,P0104,6.0,18.3
2026-02-13,P0105,6.0,8.76
2026-02-13,P0107,1.0,3.48
2026-02-13,P0110,5.0,19.55
2026-02-13,P0111,1.0,3.7
2026-02-13,P0112,1.0,3.9
2026-02-13,P0115,3.0,5.88
2026-02-13,P0117,1.0,5.4
2026-02-13,P0119,2.0,6.64
2026-02-13,P0121,1.0,9.44
2026-02-13,P0122,4.0,12.08
2026-02-13,P0123,2.0,7.24
2026-02-13,P0124,2.0,4.74
2026-02-13,P0127,2.0,3.04
2026-02-13,P0128,1.0,1.46
2026-02-14,P0001,2.0,4.86
2026-02-14,P0004,2.0,6.16
2026-02-14,P0008,1.0,1.84
2026-02-14,P0012,2.0,4.92
2026-02-14,P0013,1.0,2.78
2026-02-14,P0014,2.0,4.1
2026-02-14,P0015,2.0,3.0
2026-02-14,P0018,2.0,1.04
2026-02-14,P0019,1.0,0.19
2026-02-14,P0020,1.0,1.45
2026-02-14,P0023,1.0,2.87
2026-02-14,P0024,1.0,2.05
2026-02-14,P0025,6.0,18.54
2026-02-14,P0026,1.0,1.39
2026-02-14,P0027,4.0,5.16
2026-02-14,P0028,6.0,14.52
2026-02-14,P0029,1.0,3.8
2026-02-14,P0030,1.0,2.14
2026-02-14,P0035,3.0,37.14
2026-02-14,P0037,4.0,19.04
2026-02-14,P0038,2.0,9.9
2026-02-14,P0039,1.0,9.08
2026-02-14,P0040,1.0,10.55
2026-02-14,P0042,1.0,14.27
2026-02-14,P0044,1.0,11.65
2026-02-14,P0045,2.0,26.22
2026-02-14,P0047,2.0,14.04
2026-02-14,P0048,1.0,4.08
2026-02-14,P0050,2.0,1.36
2026-02-14,P0051,4.0,15.2
2026-02-14,P0052,4.0,2.36
2026-02-14,P0055,1.0,1.27
2026-02-14,P0056,4.0,16.32
2026-02-14,P0057,2.0,6.94
2026-02-14,P0058,1.0,3.5
2026-02-14,P0061,3.0,6.93
2026-02-14,P0063,6.0,14.76
2026-02-14,P0064,5.0,21.2
2026-02-14,P0065,2.0,6.08
2026-02-14,P0066,4.0,19.44
2026-02-14,P0067,4.0,4.0
2026-02-14,P0071,1.0,2.94
2026-02-14,P0072,2.0,3.98
2026-02-14,P0074,1.0,0.99
2026-02-14,P0076,1.0,1.98
2026-02-14,P0078,6.0,6.84
2026-02-14,P0080,1.0,2.0
2026-02-14,P0081,6.0,32.52
2026-02-14,P0082,1.0,4.31
2026-02-14,P0083,1.0,1.26
2026-02-14,P0084,3.0,6.72
2026-02-14,P0085,1.0,1.47
2026-02-14,P0089,1.0,0.68
2026-02-14,P0090,1.0,3.69
2026-02-14,P0091,6.0,20.58
2026-02-14,P0094,1.0,0.72
2026-02-14,P0096,1.0,3.05
2026-02-14,P0097,2.0,2.24
2026-02-14,P0100,1.0,0.23
2026-02-14,P0101,3.0,0.54
2026-02-14,P0103,1.0,2.37
2026-02-14,P0104,1.0,3.05
2026-02-14,P0105,6.0,8.76
2026-02-14,P0106,1.0,1.13
2026-02-14,P0110,3.0,11.73
2026-02-14,P0112,2.0,7.8
2026-02-14,P0117,3.0,16.2
2026-02-14,P0118,3.0,13.47
2026-02-14,P0119,1.0,3.32
2026-02-14,P0121,2.0,18.88
2026-02-14,P0122,3.0,9.06
2026-02-14,P0124,1.0,2.37
2026-02-14,P0125,1.0,4.5
2026-02-14,P0127,3.0,4.56
2026-02-14,P0128,3.0,4.38
2026-02-15,P0006,2.0,0.78
2026-02-15,P0007,1.0,2.07
2026-02-15,P0015,2.0,3.0
2026-02-15,P0016,3.0,4.98
2026-02-15,P0018,1.0,0.52
2026-02-15,P0025,4.0,12.36
2026-02-15,P0026,1.0,1.39
2026-02-15,P0027,4.0,5.16
2026-02-15,P0028,4.0,9.68
2026-02-15,P0031,2.0,1.86
2026-02-15,P0032,1.0,1.03
2026-02-15,P0033,3.0,8.85
2026-02-15,P0035,4.0,49.52
2026-02-15,P0040,3.0,31.65
2026-02-15,P0041,1.0,9.61
2026-02-15,P0042,2.0,28.54
2026-02-15,P0045,2.0,26.22
2026-02-15,P0048,3.0,12.24
2026-02-15,P0049,1.0,1.85
2026-02-15,P0050,1.0,0.68
2026-02-15,P0051,2.0,7.6
2026-02-15,P0052,1.0,0.59
2026-02-15,P0053,1.0,1.13
2026-02-15,P0055,2.0,2.54
2026-02-15,P0056,2.0,8.16
2026-02-15,P0057,1.0,3.47
2026-02-15,P0058,2.0,7.0
2026-02-15,P0062,1.0,2.69
2026-02-15,P0063,4.0,9.84
2026-02-15,P0064,4.0,16.96
2026-02-15,P0065,1.0,3.04
2026-02-15,P0066,1.0,4.86
2026-02-15,P0067,3.0,3.0
2026-02-15,P0068,1.0,3.83
2026-02-15,P0069,1.0,4.67
2026-02-15,P0070,1.0,1.65
2026-02-15,P0073,1.0,3.99
2026-02-15,P0076,1.0,1.98
2026-02-15,P0078,6.0,6.84
2026-02-15,P0079,1.0,5.17
2026-02-15,P0081,6.0,32.52
2026-02-15,P0084,2.0,4.48
2026-02-15,P0088,2.0,3.66
2026-02-15,P0091,5.0,17.15
2026-02-15,P0094,2.0,1.44
2026-02-15,P0097,1.0,1.12
2026-02-15,P0101,1.0,0.18
2026-02-15,P0103,1.0,2.37
2026-02-15,P0104,2.0,6.1
2026-02-15,P0105,6.0,8.76
2026-02-15,P0107,1.0,3.48
2026-02-15,P0110,1.0,3.91
2026-02-15,P0112,1.0,3.9
2026-02-15,P0117,2.0,10.8
2026-02-15,P0121,2.0,18.88
2026-02-15,P0122,2.0,6.04
2026-02-15,P0124,2.0,4.74
2026-02-15,P0127,2.0,3.04
2026-02-15,P0128,3.0,4.38
2026-02-16,P0001,1.0,2.43
2026-02-16,P0005,1.0,2.03
2026-02-16,P0008,1.0,1.84
2026-02-16,P0014,3.0,6.15
2026-02-16,P0022,1.0,2.67
2026-02-16,P0025,5.0,15.45
2026-02-16,P0026,2.0,2.78
2026-02-16,P0027,5.0,6.45
2026-02-16,P0028,5.0,12.1
2026-02-16,P0029,2.0,7.6
2026-02-16,P0031,1.0,0.93
2026-02-16,P0035,2.0,24.76
2026-02-16,P0037,1.0,4.76
2026-02-16,P0038,1.0,4.95
2026-02-16,P0045,2.0,26.22
2026-02-16,P0047,1.0,7.02
2026-02-16,P0048,1.0,4.08
2026-02-16,P0049,2.0,3.7
2026-02-16,P0050,2.0,1.36
2026-02-16,P0055,1.0,1.27
2026-02-16,P0056,1.0,4.08
2026-02-16,P0057,1.0,3.47
2026-02-16,P0058,1.0,3.5
2026-02-16,P0061,2.0,4.62
2026-02-16,P0063,3.0,7.38
2026-02-16,P0064,2.0,8.48
2026-02-16,P0066,4.0,19.44
2026-02-16,P0067,1.0,1.0
2026-02-16,P0068,1.0,3.83
2026-02-16,P0070,2.0,3.3
2026-02-16,P0072,1.0,1.99
2026-02-16,P0073,1.0,3.99
2026-02-16,P0074,1.0,0.99
2026-02-16,P0076,1.0,1.98
2026-02-16,P0077,1.0,0.51
2026-02-16,P0078,6.0,6.84
2026-02-16,P0081,6.0,32.52
2026-02-16,P0082,1.0,4.31
2026-02-16,P0084,4.0,8.96
2026-02-16,P0089,2.0,1.36
2026-02-16,P0090,1.0,3.69
2026-02-16,P0091,4.0,13.72
2026-02-16,P0094,1.0,0.72
2026-02-16,P0097,1.0,1.12
2026-02-16,P0098,1.0,0.45
2026-02-16,P0101,1.0,0.18
2026-02-16,P0102,1.0,1.18
2026-02-16,P0104,2.0,6.1
2026-02-16,P0105,6.0,8.76
2026-02-16,P0110,3.0,11.73
2026-02-16,P0112,1.0,3.9
2026-02-16,P0114,1.0,1.85
2026-02-16,P0117,1.0,5.4
2026-02-16,P0121,1.0,9.44
2026-02-16,P0123,1.0,3.62
2026-02-16,P0124,1.0,2.37
2026-02-16,P0126,1.0,2.19
2026-02-16,P0127,1.0,1.52
2026-02-16,P0128,1.0,1.46
2026-02-17,P0002,1.0,0.48
2026-02-17,P0003,1.0,2.98
2026-02-17,P0004,1.0,3.08
2026-02-17,P0006,1.0,0.39
2026-02-17,P0014,2.0,4.1
2026-02-17,P0021,1.0,0.52
2026-02-17,P0023,1.0,2.87
2026-02-17,P0025,4.0,12.36
2026-02-17,P0026,1.0,1.39
2026-02-17,P0027,2.0,2.58
2026-02-17,P0028,5.0,12.1
2026-02-17,P0029,1.0,3.8
2026-02-17,P0031,2.0,1.86
2026-02-17,P0035,2.0,24.76
2026-02-17,P0037,2.0,9.52
2026-02-17,P0039,1.0,9.08
2026-02-17,P0042,2.0,28.54
2026-02-17,P0045,2.0,26.22
2026-02-17,P0047,1.0,7.02
2026-02-17,P0049,2.0,3.7
2026-02-17,P0050,1.0,0.68
2026-02-17,P0051,5.0,19.0
2026-02-17,P0052,2.0,1.18
2026-02-17,P0054,1.0,1.06
2026-02-17,P0055,1.0,1.27
2026-02-17,P0058,1.0,3.5
2026-02-17,P0059,1.0,0.59
2026-02-17,P0061,1.0,2.31
2026-02-17,P0062,1.0,2.69
2026-02-17,P0063,3.0,7.38
2026-02-17,P0064,4.0,16.96
2026-02-17,P0065,1.0,3.04
2026-02-17,P0067,2.0,2.0
2026-02-17,P0068,2.0,7.66
2026-02-17,P0069,1.0,4.67
2026-02-17,P0070,2.0,3.3
2026-02-17,P0072,1.0,1.99
2026-02-17,P0073,1.0,3.99
2026-02-17,P0074,1.0,0.99
2026-02-17,P0078,6.0,6.84
2026-02-17,P0080,1.0,2.0
2026-02-17,P0081,6.0,32.52
2026-02-17,P0084,1.0,2.24
2026-02-17,P0089,1.0,0.68
2026-02-17,P0091,1.0,3.43
2026-02-17,P0094,4.0,2.88
2026-02-17,P0095,2.0,7.2
2026-02-17,P0097,1.0,1.12
2026-02-17,P0101,1.0,0.18
2026-02-17,P0102,1.0,1.18
2026-02-17,P0104,1.0,3.05
2026-02-17,P0105,5.0,7.3
2026-02-17,P0110,1.0,3.91
2026-02-17,P0112,3.0,11.7
2026-02-17,P0116,1.0,2.18
2026-02-17,P0117,2.0,10.8
2026-02-17,P0118,1.0,4.49
2026-02-17,P0121,1.0,9.44
2026-02-17,P0122,3.0,9.06
2026-02-17,P0123,2.0,7.24
2026-02-17,P0124,2.0,4.74
2026-02-17,P0125,2.0,9.0
2026-02-17,P0127,2.0,3.04
2026-02-17,P0128,1.0,1.46
2026-02-18,P0001,3.0,7.29
2026-02-18,P0010,1.0,2.57
2026-02-18,P0014,2.0,4.1
2026-02-18,P0015,1.0,1.5
2026-02-18,P0016,1.0,1.66
2026-02-18,P0017,1.0,3.18
2026-02-18,P0020,1.0,1.45
2026-02-18,P0023,1.0,2.87
2026-02-18,P0025,4.0,12.36
2026-02-18,P0027,2.0,2.58
2026-02-18,P0028,4.0,9.68
2026-02-18,P0031,2.0,1.86
2026-02-18,P0033,1.0,2.95
2026-02-18,P0035,2.0,24.76
2026-02-18,P0037,1.0,4.76
2026-02-18,P0038,2.0,9.9
2026-02-18,P0042,2.0,28.54
2026-02-18,P0045,3.0,39.33
2026-02-18,P0051,2.0,7.6
2026-02-18,P0052,1.0,0.59
2026-02-18,P0055,2.0,2.54
2026-02-18,P0056,3.0,12.24
2026-02-18,P0057,2.0,6.94
2026-02-18,P0058,1.0,3.5
2026-02-18,P0060,1.0,4.1
2026-02-18,P0061,1.0,2.31
2026-02-18,P0064,4.0,16.96
2026-02-18,P0065,1.0,3.04
2026-02-18,P0066,4.0,19.44
2026-02-18,P0067,3.0,3.0
2026-02-18,P0069,1.0,4.67
2026-02-18,P0070,1.0,1.65
2026-02-18,P0078,6.0,6.84
2026-02-18,P0079,1.0,5.17
2026-02-18,P0081,6.0,32.52
2026-02-18,P0084,2.0,4.48
2026-02-18,P0086,1.0,3.25
2026-02-18,P0088,1.0,1.83
2026-02-18,P0089,1.0,0.68
2026-02-18,P0091,5.0,17.15
2026-02-18,P0093,1.0,3.5
2026-02-18,P0094,4.0,2.88
2026-02-18,P0097,1.0,1.12
2026-02-18,P0101,1.0,0.18
2026-02-18,P0103,1.0,2.37
2026-02-18,P0104,3.0,9.15
2026-02-18,P0105,6.0,8.76
2026-02-18,P0109,1.0,1.89
2026-02-18,P0110,2.0,7.82
2026-02-18,P0111,1.0,3.7
2026-02-18,P0112,1.0,3.9
2026-02-18,P0114,1.0,1.85
2026-02-18,P0115,1.0,1.96
2026-02-18,P0117,1.0,5.4
2026-02-18,P0121,3.0,28.32
2026-02-18,P0122,3.0,9.06
2026-02-18,P0124,1.0,2.37
2026-02-18,P0125,1.0,4.5
2026-02-18,P0127,1.0,1.52
2026-02-18,P0128,3.0,4.38
2026-02-19,P0001,1.0,2.43
2026-02-19,P0002,2.0,0.96
2026-02-19,P0003,2.0,5.96
2026-02-19,P0005,1.0,2.03
2026-02-19,P0007,1.0,2.07
2026-02-19,P0015,3.0,4.5
2026-02-19,P0016,1.0,1.66
2026-02-19,P0021,1.0,0.52
2026-02-19,P0022,1.0,2.67
2026-02-19,P0025,3.0,9.27
2026-02-19,P0026,2.0,2.78
2026-02-19,P0027,2.0,2.58
2026-02-19,P0028,5.0,12.1
2026-02-19,P0029,1.0,3.8
2026-02-19,P0030,1.0,2.14
2026-02-19,P0032,2.0,2.06
2026-02-19,P0035,5.0,61.9
2026-02-19,P0037,1.0,4.76
2026-02-19,P0038,1.0,4.95
2026-02-19,P0039,1.0,9.08
2026-02-19,P0045,2.0,26.22
2026-02-19,P0047,1.0,7.02
2026-02-19,P0048,1.0,4.08
2026-02-19,P0050,1.0,0.68
2026-02-19,P0051,2.0,7.6
2026-02-19,P0052,3.0,1.77
2026-02-19,P0056,3.0,12.24
2026-02-19,P0057,1.0,3.47
2026-02-19,P0058,1.0,3.5
2026-02-19,P0059,1.0,0.59
2026-02-19,P0061,2.0,4.62
2026-02-19,P0063,4.0,9.84
2026-02-19,P0064,4.0,16.96
2026-02-19,P0066,1.0,4.86
2026-02-19,P0067,3.0,3.0
2026-02-19,P0069,1.0,4.67
2026-02-19,P0072,1.0,1.99
2026-02-19,P0078,6.0,6.84
2026-02-19,P0079,2.0,10.34
2026-02-19,P0080,2.0,4.0
2026-02-19,P0081,6.0,32.52
2026-02-19,P0084,2.0,4.48
2026-02-19,P0088,1.0,1.83
2026-02-19,P0091,5.0,17.15
2026-02-19,P0093,1.0,3.5
2026-02-19,P0094,1.0,0.72
2026-02-19,P0095,1.0,3.6
2026-02-19,P0101,2.0,0.36
2026-02-19,P0104,1.0,3.05
2026-02-19,P0105,6.0,8.76
2026-02-19,P0110,2.0,7.82
2026-02-19,P0112,1.0,3.9
2026-02-19,P0117,2.0,10.8
2026-02-19,P0121,1.0,9.44
2026-02-19,P0123,2.0,7.24
2026-02-19,P0124,2.0,4.74
2026-02-19,P0125,1.0,4.5
2026-02-19,P0127,3.0,4.56
2026-02-19,P0128,1.0,1.46
2026-02-20,P0001,2.0,4.86
2026-02-20,P0003,1.0,2.98
2026-02-20,P0008,1.0,1.84
2026-02-20,P0010,1.0,2.57
2026-02-20,P0011,2.0,5.24
2026-02-20,P0014,2.0,4.1
2026-02-20,P0015,1.0,1.5
2026-02-20,P0018,1.0,0.52
2026-02-20,P0023,1.0,2.87
2026-02-20,P0025,4.0,12.36
2026-02-20,P0026,3.0,4.17
2026-02-20,P0027,2.0,2.58
2026-02-20,P0028,6.0,14.52
2026-02-20,P0029,1.0,3.8
2026-02-20,P0031,1.0,0.93
2026-02-20,P0032,1.0,1.03
2026-02-20,P0035,1.0,12.38
2026-02-20,P0038,1.0,4.95
2026-02-20,P0040,1.0,10.55
2026-02-20,P0041,2.0,19.22
2026-02-20,P0043,1.0,8.55
2026-02-20,P0047,1.0,7.02
2026-02-20,P0048,1.0,4.08
2026-02-20,P0049,3.0,5.55
2026-02-20,P0050,2.0,1.36
2026-02-20,P0051,1.0,3.8
2026-02-20,P0052,2.0,1.18
2026-02-20,P0056,1.0,4.08
2026-02-20,P0057,2.0,6.94
2026-02-20,P0058,2.0,7.0
2026-02-20,P0063,5.0,12.3
2026-02-20,P0064,4.0,16.96
2026-02-20,P0066,3.0,14.58
2026-02-20,P0067,2.0,2.0
2026-02-20,P0068,1.0,3.83
2026-02-20,P0070,2.0,3.3
2026-02-20,P0073,1.0,3.99
2026-02-20,P0075,1.0,5.42
2026-02-20,P0078,6.0,6.84
2026-02-20,P0079,1.0,5.17
2026-02-20,P0081,6.0,32.52
2026-02-20,P0084,1.0,2.24
2026-02-20,P0085,1.0,1.47
2026-02-20,P0086,1.0,3.25
2026-02-20,P0087,1.0,1.17
2026-02-20,P0089,3.0,2.04
2026-02-20,P0091,6.0,20.58
2026-02-20,P0093,1.0,3.5
2026-02-20,P0095,1.0,3.6
2026-02-20,P0096,1.0,3.05
2026-02-20,P0097,4.0,4.48
2026-02-20,P0098,2.0,0.9
2026-02-20,P0100,1.0,0.23
2026-02-20,P0101,1.0,0.18
2026-02-20,P0103,1.0,2.37
2026-02-20,P0104,4.0,12.2
2026-02-20,P0105,6.0,8.76
2026-02-20,P0106,1.0,1.13
2026-02-20,P0110,2.0,7.82
2026-02-20,P0112,1.0,3.9
2026-02-20,P0115,1.0,1.96
2026-02-20,P0119,1.0,3.32
2026-02-20,P0121,2.0,18.88
2026-02-20,P0122,2.0,6.04
2026-02-20,P0124,1.0,2.37
2026-02-20,P0125,1.0,4.5
2026-02-20,P0126,1.0,2.19
2026-02-20,P0127,2.0,3.04
2026-02-20,P0128,3.0,4.38
2026-02-21,P0001,1.0,2.43
2026-02-21,P0002,2.0,0.96
2026-02-21,P0003,1.0,2.98
2026-02-21,P0004,1.0,3.08
2026-02-21,P0006,2.0,0.78
2026-02-21,P0007,1.0,2.07
2026-02-21,P0009,1.0,2.76
2026-02-21,P0011,1.0,2.62
2026-02-21,P0014,2.0,4.1
2026-02-21,P0015,1.0,1.5
2026-02-21,P0016,1.0,1.66
2026-02-21,P0019,1.0,0.19
2026-02-21,P0020,1.0,1.45
2026-02-21,P0023,1.0,2.87
2026-02-21,P0025,6.0,18.54
2026-02-21,P0026,4.0,5.56
2026-02-21,P0027,2.0,2.58
2026-02-21,P0028,6.0,14.52
2026-02-21,P0029,1.0,3.8
2026-02-21,P0030,1.0,2.14
2026-02-21,P0031,1.0,0.93
2026-02-21,P0033,1.0,2.95
2026-02-21,P0034,1.0,9.5
2026-02-21,P0037,2.0,9.52
2026-02-21,P0038,2.0,9.9
2026-02-21,P0042,2.0,28.54
2026-02-21,P0045,1.0,13.11
2026-02-21,P0046,1.0,7.68
2026-02-21,P0047,1.0,7.02
2026-02-21,P0048,2.0,8.16
2026-02-21,P0050,1.0,0.68
2026-02-21,P0051,5.0,19.0
2026-02-21,P0052,2.0,1.18
2026-02-21,P0055,1.0,1.27
2026-02-21,P0056,2.0,8.16
2026-02-21,P0059,1.0,0.59
2026-02-21,P0061,1.0,2.31
2026-02-21,P0062,1.0,2.69
2026-02-21,P0063,2.0,4.92
2026-02-21,P0064,4.0,16.96
2026-02-21,P0065,2.0,6.08
2026-02-21,P0066,2.0,9.72
2026-02-21,P0067,3.0,3.0
2026-02-21,P0072,2.0,3.98
2026-02-21,P0073,1.0,3.99
2026-02-21,P0074,1.0,0.99
2026-02-21,P0075,2.0,10.84
2026-02-21,P0077,1.0,0.51
2026-02-21,P0078,6.0,6.84
2026-02-21,P0081,6.0,32.52
2026-02-21,P0082,2.0,8.62
2026-02-21,P0084,2.0,4.48
2026-02-21,P0091,6.0,20.58
2026-02-21,P0093,2.0,7.0
2026-02-21,P0094,1.0,0.72
2026-02-21,P0095,2.0,7.2
2026-02-21,P0097,4.0,4.48
2026-02-21,P0099,1.0,0.24
2026-02-21,P0100,1.0,0.23
2026-02-21,P0101,3.0,0.54
2026-02-21,P0104,4.0,12.2
2026-02-21,P0105,6.0,8.76
2026-02-21,P0106,1.0,1.13
2026-02-21,P0109,2.0,3.78
2026-02-21,P0110,2.0,7.82
2026-02-21,P0112,2.0,7.8
2026-02-21,P0113,1.0,3.35
2026-02-21,P0116,1.0,2.18
2026-02-21,P0117,1.0,5.4
2026-02-21,P0119,1.0,3.32
2026-02-21,P0121,3.0,28.32
2026-02-21,P0122,1.0,3.02
2026-02-21,P0124,4.0,9.48
2026-02-21,P0127,1.0,1.52
2026-02-21,P0128,5.0,7.3
2026-02-22,P0003,1.0,2.98
2026-02-22,P0006,1.0,0.39
2026-02-22,P0007,1.0,2.07
2026-02-22,P0008,1.0,1.84
2026-02-22,P0009,1.0,2.76
2026-02-22,P0011,1.0,2.62
2026-02-22,P0012,1.0,2.46
2026-02-22,P0014,2.0,4.1
2026-02-22,P0015,1.0,1.5
2026-02-22,P0018,1.0,0.52
2026-02-22,P0020,1.0,1.45
2026-02-22,P0025,4.0,12.36
2026-02-22,P0026,2.0,2.78
2026-02-22,P0027,4.0,5.16
2026-02-22,P0028,4.0,9.68
2026-02-22,P0035,2.0,24.76
2026-02-22,P0039,1.0,9.08
2026-02-22,P0040,1.0,10.55
2026-02-22,P0045,1.0,13.11
2026-02-22,P0047,2.0,14.04
2026-02-22,P0049,2.0,3.7
2026-02-22,P0051,1.0,3.8
2026-02-22,P0052,1.0,0.59
2026-02-22,P0055,1.0,1.27
2026-02-22,P0056,2.0,8.16
2026-02-22,P0057,1.0,3.47
2026-02-22,P0061,1.0,2.31
2026-02-22,P0062,1.0,2.69
2026-02-22,P0063,3.0,7.38
2026-02-22,P0064,4.0,16.96
2026-02-22,P0065,1.0,3.04
2026-02-22,P0066,3.0,14.58
2026-02-22,P0068,1.0,3.83
2026-02-22,P0070,1.0,1.65
2026-02-22,P0072,1.0,1.99
2026-02-22,P0073,2.0,7.98
2026-02-22,P0074,1.0,0.99
2026-02-22,P0078,6.0,6.84
2026-02-22,P0081,6.0,32.52
2026-02-22,P0082,2.0,8.62
2026-02-22,P0083,1.0,1.26
2026-02-22,P0084,2.0,4.48
2026-02-22,P0086,2.0,6.5
2026-02-22,P0087,1.0,1.17
2026-02-22,P0089,2.0,1.36
2026-02-22,P0091,6.0,20.58
2026-02-22,P0094,2.0,1.44
2026-02-22,P0095,1.0,3.6
2026-02-22,P0096,1.0,3.05
2026-02-22,P0097,3.0,3.36
2026-02-22,P0098,1.0,0.45
2026-02-22,P0101,1.0,0.18
2026-02-22,P0104,1.0,3.05
2026-02-22,P0105,6.0,8.76
2026-02-22,P0109,1.0,1.89
2026-02-22,P0110,3.0,11.73
2026-02-22,P0112,1.0,3.9
2026-02-22,P0116,1.0,2.18
2026-02-22,P0117,2.0,10.8
2026-02-22,P0118,1.0,4.49
2026-02-22,P0120,1.0,8.84
2026-02-22,P0121,1.0,9.44
2026-02-22,P0122,2.0,6.04
2026-02-22,P0123,1.0,3.62
2026-02-22,P0126,1.0,2.19
2026-02-22,P0127,1.0,1.52
2026-02-22,P0128,3.0,4.38
2026-02-23,P0001,5.0,12.15
2026-02-23,P0002,1.0,0.48
2026-02-23,P0005,1.0,2.03
2026-02-23,P0014,4.0,8.2
2026-02-23,P0017,1.0,3.18
2026-02-23,P0019,1.0,0.19
2026-02-23,P0021,1.0,0.52
2026-02-23,P0025,4.0,12.36
2026-02-23,P0026,1.0,1.39
2026-02-23,P0028,4.0,9.68
2026-02-23,P0029,2.0,7.6
2026-02-23,P0030,1.0,2.14
2026-02-23,P0031,1.0,0.93
2026-02-23,P0035,1.0,12.38
2026-02-23,P0037,1.0,4.76
2026-02-23,P0038,1.0,4.95
2026-02-23,P0039,1.0,9.08
2026-02-23,P0040,1.0,10.55
2026-02-23,P0041,1.0,9.61
2026-02-23,P0045,2.0,26.22
2026-02-23,P0047,2.0,14.04
2026-02-23,P0048,3.0,12.24
2026-02-23,P0049,1.0,1.85
2026-02-23,P0051,1.0,3.8
2026-02-23,P0052,1.0,0.59
2026-02-23,P0055,2.0,2.54
2026-02-23,P0056,1.0,4.08
2026-02-23,P0057,4.0,13.88
2026-02-23,P0058,2.0,7.0
2026-02-23,P0063,3.0,7.38
2026-02-23,P0064,5.0,21.2
2026-02-23,P0066,2.0,9.72
2026-02-23,P0067,4.0,4.0
2026-02-23,P0073,2.0,7.98
2026-02-23,P0074,1.0,0.99
2026-02-23,P0075,1.0,5.42
2026-02-23,P0078,6.0,6.84
2026-02-23,P0081,6.0,32.52
2026-02-23,P0084,2.0,4.48
2026-02-23,P0091,6.0,20.58
2026-02-23,P0093,2.0,7.0
2026-02-23,P0094,3.0,2.16
2026-02-23,P0097,3.0,3.36
2026-02-23,P0103,1.0,2.37
2026-02-23,P0104,1.0,3.05
2026-02-23,P0105,6.0,8.76
2026-02-23,P0108,1.0,2.16
2026-02-23,P0110,2.0,7.82
2026-02-23,P0112,1.0,3.9
2026-02-23,P0113,1.0,3.35
2026-02-23,P0116,1.0,2.18
2026-02-23,P0117,3.0,16.2
2026-02-23,P0118,2.0,8.98
2026-02-23,P0119,1.0,3.32
2026-02-23,P0122,1.0,3.02
2026-02-23,P0123,2.0,7.24
2026-02-23,P0125,2.0,9.0
2026-02-23,P0126,2.0,4.38
2026-02-23,P0127,1.0,1.52
2026-02-24,P0001,1.0,2.43
2026-02-24,P0003,1.0,2.98
2026-02-24,P0015,1.0,1.5
2026-02-24,P0018,1.0,0.52
2026-02-24,P0022,2.0,5.34
2026-02-24,P0025,5.0,15.45
2026-02-24,P0026,1.0,1.39
2026-02-24,P0027,3.0,3.87
2026-02-24,P0028,2.0,4.84
2026-02-24,P0030,1.0,2.14
2026-02-24,P0031,2.0,1.86
2026-02-24,P0033,1.0,2.95
2026-02-24,P0035,1.0,12.38
2026-02-24,P0037,1.0,4.76
2026-02-24,P0045,2.0,26.22
2026-02-24,P0047,1.0,7.02
2026-02-24,P0048,1.0,4.08
2026-02-24,P0049,2.0,3.7
2026-02-24,P0050,1.0,0.68
2026-02-24,P0051,1.0,3.8
2026-02-24,P0053,1.0,1.13
2026-02-24,P0056,2.0,8.16
2026-02-24,P0057,4.0,13.88
2026-02-24,P0064,4.0,16.96
2026-02-24,P0065,1.0,3.04
2026-02-24,P0066,1.0,4.86
2026-02-24,P0067,2.0,2.0
2026-02-24,P0070,2.0,3.3
2026-02-24,P0072,2.0,3.98
2026-02-24,P0075,2.0,10.84
2026-02-24,P0077,1.0,0.51
2026-02-24,P0078,6.0,6.84
2026-02-24,P0081,6.0,32.52
2026-02-24,P0082,1.0,4.31
2026-02-24,P0088,1.0,1.83
2026-02-24,P0090,1.0,3.69
2026-02-24,P0091,3.0,10.29
2026-02-24,P0094,2.0,1.44
2026-02-24,P0097,1.0,1.12
2026-02-24,P0100,1.0,0.23
2026-02-24,P0101,4.0,0.72
2026-02-24,P0102,1.0,1.18
2026-02-24,P0103,2.0,4.74
2026-02-24,P0104,2.0,6.1
2026-02-24,P0105,5.0,7.3
2026-02-24,P0109,1.0,1.89
2026-02-24,P0110,1.0,3.91
2026-02-24,P0112,1.0,3.9
2026-02-24,P0113,2.0,6.7
2026-02-24,P0115,1.0,1.96
2026-02-24,P0119,1.0,3.32
2026-02-24,P0121,1.0,9.44
2026-02-24,P0122,1.0,3.02
2026-02-24,P0123,1.0,3.62
2026-02-24,P0124,3.0,7.11
2026-02-24,P0127,1.0,1.52
2026-02-24,P0128,2.0,2.92
2026-02-25,P0001,3.0,7.29
2026-02-25,P0005,1.0,2.03
2026-02-25,P0007,1.0,2.07
2026-02-25,P0010,1.0,2.57
2026-02-25,P0012,2.0,4.92
2026-02-25,P0014,1.0,2.05
2026-02-25,P0015,2.0,3.0
2026-02-25,P0016,1.0,1.66
2026-02-25,P0025,4.0,12.36
2026-02-25,P0027,3.0,3.87
2026-02-25,P0028,5.0,12.1
2026-02-25,P0030,1.0,2.14
2026-02-25,P0033,1.0,2.95
2026-02-25,P0038,1.0,4.95
2026-02-25,P0042,1.0,14.27
2026-02-25,P0045,2.0,26.22
2026-02-25,P0047,1.0,7.02
2026-02-25,P0051,1.0,3.8
2026-02-25,P0052,1.0,0.59
2026-02-25,P0055,1.0,1.27
2026-02-25,P0056,3.0,12.24
2026-02-25,P0057,1.0,3.47
2026-02-25,P0058,1.0,3.5
2026-02-25,P0063,3.0,7.38
2026-02-25,P0064,2.0,8.48
2026-02-25,P0065,1.0,3.04
2026-02-25,P0066,2.0,9.72
2026-02-25,P0067,2.0,2.0
2026-02-25,P0070,1.0,1.65
2026-02-25,P0076,1.0,1.98
2026-02-25,P0078,6.0,6.84
2026-02-25,P0080,1.0,2.0
2026-02-25,P0081,6.0,32.52
2026-02-25,P0084,2.0,4.48
2026-02-25,P0086,1.0,3.25
2026-02-25,P0089,1.0,0.68
2026-02-25,P0091,6.0,20.58
2026-02-25,P0094,1.0,0.72
2026-02-25,P0096,2.0,6.1
2026-02-25,P0097,2.0,2.24
2026-02-25,P0103,2.0,4.74
2026-02-25,P0104,3.0,9.15
2026-02-25,P0105,5.0,7.3
2026-02-25,P0112,2.0,7.8
2026-02-25,P0114,1.0,1.85
2026-02-25,P0117,1.0,5.4
2026-02-25,P0121,2.0,18.88
2026-02-25,P0122,2.0,6.04
2026-02-25,P0124,2.0,4.74
2026-02-25,P0126,1.0,2.19
2026-02-25,P0127,2.0,3.04
2026-02-25,P0128,2.0,2.92
2026-02-26,P0001,3.0,7.29
2026-02-26,P0003,1.0,2.98
2026-02-26,P0005,2.0,4.06
2026-02-26,P0006,1.0,0.39
2026-02-26,P0014,2.0,4.1
2026-02-26,P0015,2.0,3.0
2026-02-26,P0016,2.0,3.32
2026-02-26,P0018,1.0,0.52
2026-02-26,P0020,1.0,1.45
2026-02-26,P0023,1.0,2.87
2026-02-26,P0025,5.0,15.45
2026-02-26,P0026,1.0,1.39
2026-02-26,P0027,2.0,2.58
2026-02-26,P0028,2.0,4.84
2026-02-26,P0030,1.0,2.14
2026-02-26,P0031,2.0,1.86
2026-02-26,P0034,1.0,9.5
2026-02-26,P0035,3.0,37.14
2026-02-26,P0037,2.0,9.52
2026-02-26,P0038,1.0,4.95
2026-02-26,P0042,1.0,14.27
2026-02-26,P0045,1.0,13.11
2026-02-26,P0047,3.0,21.06
2026-02-26,P0049,1.0,1.85
2026-02-26,P0050,1.0,0.68
2026-02-26,P0051,3.0,11.4
2026-02-26,P0052,1.0,0.59
2026-02-26,P0055,2.0,2.54
2026-02-26,P0056,4.0,16.32
2026-02-26,P0057,2.0,6.94
2026-02-26,P0058,1.0,3.5
2026-02-26,P0061,1.0,2.31
2026-02-26,P0063,3.0,7.38
2026-02-26,P0064,3.0,12.72
2026-02-26,P0066,3.0,14.58
2026-02-26,P0067,1.0,1.0
2026-02-26,P0068,1.0,3.83
2026-02-26,P0070,1.0,1.65
2026-02-26,P0075,1.0,5.42
2026-02-26,P0078,6.0,6.84
2026-02-26,P0079,1.0,5.17
2026-02-26,P0081,6.0,32.52
2026-02-26,P0083,2.0,2.52
2026-02-26,P0084,1.0,2.24
2026-02-26,P0088,1.0,1.83
2026-02-26,P0091,5.0,17.15
2026-02-26,P0096,1.0,3.05
2026-02-26,P0097,3.0,3.36
2026-02-26,P0099,1.0,0.24
2026-02-26,P0101,1.0,0.18
2026-02-26,P0103,1.0,2.37
2026-02-26,P0104,1.0,3.05
2026-02-26,P0105,6.0,8.76
2026-02-26,P0106,1.0,1.13
2026-02-26,P0110,3.0,11.73
2026-02-26,P0111,1.0,3.7
2026-02-26,P0112,1.0,3.9
2026-02-26,P0117,2.0,10.8
2026-02-26,P0118,1.0,4.49
2026-02-26,P0121,1.0,9.44
2026-02-26,P0122,3.0,9.06
2026-02-27,P0001,2.0,4.86
2026-02-27,P0002,1.0,0.48
2026-02-27,P0003,1.0,2.98
2026-02-27,P0004,1.0,3.08
2026-02-27,P0014,1.0,2.05
2026-02-27,P0015,2.0,3.0
2026-02-27,P0018,1.0,0.52
2026-02-27,P0020,1.0,1.45
2026-02-27,P0021,1.0,0.52
2026-02-27,P0022,1.0,2.67
2026-02-27,P0023,1.0,2.87
2026-02-27,P0025,6.0,18.54
2026-02-27,P0026,3.0,4.17
2026-02-27,P0027,3.0,3.87
2026-02-27,P0028,6.0,14.52
2026-02-27,P0029,3.0,11.4
2026-02-27,P0030,1.0,2.14
2026-02-27,P0031,2.0,1.86
2026-02-27,P0035,3.0,37.14
2026-02-27,P0039,1.0,9.08
2026-02-27,P0041,1.0,9.61
2026-02-27,P0045,1.0,13.11
2026-02-27,P0048,2.0,8.16
2026-02-27,P0049,1.0,1.85
2026-02-27,P0050,1.0,0.68
2026-02-27,P0051,2.0,7.6
2026-02-27,P0052,1.0,0.59
2026-02-27,P0055,1.0,1.27
2026-02-27,P0056,1.0,4.08
2026-02-27,P0057,4.0,13.88
2026-02-27,P0058,1.0,3.5
2026-02-27,P0063,1.0,2.46
2026-02-27,P0064,5.0,21.2
2026-02-27,P0065,1.0,3.04
2026-02-27,P0066,2.0,9.72
2026-02-27,P0067,2.0,2.0
2026-02-27,P0074,2.0,1.98
2026-02-27,P0076,1.0,1.98
2026-02-27,P0077,1.0,0.51
2026-02-27,P0078,6.0,6.84
2026-02-27,P0081,6.0,32.52
2026-02-27,P0084,2.0,4.48
2026-02-27,P0086,1.0,3.25
2026-02-27,P0091,6.0,20.58
2026-02-27,P0094,1.0,0.72
2026-02-27,P0095,1.0,3.6
2026-02-27,P0097,2.0,2.24
2026-02-27,P0101,1.0,0.18
2026-02-27,P0102,1.0,1.18
2026-02-27,P0103,1.0,2.37
2026-02-27,P0104,3.0,9.15
2026-02-27,P0105,6.0,8.76
2026-02-27,P0106,1.0,1.13
2026-02-27,P0109,1.0,1.89
2026-02-27,P0110,2.0,7.82
2026-02-27,P0115,1.0,1.96
2026-02-27,P0117,1.0,5.4
2026-02-27,P0118,1.0,4.49
2026-02-27,P0119,3.0,9.96
2026-02-27,P0121,5.0,47.2
2026-02-27,P0122,1.0,3.02
2026-02-27,P0123,2.0,7.24
2026-02-27,P0124,3.0,7.11
2026-02-27,P0126,1.0,2.19
2026-02-27,P0127,3.0,4.56
2026-02-27,P0128,2.0,2.92
2026-02-28,P0003,2.0,5.96
2026-02-28,P0004,2.0,6.16
2026-02-28,P0005,1.0,2.03
2026-02-28,P0014,3.0,6.15
2026-02-28,P0015,2.0,3.0
2026-02-28,P0017,1.0,3.18
2026-02-28,P0018,2.0,1.04
2026-02-28,P0019,1.0,0.19
2026-02-28,P0020,2.0,2.9
2026-02-28,P0021,1.0,0.52
2026-02-28,P0022,2.0,5.34
2026-02-28,P0023,2.0,5.74
2026-02-28,P0025,6.0,18.54
2026-02-28,P0026,2.0,2.78
2026-02-28,P0027,2.0,2.58
2026-02-28,P0028,6.0,14.52
2026-02-28,P0029,4.0,15.2
2026-02-28,P0030,2.0,4.28
2026-02-28,P0032,1.0,1.03
2026-02-28,P0033,1.0,2.95
2026-02-28,P0035,4.0,49.52
2026-02-28,P0037,1.0,4.76
2026-02-28,P0044,1.0,11.65
2026-02-28,P0045,1.0,13.11
2026-02-28,P0047,1.0,7.02
2026-02-28,P0048,1.0,4.08
2026-02-28,P0049,1.0,1.85
2026-02-28,P0050,1.0,0.68
2026-02-28,P0051,2.0,7.6
2026-02-28,P0052,2.0,1.18
2026-02-28,P0053,2.0,2.26
2026-02-28,P0055,2.0,2.54
2026-02-28,P0056,3.0,12.24
2026-02-28,P0057,1.0,3.47
2026-02-28,P0058,1.0,3.5
2026-02-28,P0059,1.0,0.59
2026-02-28,P0062,1.0,2.69
2026-02-28,P0063,4.0,9.84
2026-02-28,P0064,5.0,21.2
2026-02-28,P0066,1.0,4.86
2026-02-28,P0067,3.0,3.0
2026-02-28,P0072,4.0,7.96
2026-02-28,P0075,1.0,5.42
2026-02-28,P0076,1.0,1.98
2026-02-28,P0078,6.0,6.84
2026-02-28,P0080,4.0,8.0
2026-02-28,P0081,6.0,32.52
2026-02-28,P0083,1.0,1.26
2026-02-28,P0084,4.0,8.96
2026-02-28,P0085,1.0,1.47
2026-02-28,P0086,1.0,3.25
2026-02-28,P0088,1.0,1.83
2026-02-28,P0090,1.0,3.69
2026-02-28,P0091,6.0,20.58
2026-02-28,P0095,1.0,3.6
2026-02-28,P0097,3.0,3.36
2026-02-28,P0101,3.0,0.54
2026-02-28,P0104,1.0,3.05
2026-02-28,P0105,6.0,8.76
2026-02-28,P0110,2.0,7.82
2026-02-28,P0112,2.0,7.8
2026-02-28,P0113,1.0,3.35
2026-02-28,P0114,1.0,1.85
2026-02-28,P0115,1.0,1.96
2026-02-28,P0121,5.0,47.2
2026-02-28,P0122,2.0,6.04
2026-02-28,P0124,1.0,2.37
2026-02-28,P0126,1.0,2.19
2026-02-28,P0127,2.0,3.04
2026-02-28,P0128,1.0,1.46
2026-03-01,P0001,2.0,4.86
2026-03-01,P0002,1.0,0.48
2026-03-01,P0003,1.0,2.98
2026-03-01,P0005,1.0,2.03
2026-03-01,P0006,1.0,0.39
2026-03-01,P0011,1.0,2.62
2026-03-01,P0013,1.0,2.78
2026-03-01,P0014,2.0,4.1
2026-03-01,P0015,1.0,1.5
2026-03-01,P0017,2.0,6.36
2026-03-01,P0018,2.0,1.04
2026-03-01,P0021,1.0,0.52
2026-03-01,P0022,1.0,2.67
2026-03-01,P0025,6.0,18.54
2026-03-01,P0026,2.0,2.78
2026-03-01,P0027,2.0,2.58
2026-03-01,P0028,2.0,4.84
2026-03-01,P0029,1.0,3.8
2026-03-01,P0030,1.0,2.14
2026-03-01,P0031,2.0,1.86
2026-03-01,P0033,1.0,2.95
2026-03-01,P0035,3.0,37.14
2026-03-01,P0037,2.0,9.52
2026-03-01,P0038,1.0,4.95
2026-03-01,P0039,2.0,18.16
2026-03-01,P0041,1.0,9.61
2026-03-01,P0045,1.0,13.11
2026-03-01,P0046,1.0,7.68
2026-03-01,P0047,2.0,14.04
2026-03-01,P0048,1.0,4.08
2026-03-01,P0049,1.0,1.85
2026-03-01,P0050,4.0,2.72
2026-03-01,P0051,2.0,7.6
2026-03-01,P0052,1.0,0.59
2026-03-01,P0053,1.0,1.13
2026-03-01,P0055,2.0,2.54
2026-03-01,P0056,2.0,8.16
2026-03-01,P0057,3.0,10.41
2026-03-01,P0058,1.0,3.5
2026-03-01,P0059,3.0,1.77
2026-03-01,P0061,1.0,2.31
2026-03-01,P0063,2.0,4.92
2026-03-01,P0064,4.0,16.96
2026-03-01,P0065,1.0,3.04
2026-03-01,P0066,3.0,14.58
2026-03-01,P0067,1.0,1.0
2026-03-01,P0070,1.0,1.65
2026-03-01,P0072,1.0,1.99
2026-03-01,P0073,1.0,3.99
2026-03-01,P0076,1.0,1.98
2026-03-01,P0077,1.0,0.51
2026-03-01,P0078,6.0,6.84
2026-03-01,P0079,1.0,5.17
2026-03-01,P0080,1.0,2.0
2026-03-01,P0081,6.0,32.52
2026-03-01,P0084,2.0,4.48
2026-03-01,P0090,1.0,3.69
2026-03-01,P0091,6.0,20.58
2026-03-01,P0094,1.0,0.72
2026-03-01,P0096,1.0,3.05
2026-03-01,P0097,2.0,2.24
2026-03-01,P0100,1.0,0.23
2026-03-01,P0101,1.0,0.18
2026-03-01,P0102,1.0,1.18
2026-03-01,P0104,2.0,6.1
2026-03-01,P0105,6.0,8.76
2026-03-01,P0110,2.0,7.82
2026-03-01,P0112,1.0,3.9
2026-03-01,P0113,1.0,3.35
2026-03-01,P0117,1.0,5.4
2026-03-01,P0124,1.0,2.37
2026-03-01,P0127,1.0,1.52
2026-03-01,P0128,3.0,4.38
2026-03-02,P0003,1.0,2.98
2026-03-02,P0006,2.0,0.78
2026-03-02,P0014,1.0,2.05
2026-03-02,P0015,1.0,1.5
2026-03-02,P0018,1.0,0.52
2026-03-02,P0020,1.0,1.45
2026-03-02,P0021,1.0,0.52
2026-03-02,P0025,4.0,12.36
2026-03-02,P0026,1.0,1.39
2026-03-02,P0027,2.0,2.58
2026-03-02,P0028,3.0,7.26
2026-03-02,P0033,1.0,2.95
2026-03-02,P0035,1.0,12.38
2026-03-02,P0036,1.0,9.19
2026-03-02,P0038,1.0,4.95
2026-03-02,P0039,1.0,9.08
2026-03-02,P0042,1.0,14.27
2026-03-02,P0044,1.0,11.65
2026-03-02,P0045,3.0,39.33
2026-03-02,P0046,1.0,7.68
2026-03-02,P0047,1.0,7.02
2026-03-02,P0048,2.0,8.16
2026-03-02,P0049,1.0,1.85
2026-03-02,P0050,1.0,0.68
2026-03-02,P0051,3.0,11.4
2026-03-02,P0052,2.0,1.18
2026-03-02,P0056,3.0,12.24
2026-03-02,P0057,2.0,6.94
2026-03-02,P0061,1.0,2.31
2026-03-02,P0063,3.0,7.38
2026-03-02,P0064,4.0,16.96
2026-03-02,P0065,2.0,6.08
2026-03-02,P0066,3.0,14.58
2026-03-02,P0067,3.0,3.0
2026-03-02,P0069,2.0,9.34
2026-03-02,P0073,1.0,3.99
2026-03-02,P0078,6.0,6.84
2026-03-02,P0080,2.0,4.0
2026-03-02,P0081,6.0,32.52
2026-03-02,P0084,2.0,4.48
2026-03-02,P0086,1.0,3.25
2026-03-02,P0087,1.0,1.17
2026-03-02,P0091,3.0,10.29
2026-03-02,P0093,1.0,3.5
2026-03-02,P0094,1.0,0.72
2026-03-02,P0095,1.0,3.6
2026-03-02,P0097,1.0,1.12
2026-03-02,P0101,2.0,0.36
2026-03-02,P0103,1.0,2.37
2026-03-02,P0104,3.0,9.15
2026-03-02,P0105,5.0,7.3
2026-03-02,P0110,2.0,7.82
2026-03-02,P0111,1.0,3.7
2026-03-02,P0112,1.0,3.9
2026-03-02,P0113,1.0,3.35
2026-03-02,P0117,2.0,10.8
2026-03-02,P0121,1.0,9.44
2026-03-02,P0122,1.0,3.02
2026-03-02,P0123,1.0,3.62
2026-03-02,P0127,2.0,3.04
2026-03-03,P0014,1.0,2.05
2026-03-03,P0015,1.0,1.5
2026-03-03,P0017,1.0,3.18
2026-03-03,P0019,2.0,0.38
2026-03-03,P0020,1.0,1.45
2026-03-03,P0022,1.0,2.67
2026-03-03,P0025,2.0,6.18
2026-03-03,P0026,2.0,2.78
2026-03-03,P0027,1.0,1.29
2026-03-03,P0028,3.0,7.26
2026-03-03,P0029,3.0,11.4
2026-03-03,P0032,1.0,1.03
2026-03-03,P0035,1.0,12.38
2026-03-03,P0037,2.0,9.52
2026-03-03,P0045,1.0,13.11
2026-03-03,P0048,1.0,4.08
2026-03-03,P0050,1.0,0.68
2026-03-03,P0051,2.0,7.6
2026-03-03,P0052,4.0,2.36
2026-03-03,P0053,1.0,1.13
2026-03-03,P0056,3.0,12.24
2026-03-03,P0057,2.0,6.94
2026-03-03,P0058,1.0,3.5
2026-03-03,P0061,2.0,4.62
2026-03-03,P0063,2.0,4.92
2026-03-03,P0064,1.0,4.24
2026-03-03,P0065,1.0,3.04
2026-03-03,P0066,3.0,14.58
2026-03-03,P0067,3.0,3.0
2026-03-03,P0068,1.0,3.83
2026-03-03,P0070,1.0,1.65
2026-03-03,P0072,1.0,1.99
2026-03-03,P0073,1.0,3.99
2026-03-03,P0075,1.0,5.42
2026-03-03,P0078,6.0,6.84
2026-03-03,P0080,1.0,2.0
2026-03-03,P0081,6.0,32.52
2026-03-03,P0084,1.0,2.24
2026-03-03,P0088,1.0,1.83
2026-03-03,P0089,2.0,1.36
2026-03-03,P0090,1.0,3.69
2026-03-03,P0091,5.0,17.15
2026-03-03,P0093,3.0,10.5
2026-03-03,P0094,2.0,1.44
2026-03-03,P0097,1.0,1.12
2026-03-03,P0098,1.0,0.45
2026-03-03,P0101,4.0,0.72
2026-03-03,P0103,2.0,4.74
2026-03-03,P0104,3.0,9.15
2026-03-03,P0105,4.0,5.84
2026-03-03,P0110,1.0,3.91
2026-03-03,P0112,1.0,3.9
2026-03-03,P0115,1.0,1.96
2026-03-03,P0121,2.0,18.88
2026-03-03,P0122,2.0,6.04
2026-03-03,P0123,1.0,3.62
2026-03-03,P0125,1.0,4.5
2026-03-03,P0128,1.0,1.46
2026-03-04,P0001,1.0,2.43
2026-03-04,P0011,2.0,5.24
2026-03-04,P0014,1.0,2.05
2026-03-04,P0015,1.0,1.5
2026-03-04,P0017,1.0,3.18
2026-03-04,P0021,1.0,0.52
2026-03-04,P0025,5.0,15.45
2026-03-04,P0027,2.0,2.58
2026-03-04,P0028,4.0,9.68
2026-03-04,P0031,2.0,1.86
2026-03-04,P0032,2.0,2.06
2026-03-04,P0035,1.0,12.38
2026-03-04,P0038,1.0,4.95
2026-03-04,P0042,2.0,28.54
2026-03-04,P0045,3.0,39.33
2026-03-04,P0047,1.0,7.02
2026-03-04,P0048,2.0,8.16
2026-03-04,P0049,2.0,3.7
2026-03-04,P0050,1.0,0.68
2026-03-04,P0051,2.0,7.6
2026-03-04,P0055,1.0,1.27
2026-03-04,P0056,2.0,8.16
2026-03-04,P0057,1.0,3.47
2026-03-04,P0062,1.0,2.69
2026-03-04,P0063,4.0,9.84
2026-03-04,P0064,3.0,12.72
2026-03-04,P0065,2.0,6.08
2026-03-04,P0066,1.0,4.86
2026-03-04,P0067,1.0,1.0
2026-03-04,P0069,1.0,4.67
2026-03-04,P0073,2.0,7.98
2026-03-04,P0078,6.0,6.84
2026-03-04,P0081,6.0,32.52
2026-03-04,P0082,1.0,4.31
2026-03-04,P0084,3.0,6.72
2026-03-04,P0085,1.0,1.47
2026-03-04,P0088,2.0,3.66
2026-03-04,P0091,4.0,13.72
2026-03-04,P0093,1.0,3.5
2026-03-04,P0094,1.0,0.72
2026-03-04,P0095,1.0,3.6
2026-03-04,P0096,1.0,3.05
2026-03-04,P0097,2.0,2.24
2026-03-04,P0098,1.0,0.45
2026-03-04,P0101,2.0,0.36
2026-03-04,P0104,2.0,6.1
2026-03-04,P0105,6.0,8.76
2026-03-04,P0108,1.0,2.16
2026-03-04,P0110,5.0,19.55
2026-03-04,P0112,1.0,3.9
2026-03-04,P0122,1.0,3.02
2026-03-04,P0123,1.0,3.62
2026-03-04,P0124,3.0,7.11
2026-03-04,P0125,1.0,4.5
2026-03-04,P0128,2.0,2.92
2026-03-05,P0001,3.0,7.29
2026-03-05,P0006,2.0,0.78
2026-03-05,P0007,1.0,2.07
2026-03-05,P0014,2.0,4.1
2026-03-05,P0015,2.0,3.0
2026-03-05,P0016,1.0,1.66
2026-03-05,P0018,1.0,0.52
2026-03-05,P0020,1.0,1.45
2026-03-05,P0021,1.0,0.52
2026-03-05,P0023,1.0,2.87
2026-03-05,P0025,5.0,15.45
2026-03-05,P0027,2.0,2.58
2026-03-05,P0028,3.0,7.26
2026-03-05,P0029,2.0,7.6
2026-03-05,P0030,1.0,2.14
2026-03-05,P0033,2.0,5.9
2026-03-05,P0034,1.0,9.5
2026-03-05,P0035,2.0,24.76
2026-03-05,P0037,1.0,4.76
2026-03-05,P0038,1.0,4.95
2026-03-05,P0045,2.0,26.22
2026-03-05,P0047,3.0,21.06
2026-03-05,P0048,1.0,4.08
2026-03-05,P0051,4.0,15.2
2026-03-05,P0052,3.0,1.77
2026-03-05,P0053,1.0,1.13
2026-03-05,P0056,2.0,8.16
2026-03-05,P0057,4.0,13.88
2026-03-05,P0058,2.0,7.0
2026-03-05,P0060,2.0,8.2
2026-03-05,P0061,1.0,2.31
2026-03-05,P0063,3.0,7.38
2026-03-05,P0064,3.0,12.72
2026-03-05,P0065,2.0,6.08
2026-03-05,P0066,4.0,19.44
2026-03-05,P0067,2.0,2.0
2026-03-05,P0068,1.0,3.83
2026-03-05,P0070,1.0,1.65
2026-03-05,P0073,1.0,3.99
2026-03-05,P0076,1.0,1.98
2026-03-05,P0078,6.0,6.84
2026-03-05,P0080,2.0,4.0
2026-03-05,P0081,6.0,32.52
2026-03-05,P0082,1.0,4.31
2026-03-05,P0084,2.0,4.48
2026-03-05,P0089,1.0,0.68
2026-03-05,P0090,1.0,3.69
2026-03-05,P0091,5.0,17.15
2026-03-05,P0094,3.0,2.16
2026-03-05,P0097,4.0,4.48
2026-03-05,P0101,2.0,0.36
2026-03-05,P0104,1.0,3.05
2026-03-05,P0105,6.0,8.76
2026-03-05,P0109,1.0,1.89
2026-03-05,P0112,3.0,11.7
2026-03-05,P0114,1.0,1.85
2026-03-05,P0117,2.0,10.8
2026-03-05,P0118,1.0,4.49
2026-03-05,P0121,1.0,9.44
2026-03-05,P0122,2.0,6.04
2026-03-05,P0123,2.0,7.24
2026-03-05,P0124,2.0,4.74
2026-03-05,P0127,1.0,1.52
2026-03-05,P0128,1.0,1.46
2026-03-06,P0003,1.0,2.98
2026-03-06,P0004,2.0,6.16
2026-03-06,P0006,1.0,0.39
2026-03-06,P0010,1.0,2.57
2026-03-06,P0011,1.0,2.62
2026-03-06,P0014,1.0,2.05
2026-03-06,P0015,3.0,4.5
2026-03-06,P0020,1.0,1.45
2026-03-06,P0021,1.0,0.52
2026-03-06,P0024,1.0,2.05
2026-03-06,P0025,6.0,18.54
2026-03-06,P0026,2.0,2.78
2026-03-06,P0027,2.0,2.58
2026-03-06,P0028,5.0,12.1
2026-03-06,P0029,1.0,3.8
2026-03-06,P0031,1.0,0.93
2026-03-06,P0034,2.0,19.0
2026-03-06,P0035,2.0,24.76
2026-03-06,P0036,1.0,9.19
2026-03-06,P0039,2.0,18.16
2026-03-06,P0043,1.0,8.55
2026-03-06,P0045,2.0,26.22
2026-03-06,P0048,1.0,4.08
2026-03-06,P0049,3.0,5.55
2026-03-06,P0050,1.0,0.68
2026-03-06,P0051,2.0,7.6
2026-03-06,P0052,4.0,2.36
2026-03-06,P0055,3.0,3.81
2026-03-06,P0056,2.0,8.16
2026-03-06,P0057,3.0,10.41
2026-03-06,P0058,1.0,3.5
2026-03-06,P0061,1.0,2.31
2026-03-06,P0062,1.0,2.69
2026-03-06,P0063,2.0,4.92
2026-03-06,P0064,5.0,21.2
2026-03-06,P0066,3.0,14.58
2026-03-06,P0067,3.0,3.0
2026-03-06,P0068,1.0,3.83
2026-03-06,P0073,1.0,3.99
2026-03-06,P0078,6.0,6.84
2026-03-06,P0080,2.0,4.0
2026-03-06,P0081,6.0,32.52
2026-03-06,P0084,3.0,6.72
2026-03-06,P0085,1.0,1.47
2026-03-06,P0089,1.0,0.68
2026-03-06,P0090,1.0,3.69
2026-03-06,P0091,6.0,20.58
2026-03-06,P0095,1.0,3.6
2026-03-06,P0096,1.0,3.05
2026-03-06,P0097,2.0,2.24
2026-03-06,P0098,1.0,0.45
2026-03-06,P0101,2.0,0.36
2026-03-06,P0103,2.0,4.74
2026-03-06,P0104,2.0,6.1
2026-03-06,P0105,6.0,8.76
2026-03-06,P0109,2.0,3.78
2026-03-06,P0110,4.0,15.64
2026-03-06,P0111,1.0,3.7
2026-03-06,P0112,1.0,3.9
2026-03-06,P0114,2.0,3.7
2026-03-06,P0116,2.0,4.36
2026-03-06,P0117,3.0,16.2
2026-03-06,P0119,3.0,9.96
2026-03-06,P0122,2.0,6.04
2026-03-06,P0123,1.0,3.62
2026-03-06,P0124,1.0,2.37
2026-03-06,P0128,2.0,2.92
2026-03-07,P0001,2.0,4.86
2026-03-07,P0011,1.0,2.62
2026-03-07,P0014,1.0,2.05
2026-03-07,P0015,4.0,6.0
2026-03-07,P0018,1.0,0.52
2026-03-07,P0019,1.0,0.19
2026-03-07,P0020,1.0,1.45
2026-03-07,P0021,2.0,1.04
2026-03-07,P0023,1.0,2.87
2026-03-07,P0024,1.0,2.05
2026-03-07,P0025,6.0,18.54
2026-03-07,P0026,2.0,2.78
2026-03-07,P0027,1.0,1.29
2026-03-07,P0028,6.0,14.52
2026-03-07,P0029,2.0,7.6
2026-03-07,P0030,2.0,4.28
2026-03-07,P0031,1.0,0.93
2026-03-07,P0035,3.0,37.14
2026-03-07,P0037,1.0,4.76
2026-03-07,P0038,1.0,4.95
2026-03-07,P0039,2.0,18.16
2026-03-07,P0044,1.0,11.65
2026-03-07,P0047,2.0,14.04
2026-03-07,P0048,3.0,12.24
2026-03-07,P0050,1.0,0.68
2026-03-07,P0051,4.0,15.2
2026-03-07,P0052,2.0,1.18
2026-03-07,P0053,1.0,1.13
2026-03-07,P0055,1.0,1.27
2026-03-07,P0056,3.0,12.24
2026-03-07,P0057,4.0,13.88
2026-03-07,P0058,2.0,7.0
2026-03-07,P0059,1.0,0.59
2026-03-07,P0061,2.0,4.62
2026-03-07,P0063,3.0,7.38
2026-03-07,P0064,4.0,16.96
2026-03-07,P0065,1.0,3.04
2026-03-07,P0066,1.0,4.86
2026-03-07,P0067,3.0,3.0
2026-03-07,P0068,2.0,7.66
2026-03-07,P0072,1.0,1.99
2026-03-07,P0076,1.0,1.98
2026-03-07,P0077,1.0,0.51
2026-03-07,P0078,6.0,6.84
2026-03-07,P0079,1.0,5.17
2026-03-07,P0080,1.0,2.0
2026-03-07,P0081,6.0,32.52
2026-03-07,P0082,1.0,4.31
2026-03-07,P0084,4.0,8.96
2026-03-07,P0086,3.0,9.75
2026-03-07,P0089,1.0,0.68
2026-03-07,P0090,1.0,3.69
2026-03-07,P0091,6.0,20.58
2026-03-07,P0093,1.0,3.5
2026-03-07,P0094,2.0,1.44
2026-03-07,P0095,1.0,3.6
2026-03-07,P0096,1.0,3.05
2026-03-07,P0097,3.0,3.36
2026-03-07,P0100,1.0,0.23
2026-03-07,P0101,2.0,0.36
2026-03-07,P0104,1.0,3.05
2026-03-07,P0105,6.0,8.76
2026-03-07,P0110,6.0,23.46
2026-03-07,P0112,1.0,3.9
2026-03-07,P0113,1.0,3.35
2026-03-07,P0115,1.0,1.96
2026-03-07,P0116,1.0,2.18
2026-03-07,P0117,1.0,5.4
2026-03-07,P0118,1.0,4.49
2026-03-07,P0119,1.0,3.32
2026-03-07,P0121,1.0,9.44
2026-03-07,P0122,4.0,12.08
2026-03-07,P0123,3.0,10.86
2026-03-07,P0124,1.0,2.37
2026-03-07,P0127,2.0,3.04
2026-03-07,P0128,2.0,2.92
2026-03-08,P0003,3.0,8.94
2026-03-08,P0004,1.0,3.08
2026-03-08,P0006,1.0,0.39
2026-03-08,P0012,1.0,2.46
2026-03-08,P0013,2.0,5.56
2026-03-08,P0014,2.0,4.1
2026-03-08,P0016,1.0,1.66
2026-03-08,P0018,1.0,0.52
2026-03-08,P0022,1.0,2.67
2026-03-08,P0025,4.0,12.36
2026-03-08,P0026,1.0,1.39
2026-03-08,P0027,1.0,1.29
2026-03-08,P0028,6.0,14.52
2026-03-08,P0029,1.0,3.8
2026-03-08,P0031,1.0,0.93
2026-03-08,P0032,1.0,1.03
2026-03-08,P0035,4.0,49.52
2026-03-08,P0037,1.0,4.76
2026-03-08,P0042,1.0,14.27
2026-03-08,P0047,1.0,7.02
2026-03-08,P0048,3.0,12.24
2026-03-08,P0049,1.0,1.85
2026-03-08,P0051,2.0,7.6
2026-03-08,P0052,2.0,1.18
2026-03-08,P0055,1.0,1.27
2026-03-08,P0056,2.0,8.16
2026-03-08,P0058,1.0,3.5
2026-03-08,P0061,1.0,2.31
2026-03-08,P0063,1.0,2.46
2026-03-08,P0064,3.0,12.72
2026-03-08,P0066,2.0,9.72
2026-03-08,P0067,3.0,3.0
2026-03-08,P0069,1.0,4.67
2026-03-08,P0070,2.0,3.3
2026-03-08,P0072,2.0,3.98
2026-03-08,P0073,1.0,3.99
2026-03-08,P0077,1.0,0.51
2026-03-08,P0078,6.0,6.84
2026-03-08,P0080,1.0,2.0
2026-03-08,P0081,6.0,32.52
2026-03-08,P0084,3.0,6.72
2026-03-08,P0086,1.0,3.25
2026-03-08,P0087,1.0,1.17
2026-03-08,P0089,1.0,0.68
2026-03-08,P0091,6.0,20.58
2026-03-08,P0094,1.0,0.72
2026-03-08,P0095,1.0,3.6
2026-03-08,P0096,1.0,3.05
2026-03-08,P0097,2.0,2.24
2026-03-08,P0101,2.0,0.36
2026-03-08,P0105,6.0,8.76
2026-03-08,P0108,1.0,2.16
2026-03-08,P0110,2.0,7.82
2026-03-08,P0112,1.0,3.9
2026-03-08,P0113,1.0,3.35
2026-03-08,P0114,1.0,1.85
2026-03-08,P0118,1.0,4.49
2026-03-08,P0120,2.0,17.68
2026-03-08,P0121,1.0,9.44
2026-03-08,P0122,4.0,12.08
2026-03-08,P0127,2.0,3.04
2026-03-08,P0128,2.0,2.92
2026-03-09,P0001,2.0,4.86
2026-03-09,P0003,1.0,2.98
2026-03-09,P0004,1.0,3.08
2026-03-09,P0014,1.0,2.05
2026-03-09,P0015,1.0,1.5
2026-03-09,P0016,1.0,1.66
2026-03-09,P0022,1.0,2.67
2026-03-09,P0025,4.0,12.36
2026-03-09,P0026,1.0,1.39
2026-03-09,P0028,3.0,7.26
2026-03-09,P0031,2.0,1.86
2026-03-09,P0033,1.0,2.95
2026-03-09,P0039,2.0,18.16
2026-03-09,P0043,1.0,8.55
2026-03-09,P0044,1.0,11.65
2026-03-09,P0045,1.0,13.11
2026-03-09,P0048,1.0,4.08
2026-03-09,P0049,2.0,3.7
2026-03-09,P0050,1.0,0.68
2026-03-09,P0051,1.0,3.8
2026-03-09,P0052,1.0,0.59
2026-03-09,P0053,1.0,1.13
2026-03-09,P0056,2.0,8.16
2026-03-09,P0057,2.0,6.94
2026-03-09,P0058,1.0,3.5
2026-03-09,P0061,1.0,2.31
2026-03-09,P0062,1.0,2.69
2026-03-09,P0063,2.0,4.92
2026-03-09,P0064,3.0,12.72
2026-03-09,P0066,3.0,14.58
2026-03-09,P0067,3.0,3.0
2026-03-09,P0069,1.0,4.67
2026-03-09,P0073,1.0,3.99
2026-03-09,P0076,3.0,5.94
2026-03-09,P0078,6.0,6.84
2026-03-09,P0079,1.0,5.17
2026-03-09,P0080,1.0,2.0
2026-03-09,P0081,6.0,32.52
2026-03-09,P0085,1.0,1.47
2026-03-09,P0089,1.0,0.68
2026-03-09,P0091,4.0,13.72
2026-03-09,P0097,1.0,1.12
2026-03-09,P0100,1.0,0.23
2026-03-09,P0101,3.0,0.54
2026-03-09,P0104,1.0,3.05
2026-03-09,P0105,4.0,5.84
2026-03-09,P0110,3.0,11.73
2026-03-09,P0113,1.0,3.35
2026-03-09,P0115,1.0,1.96
2026-03-09,P0117,1.0,5.4
2026-03-09,P0122,2.0,6.04
2026-03-09,P0123,2.0,7.24
2026-03-09,P0127,1.0,1.52
2026-03-09,P0128,1.0,1.46
2026-03-10,P0001,1.0,2.43
2026-03-10,P0014,3.0,6.15
2026-03-10,P0015,2.0,3.0
2026-03-10,P0017,1.0,3.18
2026-03-10,P0018,1.0,0.52
2026-03-10,P0019,1.0,0.19
2026-03-10,P0022,1.0,2.67
2026-03-10,P0025,3.0,9.27
2026-03-10,P0026,2.0,2.78
2026-03-10,P0028,6.0,14.52
2026-03-10,P0035,3.0,37.14
2026-03-10,P0036,1.0,9.19
2026-03-10,P0037,1.0,4.76
2026-03-10,P0038,1.0,4.95
2026-03-10,P0045,1.0,13.11
2026-03-10,P0047,2.0,14.04
2026-03-10,P0049,1.0,1.85
2026-03-10,P0050,1.0,0.68
2026-03-10,P0051,2.0,7.6
2026-03-10,P0052,1.0,0.59
2026-03-10,P0055,1.0,1.27
2026-03-10,P0056,2.0,8.16
2026-03-10,P0058,1.0,3.5
2026-03-10,P0061,2.0,4.62
2026-03-10,P0063,2.0,4.92
2026-03-10,P0064,5.0,21.2
2026-03-10,P0066,2.0,9.72
2026-03-10,P0067,2.0,2.0
2026-03-10,P0069,1.0,4.67
2026-03-10,P0070,4.0,6.6
2026-03-10,P0071,1.0,2.94
2026-03-10,P0072,1.0,1.99
2026-03-10,P0078,6.0,6.84
2026-03-10,P0081,6.0,32.52
2026-03-10,P0084,4.0,8.96
2026-03-10,P0088,1.0,1.83
2026-03-10,P0089,1.0,0.68
2026-03-10,P0091,2.0,6.86
2026-03-10,P0094,1.0,0.72
2026-03-10,P0096,2.0,6.1
2026-03-10,P0097,2.0,2.24
2026-03-10,P0101,2.0,0.36
2026-03-10,P0103,1.0,2.37
2026-03-10,P0104,2.0,6.1
2026-03-10,P0105,4.0,5.84
2026-03-10,P0106,1.0,1.13
2026-03-10,P0113,1.0,3.35
2026-03-10,P0115,1.0,1.96
2026-03-10,P0116,1.0,2.18
2026-03-10,P0122,1.0,3.02
2026-03-10,P0125,1.0,4.5
2026-03-10,P0127,1.0,1.52
2026-03-10,P0128,1.0,1.46
2026-03-11,P0003,1.0,2.98
2026-03-11,P0005,1.0,2.03
2026-03-11,P0014,3.0,6.15
2026-03-11,P0015,2.0,3.0
2026-03-11,P0018,1.0,0.52
2026-03-11,P0022,1.0,2.67
2026-03-11,P0025,4.0,12.36
2026-03-11,P0026,1.0,1.39
2026-03-11,P0027,3.0,3.87
2026-03-11,P0028,4.0,9.68
2026-03-11,P0031,2.0,1.86
2026-03-11,P0035,3.0,37.14
2026-03-11,P0039,1.0,9.08
2026-03-11,P0040,1.0,10.55
2026-03-11,P0045,2.0,26.22
2026-03-11,P0046,1.0,7.68
2026-03-11,P0051,2.0,7.6
2026-03-11,P0052,1.0,0.59
2026-03-11,P0055,3.0,3.81
2026-03-11,P0056,1.0,4.08
2026-03-11,P0057,2.0,6.94
2026-03-11,P0059,2.0,1.18
2026-03-11,P0061,1.0,2.31
2026-03-11,P0062,1.0,2.69
2026-03-11,P0063,1.0,2.46
2026-03-11,P0064,3.0,12.72
2026-03-11,P0065,2.0,6.08
2026-03-11,P0066,1.0,4.86
2026-03-11,P0067,3.0,3.0
2026-03-11,P0068,1.0,3.83
2026-03-11,P0073,1.0,3.99
2026-03-11,P0078,6.0,6.84
2026-03-11,P0081,6.0,32.52
2026-03-11,P0084,2.0,4.48
2026-03-11,P0088,2.0,3.66
2026-03-11,P0089,1.0,0.68
2026-03-11,P0091,4.0,13.72
2026-03-11,P0093,1.0,3.5
2026-03-11,P0094,1.0,0.72
2026-03-11,P0098,1.0,0.45
2026-03-11,P0101,2.0,0.36
2026-03-11,P0103,1.0,2.37
2026-03-11,P0104,1.0,3.05
2026-03-11,P0105,6.0,8.76
2026-03-11,P0109,2.0,3.78
2026-03-11,P0110,3.0,11.73
2026-03-11,P0112,1.0,3.9
2026-03-11,P0114,1.0,1.85
2026-03-11,P0120,1.0,8.84
2026-03-11,P0122,1.0,3.02
2026-03-11,P0124,1.0,2.37
2026-03-12,P0002,1.0,0.48
2026-03-12,P0003,1.0,2.98
2026-03-12,P0004,1.0,3.08
2026-03-12,P0006,1.0,0.39
2026-03-12,P0013,1.0,2.78
2026-03-12,P0014,2.0,4.1
2026-03-12,P0018,2.0,1.04
2026-03-12,P0025,2.0,6.18
2026-03-12,P0027,1.0,1.29
2026-03-12,P0028,4.0,9.68
2026-03-12,P0029,2.0,7.6
2026-03-12,P0031,2.0,1.86
2026-03-12,P0032,1.0,1.03
2026-03-12,P0033,3.0,8.85
2026-03-12,P0035,1.0,12.38
2026-03-12,P0037,1.0,4.76
2026-03-12,P0045,2.0,26.22
2026-03-12,P0047,1.0,7.02
2026-03-12,P0048,1.0,4.08
2026-03-12,P0049,1.0,1.85
2026-03-12,P0051,2.0,7.6
2026-03-12,P0052,2.0,1.18
2026-03-12,P0054,1.0,1.06
2026-03-12,P0057,1.0,3.47
2026-03-12,P0058,1.0,3.5
2026-03-12,P0059,1.0,0.59
2026-03-12,P0061,2.0,4.62
2026-03-12,P0062,1.0,2.69
2026-03-12,P0063,3.0,7.38
2026-03-12,P0064,2.0,8.48
2026-03-12,P0065,1.0,3.04
2026-03-12,P0066,1.0,4.86
2026-03-12,P0067,3.0,3.0
2026-03-12,P0068,1.0,3.83
2026-03-12,P0069,1.0,4.67
2026-03-12,P0072,2.0,3.98
2026-03-12,P0076,2.0,3.96
2026-03-12,P0077,1.0,0.51
2026-03-12,P0078,6.0,6.84
2026-03-12,P0079,1.0,5.17
2026-03-12,P0081,6.0,32.52
2026-03-12,P0084,3.0,6.72
2026-03-12,P0086,1.0,3.25
2026-03-12,P0091,6.0,20.58
2026-03-12,P0094,1.0,0.72
2026-03-12,P0097,2.0,2.24
2026-03-12,P0098,1.0,0.45
2026-03-12,P0099,1.0,0.24
2026-03-12,P0101,2.0,0.36
2026-03-12,P0102,1.0,1.18
2026-03-12,P0105,6.0,8.76
2026-03-12,P0109,1.0,1.89
2026-03-12,P0117,1.0,5.4
2026-03-12,P0122,1.0,3.02
2026-03-12,P0124,1.0,2.37
2026-03-12,P0125,3.0,13.5
2026-03-12,P0127,2.0,3.04
2026-03-12,P0128,1.0,1.46
2026-03-13,P0002,1.0,0.48
2026-03-13,P0003,1.0,2.98
2026-03-13,P0006,2.0,0.78
2026-03-13,P0014,1.0,2.05
2026-03-13,P0015,2.0,3.0
2026-03-13,P0016,1.0,1.66
2026-03-13,P0019,1.0,0.19
2026-03-13,P0021,1.0,0.52
2026-03-13,P0024,1.0,2.05
2026-03-13,P0025,6.0,18.54
2026-03-13,P0026,2.0,2.78
2026-03-13,P0027,2.0,2.58
2026-03-13,P0028,4.0,9.68
2026-03-13,P0031,1.0,0.93
2026-03-13,P0033,2.0,5.9
2026-03-13,P0035,2.0,24.76
2026-03-13,P0037,1.0,4.76
2026-03-13,P0038,1.0,4.95
2026-03-13,P0041,1.0,9.61
2026-03-13,P0047,1.0,7.02
2026-03-13,P0049,2.0,3.7
2026-03-13,P0051,4.0,15.2
2026-03-13,P0052,2.0,1.18
2026-03-13,P0055,1.0,1.27
2026-03-13,P0056,1.0,4.08
2026-03-13,P0057,3.0,10.41
2026-03-13,P0058,1.0,3.5
2026-03-13,P0061,3.0,6.93
2026-03-13,P0063,2.0,4.92
2026-03-13,P0064,3.0,12.72
2026-03-13,P0065,1.0,3.04
2026-03-13,P0066,1.0,4.86
2026-03-13,P0067,4.0,4.0
2026-03-13,P0068,1.0,3.83
2026-03-13,P0069,1.0,4.67
2026-03-13,P0071,1.0,2.94
2026-03-13,P0074,1.0,0.99
2026-03-13,P0077,2.0,1.02
2026-03-13,P0078,6.0,6.84
2026-03-13,P0080,3.0,6.0
2026-03-13,P0081,6.0,32.52
2026-03-13,P0084,2.0,4.48
2026-03-13,P0086,1.0,3.25
2026-03-13,P0087,1.0,1.17
2026-03-13,P0091,6.0,20.58
2026-03-13,P0094,2.0,1.44
2026-03-13,P0095,1.0,3.6
2026-03-13,P0097,3.0,3.36
2026-03-13,P0098,1.0,0.45
2026-03-13,P0100,2.0,0.46
2026-03-13,P0101,2.0,0.36
2026-03-13,P0104,4.0,12.2
2026-03-13,P0105,6.0,8.76
2026-03-13,P0106,1.0,1.13
2026-03-13,P0107,1.0,3.48
2026-03-13,P0110,1.0,3.91
2026-03-13,P0112,2.0,7.8
2026-03-13,P0113,1.0,3.35
2026-03-13,P0114,2.0,3.7
2026-03-13,P0116,1.0,2.18
2026-03-13,P0118,1.0,4.49
2026-03-13,P0120,1.0,8.84
2026-03-13,P0121,2.0,18.88
2026-03-13,P0123,1.0,3.62
2026-03-13,P0124,2.0,4.74
2026-03-13,P0125,1.0,4.5
2026-03-13,P0126,1.0,2.19
2026-03-13,P0127,2.0,3.04
2026-03-13,P0128,2.0,2.92
2026-03-14,P0001,3.0,7.29
2026-03-14,P0003,1.0,2.98
2026-03-14,P0008,2.0,3.68
2026-03-14,P0014,3.0,6.15
2026-03-14,P0015,1.0,1.5
2026-03-14,P0020,1.0,1.45
2026-03-14,P0022,1.0,2.67
2026-03-14,P0023,1.0,2.87
2026-03-14,P0025,6.0,18.54
2026-03-14,P0026,1.0,1.39
2026-03-14,P0027,3.0,3.87
2026-03-14,P0028,6.0,14.52
2026-03-14,P0030,2.0,4.28
2026-03-14,P0032,1.0,1.03
2026-03-14,P0035,2.0,24.76
2026-03-14,P0037,1.0,4.76
2026-03-14,P0043,1.0,8.55
2026-03-14,P0045,1.0,13.11
2026-03-14,P0047,2.0,14.04
2026-03-14,P0048,1.0,4.08
2026-03-14,P0050,4.0,2.72
2026-03-14,P0051,3.0,11.4
2026-03-14,P0052,4.0,2.36
2026-03-14,P0055,2.0,2.54
2026-03-14,P0056,2.0,8.16
2026-03-14,P0057,1.0,3.47
2026-03-14,P0058,2.0,7.0
2026-03-14,P0061,1.0,2.31
2026-03-14,P0062,1.0,2.69
2026-03-14,P0063,4.0,9.84
2026-03-14,P0064,5.0,21.2
2026-03-14,P0065,3.0,9.12
2026-03-14,P0066,4.0,19.44
2026-03-14,P0067,3.0,3.0
2026-03-14,P0069,1.0,4.67
2026-03-14,P0070,2.0,3.3
2026-03-14,P0073,1.0,3.99
2026-03-14,P0075,1.0,5.42
2026-03-14,P0076,1.0,1.98
2026-03-14,P0077,2.0,1.02
2026-03-14,P0078,6.0,6.84
2026-03-14,P0080,1.0,2.0
2026-03-14,P0081,6.0,32.52
2026-03-14,P0082,1.0,4.31
2026-03-14,P0084,2.0,4.48
2026-03-14,P0089,3.0,2.04
2026-03-14,P0091,6.0,20.58
2026-03-14,P0093,1.0,3.5
2026-03-14,P0094,3.0,2.16
2026-03-14,P0096,1.0,3.05
2026-03-14,P0097,3.0,3.36
2026-03-14,P0099,1.0,0.24
2026-03-14,P0100,1.0,0.23
2026-03-14,P0101,1.0,0.18
2026-03-14,P0104,4.0,12.2
2026-03-14,P0105,6.0,8.76
2026-03-14,P0110,3.0,11.73
2026-03-14,P0112,1.0,3.9
2026-03-14,P0113,2.0,6.7
2026-03-14,P0114,1.0,1.85
2026-03-14,P0115,1.0,1.96
2026-03-14,P0117,2.0,10.8
2026-03-14,P0118,1.0,4.49
2026-03-14,P0121,4.0,37.76
2026-03-14,P0122,3.0,9.06
2026-03-14,P0123,1.0,3.62
2026-03-14,P0124,1.0,2.37
2026-03-14,P0125,1.0,4.5
2026-03-14,P0127,2.0,3.04
2026-03-14,P0128,4.0,5.84
2026-03-15,P0001,1.0,2.43
2026-03-15,P0002,1.0,0.48
2026-03-15,P0004,4.0,12.32
2026-03-15,P0005,1.0,2.03
2026-03-15,P0006,1.0,0.39
2026-03-15,P0014,2.0,4.1
2026-03-15,P0015,1.0,1.5
2026-03-15,P0018,1.0,0.52
2026-03-15,P0020,1.0,1.45
2026-03-15,P0022,1.0,2.67
2026-03-15,P0023,1.0,2.87
2026-03-15,P0025,5.0,15.45
2026-03-15,P0027,1.0,1.29
2026-03-15,P0028,5.0,12.1
2026-03-15,P0029,3.0,11.4
2026-03-15,P0033,1.0,2.95
2026-03-15,P0035,3.0,37.14
2026-03-15,P0038,1.0,4.95
2026-03-15,P0045,1.0,13.11
2026-03-15,P0046,1.0,7.68
2026-03-15,P0050,3.0,2.04
2026-03-15,P0052,1.0,0.59
2026-03-15,P0055,1.0,1.27
2026-03-15,P0056,2.0,8.16
2026-03-15,P0058,1.0,3.5
2026-03-15,P0063,3.0,7.38
2026-03-15,P0064,4.0,16.96
2026-03-15,P0065,1.0,3.04
2026-03-15,P0066,4.0,19.44
2026-03-15,P0067,5.0,5.0
2026-03-15,P0068,1.0,3.83
2026-03-15,P0070,2.0,3.3
2026-03-15,P0074,1.0,0.99
2026-03-15,P0075,1.0,5.42
2026-03-15,P0076,1.0,1.98
2026-03-15,P0078,6.0,6.84
2026-03-15,P0079,1.0,5.17
2026-03-15,P0080,2.0,4.0
2026-03-15,P0081,6.0,32.52
2026-03-15,P0084,4.0,8.96
2026-03-15,P0089,2.0,1.36
2026-03-15,P0091,6.0,20.58
2026-03-15,P0093,1.0,3.5
2026-03-15,P0094,1.0,0.72
2026-03-15,P0097,2.0,2.24
2026-03-15,P0098,2.0,0.9
2026-03-15,P0099,2.0,0.48
2026-03-15,P0101,2.0,0.36
2026-03-15,P0102,1.0,1.18
2026-03-15,P0103,1.0,2.37
2026-03-15,P0104,2.0,6.1
2026-03-15,P0105,6.0,8.76
2026-03-15,P0110,1.0,3.91
2026-03-15,P0112,1.0,3.9
2026-03-15,P0113,1.0,3.35
2026-03-15,P0114,1.0,1.85
2026-03-15,P0118,1.0,4.49
2026-03-15,P0121,3.0,28.32
2026-03-15,P0122,1.0,3.02
2026-03-15,P0123,4.0,14.48
2026-03-15,P0124,1.0,2.37
2026-03-15,P0127,2.0,3.04
2026-03-15,P0128,3.0,4.38
2026-03-16,P0001,1.0,2.43
2026-03-16,P0003,1.0,2.98
2026-03-16,P0006,1.0,0.39
2026-03-16,P0014,2.0,4.1
2026-03-16,P0015,1.0,1.5
2026-03-16,P0017,1.0,3.18
2026-03-16,P0018,1.0,0.52
2026-03-16,P0021,1.0,0.52
2026-03-16,P0022,1.0,2.67
2026-03-16,P0024,1.0,2.05
2026-03-16,P0025,5.0,15.45
2026-03-16,P0026,2.0,2.78
2026-03-16,P0027,1.0,1.29
2026-03-16,P0028,4.0,9.68
2026-03-16,P0029,1.0,3.8
2026-03-16,P0033,1.0,2.95
2026-03-16,P0036,1.0,9.19
2026-03-16,P0037,1.0,4.76
2026-03-16,P0039,1.0,9.08
2026-03-16,P0041,1.0,9.61
2026-03-16,P0042,1.0,14.27
2026-03-16,P0047,1.0,7.02
2026-03-16,P0048,3.0,12.24
2026-03-16,P0050,1.0,0.68
2026-03-16,P0051,2.0,7.6
2026-03-16,P0052,1.0,0.59
2026-03-16,P0055,1.0,1.27
2026-03-16,P0056,1.0,4.08
2026-03-16,P0057,1.0,3.47
2026-03-16,P0058,1.0,3.5
2026-03-16,P0061,1.0,2.31
2026-03-16,P0063,2.0,4.92
2026-03-16,P0064,3.0,12.72
2026-03-16,P0065,1.0,3.04
2026-03-16,P0066,2.0,9.72
2026-03-16,P0067,1.0,1.0
2026-03-16,P0070,1.0,1.65
2026-03-16,P0073,1.0,3.99
2026-03-16,P0078,6.0,6.84
2026-03-16,P0079,1.0,5.17
2026-03-16,P0080,1.0,2.0
2026-03-16,P0081,6.0,32.52
2026-03-16,P0084,2.0,4.48
2026-03-16,P0091,3.0,10.29
2026-03-16,P0097,2.0,2.24
2026-03-16,P0100,1.0,0.23
2026-03-16,P0103,1.0,2.37
2026-03-16,P0104,2.0,6.1
2026-03-16,P0105,6.0,8.76
2026-03-16,P0106,1.0,1.13
2026-03-16,P0110,3.0,11.73
2026-03-16,P0116,1.0,2.18
2026-03-16,P0117,1.0,5.4
2026-03-16,P0118,1.0,4.49
2026-03-16,P0119,1.0,3.32
2026-03-16,P0123,1.0,3.62
2026-03-16,P0127,3.0,4.56
2026-03-17,P0017,1.0,3.18
2026-03-17,P0018,1.0,0.52
2026-03-17,P0021,1.0,0.52
2026-03-17,P0024,1.0,2.05
2026-03-17,P0025,4.0,12.36
2026-03-17,P0026,2.0,2.78
2026-03-17,P0028,5.0,12.1
2026-03-17,P0029,1.0,3.8
2026-03-17,P0030,1.0,2.14
2026-03-17,P0032,2.0,2.06
2026-03-17,P0033,1.0,2.95
2026-03-17,P0037,1.0,4.76
2026-03-17,P0047,1.0,7.02
2026-03-17,P0048,1.0,4.08
2026-03-17,P0051,1.0,3.8
2026-03-17,P0053,1.0,1.13
2026-03-17,P0055,1.0,1.27
2026-03-17,P0056,2.0,8.16
2026-03-17,P0057,3.0,10.41
2026-03-17,P0062,1.0,2.69
2026-03-17,P0063,3.0,7.38
2026-03-17,P0064,3.0,12.72
2026-03-17,P0065,1.0,3.04
2026-03-17,P0066,1.0,4.86
2026-03-17,P0067,2.0,2.0
2026-03-17,P0068,1.0,3.83
2026-03-17,P0073,1.0,3.99
2026-03-17,P0074,1.0,0.99
2026-03-17,P0077,2.0,1.02
2026-03-17,P0078,6.0,6.84
2026-03-17,P0081,6.0,32.52
2026-03-17,P0082,1.0,4.31
2026-03-17,P0084,1.0,2.24
2026-03-17,P0089,1.0,0.68
2026-03-17,P0091,6.0,20.58
2026-03-17,P0094,1.0,0.72
2026-03-17,P0095,1.0,3.6
2026-03-17,P0097,1.0,1.12
2026-03-17,P0100,1.0,0.23
2026-03-17,P0105,5.0,7.3
2026-03-17,P0106,1.0,1.13
2026-03-17,P0110,3.0,11.73
2026-03-17,P0114,1.0,1.85
2026-03-17,P0115,1.0,1.96
2026-03-17,P0117,1.0,5.4
2026-03-17,P0119,1.0,3.32
2026-03-17,P0121,1.0,9.44
2026-03-17,P0123,1.0,3.62
2026-03-17,P0125,2.0,9.0
2026-03-17,P0127,1.0,1.52
2026-03-17,P0128,2.0,2.92
2026-03-18,P0001,1.0,2.43
2026-03-18,P0006,1.0,0.39
2026-03-18,P0012,1.0,2.46
2026-03-18,P0014,1.0,2.05
2026-03-18,P0016,1.0,1.66
2026-03-18,P0020,1.0,1.45
2026-03-18,P0021,1.0,0.52
2026-03-18,P0022,2.0,5.34
2026-03-18,P0023,1.0,2.87
2026-03-18,P0024,1.0,2.05
2026-03-18,P0025,4.0,12.36
2026-03-18,P0026,1.0,1.39
2026-03-18,P0027,1.0,1.29
2026-03-18,P0028,5.0,12.1
2026-03-18,P0029,1.0,3.8
2026-03-18,P0030,1.0,2.14
2026-03-18,P0031,1.0,0.93
2026-03-18,P0032,1.0,1.03
2026-03-18,P0034,1.0,9.5
2026-03-18,P0035,2.0,24.76
2026-03-18,P0037,1.0,4.76
2026-03-18,P0038,1.0,4.95
2026-03-18,P0044,1.0,11.65
2026-03-18,P0045,1.0,13.11
2026-03-18,P0046,1.0,7.68
2026-03-18,P0047,1.0,7.02
2026-03-18,P0048,1.0,4.08
2026-03-18,P0049,1.0,1.85
2026-03-18,P0050,1.0,0.68
2026-03-18,P0051,1.0,3.8
2026-03-18,P0055,2.0,2.54
2026-03-18,P0056,2.0,8.16
2026-03-18,P0057,1.0,3.47
2026-03-18,P0058,1.0,3.5
2026-03-18,P0059,1.0,0.59
2026-03-18,P0060,1.0,4.1
2026-03-18,P0063,2.0,4.92
2026-03-18,P0064,3.0,12.72
2026-03-18,P0065,2.0,6.08
2026-03-18,P0066,4.0,19.44
2026-03-18,P0067,2.0,2.0
2026-03-18,P0068,1.0,3.83
2026-03-18,P0073,1.0,3.99
2026-03-18,P0074,1.0,0.99
2026-03-18,P0078,6.0,6.84
2026-03-18,P0080,1.0,2.0
2026-03-18,P0081,6.0,32.52
2026-03-18,P0084,2.0,4.48
2026-03-18,P0088,1.0,1.83
2026-03-18,P0090,1.0,3.69
2026-03-18,P0091,4.0,13.72
2026-03-18,P0093,1.0,3.5
2026-03-18,P0096,1.0,3.05
2026-03-18,P0097,1.0,1.12
2026-03-18,P0098,1.0,0.45
2026-03-18,P0101,2.0,0.36
2026-03-18,P0102,1.0,1.18
2026-03-18,P0103,1.0,2.37
2026-03-18,P0104,1.0,3.05
2026-03-18,P0105,6.0,8.76
2026-03-18,P0106,1.0,1.13
2026-03-18,P0109,1.0,1.89
2026-03-18,P0110,3.0,11.73
2026-03-18,P0111,1.0,3.7
2026-03-18,P0117,2.0,10.8
2026-03-18,P0121,1.0,9.44
2026-03-18,P0122,1.0,3.02
2026-03-18,P0123,1.0,3.62
2026-03-18,P0124,1.0,2.37
2026-03-18,P0125,2.0,9.0
2026-03-18,P0127,2.0,3.04
2026-03-19,P0006,1.0,0.39
2026-03-19,P0009,1.0,2.76
2026-03-19,P0011,1.0,2.62
2026-03-19,P0016,1.0,1.66
2026-03-19,P0020,2.0,2.9
2026-03-19,P0022,1.0,2.67
2026-03-19,P0025,4.0,12.36
2026-03-19,P0027,2.0,2.58
2026-03-19,P0028,4.0,9.68
2026-03-19,P0029,2.0,7.6
2026-03-19,P0030,1.0,2.14
2026-03-19,P0033,2.0,5.9
2026-03-19,P0035,1.0,12.38
2026-03-19,P0036,1.0,9.19
2026-03-19,P0037,2.0,9.52
2026-03-19,P0041,1.0,9.61
2026-03-19,P0045,1.0,13.11
2026-03-19,P0048,1.0,4.08
2026-03-19,P0049,1.0,1.85
2026-03-19,P0052,1.0,0.59
2026-03-19,P0053,1.0,1.13
2026-03-19,P0055,1.0,1.27
2026-03-19,P0056,1.0,4.08
2026-03-19,P0057,2.0,6.94
2026-03-19,P0058,1.0,3.5
2026-03-19,P0059,1.0,0.59
2026-03-19,P0061,1.0,2.31
2026-03-19,P0063,3.0,7.38
2026-03-19,P0064,3.0,12.72
2026-03-19,P0065,1.0,3.04
2026-03-19,P0066,1.0,4.86
2026-03-19,P0067,3.0,3.0
2026-03-19,P0069,1.0,4.67
2026-03-19,P0072,1.0,1.99
2026-03-19,P0073,1.0,3.99
2026-03-19,P0074,1.0,0.99
2026-03-19,P0076,1.0,1.98
2026-03-19,P0078,6.0,6.84
2026-03-19,P0080,1.0,2.0
2026-03-19,P0081,6.0,32.52
2026-03-19,P0084,1.0,2.24
2026-03-19,P0091,6.0,20.58
2026-03-19,P0092,1.0,3.81
2026-03-19,P0094,1.0,0.72
2026-03-19,P0096,1.0,3.05
2026-03-19,P0105,6.0,8.76
2026-03-19,P0110,1.0,3.91
2026-03-19,P0111,1.0,3.7
2026-03-19,P0117,1.0,5.4
2026-03-19,P0121,1.0,9.44
2026-03-19,P0122,3.0,9.06
2026-03-19,P0124,1.0,2.37
2026-03-19,P0125,1.0,4.5
2026-03-19,P0127,1.0,1.52
2026-03-20,P0001,1.0,2.43
2026-03-20,P0003,2.0,5.96
2026-03-20,P0012,1.0,2.46
2026-03-20,P0014,2.0,4.1
2026-03-20,P0015,1.0,1.5
2026-03-20,P0018,2.0,1.04
2026-03-20,P0020,2.0,2.9
2026-03-20,P0021,1.0,0.52
2026-03-20,P0022,3.0,8.01
2026-03-20,P0023,1.0,2.87
2026-03-20,P0025,5.0,15.45
2026-03-20,P0026,1.0,1.39
2026-03-20,P0028,6.0,14.52
2026-03-20,P0030,1.0,2.14
2026-03-20,P0031,1.0,0.93
2026-03-20,P0033,2.0,5.9
2026-03-20,P0035,2.0,24.76
2026-03-20,P0037,2.0,9.52
2026-03-20,P0038,1.0,4.95
2026-03-20,P0044,1.0,11.65
2026-03-20,P0048,1.0,4.08
2026-03-20,P0051,2.0,7.6
2026-03-20,P0056,2.0,8.16
2026-03-20,P0058,3.0,10.5
2026-03-20,P0061,2.0,4.62
2026-03-20,P0063,2.0,4.92
2026-03-20,P0064,6.0,25.44
2026-03-20,P0065,1.0,3.04
2026-03-20,P0066,4.0,19.44
2026-03-20,P0067,1.0,1.0
2026-03-20,P0068,1.0,3.83
2026-03-20,P0069,2.0,9.34
2026-03-20,P0070,2.0,3.3
2026-03-20,P0075,1.0,5.42
2026-03-20,P0076,1.0,1.98
2026-03-20,P0077,2.0,1.02
2026-03-20,P0078,6.0,6.84
2026-03-20,P0079,1.0,5.17
2026-03-20,P0080,1.0,2.0
2026-03-20,P0081,6.0,32.52
2026-03-20,P0082,1.0,4.31
2026-03-20,P0083,1.0,1.26
2026-03-20,P0084,1.0,2.24
2026-03-20,P0086,1.0,3.25
2026-03-20,P0087,1.0,1.17
2026-03-20,P0089,1.0,0.68
2026-03-20,P0091,6.0,20.58
2026-03-20,P0093,1.0,3.5
2026-03-20,P0096,1.0,3.05
2026-03-20,P0097,1.0,1.12
2026-03-20,P0101,2.0,0.36
2026-03-20,P0103,1.0,2.37
2026-03-20,P0104,2.0,6.1
2026-03-20,P0105,6.0,8.76
2026-03-20,P0106,1.0,1.13
2026-03-20,P0110,2.0,7.82
2026-03-20,P0112,2.0,7.8
2026-03-20,P0114,1.0,1.85
2026-03-20,P0115,1.0,1.96
2026-03-20,P0117,2.0,10.8
2026-03-20,P0122,2.0,6.04
2026-03-20,P0123,1.0,3.62
2026-03-20,P0124,2.0,4.74
2026-03-20,P0125,2.0,9.0
2026-03-20,P0127,2.0,3.04
2026-03-20,P0128,2.0,2.92
2026-03-21,P0002,1.0,0.48
2026-03-21,P0003,1.0,2.98
2026-03-21,P0006,1.0,0.39
2026-03-21,P0008,1.0,1.84
2026-03-21,P0015,1.0,1.5
2026-03-21,P0018,1.0,0.52
2026-03-21,P0020,1.0,1.45
2026-03-21,P0023,1.0,2.87
2026-03-21,P0024,1.0,2.05
2026-03-21,P0025,6.0,18.54
2026-03-21,P0026,2.0,2.78
2026-03-21,P0027,3.0,3.87
2026-03-21,P0028,6.0,14.52
2026-03-21,P0032,2.0,2.06
2026-03-21,P0035,1.0,12.38
2026-03-21,P0037,1.0,4.76
2026-03-21,P0038,2.0,9.9
2026-03-21,P0039,1.0,9.08
2026-03-21,P0040,1.0,10.55
2026-03-21,P0045,2.0,26.22
2026-03-21,P0047,1.0,7.02
2026-03-21,P0048,3.0,12.24
2026-03-21,P0049,3.0,5.55
2026-03-21,P0050,1.0,0.68
2026-03-21,P0051,4.0,15.2
2026-03-21,P0052,3.0,1.77
2026-03-21,P0053,1.0,1.13
2026-03-21,P0055,1.0,1.27
2026-03-21,P0056,4.0,16.32
2026-03-21,P0057,1.0,3.47
2026-03-21,P0058,2.0,7.0
2026-03-21,P0059,1.0,0.59
2026-03-21,P0060,1.0,4.1
2026-03-21,P0061,1.0,2.31
2026-03-21,P0063,2.0,4.92
2026-03-21,P0064,5.0,21.2
2026-03-21,P0065,2.0,6.08
2026-03-21,P0066,2.0,9.72
2026-03-21,P0067,3.0,3.0
2026-03-21,P0068,1.0,3.83
2026-03-21,P0069,2.0,9.34
2026-03-21,P0070,1.0,1.65
2026-03-21,P0072,1.0,1.99
2026-03-21,P0073,2.0,7.98
2026-03-21,P0076,1.0,1.98
2026-03-21,P0078,6.0,6.84
2026-03-21,P0080,2.0,4.0
2026-03-21,P0081,6.0,32.52
2026-03-21,P0084,3.0,6.72
2026-03-21,P0086,1.0,3.25
2026-03-21,P0088,1.0,1.83
2026-03-21,P0091,6.0,20.58
2026-03-21,P0094,2.0,1.44
2026-03-21,P0095,1.0,3.6
2026-03-21,P0097,2.0,2.24
2026-03-21,P0101,3.0,0.54
2026-03-21,P0104,3.0,9.15
2026-03-21,P0105,6.0,8.76
2026-03-21,P0110,2.0,7.82
2026-03-21,P0112,2.0,7.8
2026-03-21,P0114,1.0,1.85
2026-03-21,P0117,2.0,10.8
2026-03-21,P0118,1.0,4.49
2026-03-21,P0119,1.0,3.32
2026-03-21,P0121,1.0,9.44
2026-03-21,P0122,3.0,9.06
2026-03-21,P0124,3.0,7.11
2026-03-21,P0127,2.0,3.04
2026-03-21,P0128,2.0,2.92
2026-03-22,P0004,2.0,6.16
2026-03-22,P0006,2.0,0.78
2026-03-22,P0010,1.0,2.57
2026-03-22,P0011,2.0,5.24
2026-03-22,P0014,1.0,2.05
2026-03-22,P0018,2.0,1.04
2026-03-22,P0020,1.0,1.45
2026-03-22,P0022,1.0,2.67
2026-03-22,P0023,1.0,2.87
2026-03-22,P0025,4.0,12.36
2026-03-22,P0026,1.0,1.39
2026-03-22,P0027,3.0,3.87
2026-03-22,P0028,1.0,2.42
2026-03-22,P0029,4.0,15.2
2026-03-22,P0030,1.0,2.14
2026-03-22,P0031,1.0,0.93
2026-03-22,P0032,1.0,1.03
2026-03-22,P0033,1.0,2.95
2026-03-22,P0034,1.0,9.5
2026-03-22,P0035,1.0,12.38
2026-03-22,P0037,1.0,4.76
2026-03-22,P0041,1.0,9.61
2026-03-22,P0042,1.0,14.27
2026-03-22,P0045,1.0,13.11
2026-03-22,P0046,1.0,7.68
2026-03-22,P0047,1.0,7.02
2026-03-22,P0048,1.0,4.08
2026-03-22,P0050,1.0,0.68
2026-03-22,P0051,3.0,11.4
2026-03-22,P0052,1.0,0.59
2026-03-22,P0055,2.0,2.54
2026-03-22,P0056,3.0,12.24
2026-03-22,P0057,2.0,6.94
2026-03-22,P0059,1.0,0.59
2026-03-22,P0061,2.0,4.62
2026-03-22,P0063,3.0,7.38
2026-03-22,P0064,5.0,21.2
2026-03-22,P0065,2.0,6.08
2026-03-22,P0066,2.0,9.72
2026-03-22,P0067,2.0,2.0
2026-03-22,P0068,1.0,3.83
2026-03-22,P0070,1.0,1.65
2026-03-22,P0073,1.0,3.99
2026-03-22,P0077,1.0,0.51
2026-03-22,P0078,6.0,6.84
2026-03-22,P0080,1.0,2.0
2026-03-22,P0081,6.0,32.52
2026-03-22,P0084,1.0,2.24
2026-03-22,P0086,1.0,3.25
2026-03-22,P0089,1.0,0.68
2026-03-22,P0091,5.0,17.15
2026-03-22,P0094,2.0,1.44
2026-03-22,P0096,1.0,3.05
2026-03-22,P0097,2.0,2.24
2026-03-22,P0099,1.0,0.24
2026-03-22,P0101,2.0,0.36
2026-03-22,P0104,2.0,6.1
2026-03-22,P0105,6.0,8.76
2026-03-22,P0112,2.0,7.8
2026-03-22,P0113,1.0,3.35
2026-03-22,P0114,1.0,1.85
2026-03-22,P0119,2.0,6.64
2026-03-22,P0121,2.0,18.88
2026-03-22,P0122,2.0,6.04
2026-03-22,P0123,2.0,7.24
2026-03-22,P0124,1.0,2.37
2026-03-22,P0127,3.0,4.56
2026-03-22,P0128,1.0,1.46
2026-03-23,P0001,3.0,7.29
2026-03-23,P0003,2.0,5.96
2026-03-23,P0004,1.0,3.08
2026-03-23,P0012,3.0,7.38
2026-03-23,P0014,1.0,2.05
2026-03-23,P0015,1.0,1.5
2026-03-23,P0016,1.0,1.66
2026-03-23,P0019,1.0,0.19
2026-03-23,P0021,1.0,0.52
2026-03-23,P0023,2.0,5.74
2026-03-23,P0024,1.0,2.05
2026-03-23,P0025,2.0,6.18
2026-03-23,P0026,1.0,1.39
2026-03-23,P0028,3.0,7.26
2026-03-23,P0029,1.0,3.8
2026-03-23,P0030,1.0,2.14
2026-03-23,P0031,1.0,0.93
2026-03-23,P0032,1.0,1.03
2026-03-23,P0035,1.0,12.38
2026-03-23,P0037,3.0,14.28
2026-03-23,P0042,1.0,14.27
2026-03-23,P0048,1.0,4.08
2026-03-23,P0049,1.0,1.85
2026-03-23,P0050,1.0,0.68
2026-03-23,P0053,1.0,1.13
2026-03-23,P0056,3.0,12.24
2026-03-23,P0057,2.0,6.94
2026-03-23,P0063,1.0,2.46
2026-03-23,P0064,2.0,8.48
2026-03-23,P0066,1.0,4.86
2026-03-23,P0067,1.0,1.0
2026-03-23,P0072,1.0,1.99
2026-03-23,P0075,1.0,5.42
2026-03-23,P0076,1.0,1.98
2026-03-23,P0078,6.0,6.84
2026-03-23,P0080,1.0,2.0
2026-03-23,P0081,6.0,32.52
2026-03-23,P0083,1.0,1.26
2026-03-23,P0084,1.0,2.24
2026-03-23,P0088,2.0,3.66
2026-03-23,P0090,1.0,3.69
2026-03-23,P0091,4.0,13.72
2026-03-23,P0093,1.0,3.5
2026-03-23,P0097,1.0,1.12
2026-03-23,P0101,1.0,0.18
2026-03-23,P0103,2.0,4.74
2026-03-23,P0104,3.0,9.15
2026-03-23,P0105,6.0,8.76
2026-03-23,P0106,1.0,1.13
2026-03-23,P0110,2.0,7.82
2026-03-23,P0112,3.0,11.7
2026-03-23,P0113,1.0,3.35
2026-03-23,P0115,2.0,3.92
2026-03-23,P0117,2.0,10.8
2026-03-23,P0119,2.0,6.64
2026-03-23,P0123,2.0,7.24
2026-03-23,P0124,1.0,2.37
2026-03-23,P0127,1.0,1.52
2026-03-23,P0128,3.0,4.38
2026-03-24,P0004,1.0,3.08
2026-03-24,P0006,1.0,0.39
2026-03-24,P0008,1.0,1.84
2026-03-24,P0014,2.0,4.1
2026-03-24,P0016,1.0,1.66
2026-03-24,P0018,1.0,0.52
2026-03-24,P0020,2.0,2.9
2026-03-24,P0022,1.0,2.67
2026-03-24,P0023,2.0,5.74
2026-03-24,P0025,3.0,9.27
2026-03-24,P0026,1.0,1.39
2026-03-24,P0027,2.0,2.58
2026-03-24,P0028,2.0,4.84
2026-03-24,P0029,4.0,15.2
2026-03-24,P0031,1.0,0.93
2026-03-24,P0035,2.0,24.76
2026-03-24,P0036,2.0,18.38
2026-03-24,P0037,1.0,4.76
2026-03-24,P0038,2.0,9.9
2026-03-24,P0045,1.0,13.11
2026-03-24,P0047,1.0,7.02
2026-03-24,P0048,1.0,4.08
2026-03-24,P0049,1.0,1.85
2026-03-24,P0050,1.0,0.68
2026-03-24,P0051,2.0,7.6
2026-03-24,P0052,2.0,1.18
2026-03-24,P0057,2.0,6.94
2026-03-24,P0059,2.0,1.18
2026-03-24,P0061,1.0,2.31
2026-03-24,P0063,2.0,4.92
2026-03-24,P0064,3.0,12.72
2026-03-24,P0065,1.0,3.04
2026-03-24,P0066,2.0,9.72
2026-03-24,P0070,1.0,1.65
2026-03-24,P0078,6.0,6.84
2026-03-24,P0079,1.0,5.17
2026-03-24,P0080,1.0,2.0
2026-03-24,P0081,6.0,32.52
2026-03-24,P0083,2.0,2.52
2026-03-24,P0084,1.0,2.24
2026-03-24,P0091,6.0,20.58
2026-03-24,P0094,1.0,0.72
2026-03-24,P0095,1.0,3.6
2026-03-24,P0097,1.0,1.12
2026-03-24,P0100,1.0,0.23
2026-03-24,P0101,3.0,0.54
2026-03-24,P0104,1.0,3.05
2026-03-24,P0105,6.0,8.76
2026-03-24,P0109,1.0,1.89
2026-03-24,P0110,1.0,3.91
2026-03-24,P0112,2.0,7.8
2026-03-24,P0114,1.0,1.85
2026-03-24,P0116,1.0,2.18
2026-03-24,P0118,1.0,4.49
2026-03-24,P0121,2.0,18.88
2026-03-24,P0122,3.0,9.06
2026-03-24,P0124,2.0,4.74
2026-03-24,P0127,1.0,1.52
2026-03-24,P0128,2.0,2.92
2026-03-25,P0001,4.0,9.72
2026-03-25,P0003,2.0,5.96
2026-03-25,P0015,2.0,3.0
2026-03-25,P0019,1.0,0.19
2026-03-25,P0021,1.0,0.52
2026-03-25,P0022,1.0,2.67
2026-03-25,P0023,1.0,2.87
2026-03-25,P0025,4.0,12.36
2026-03-25,P0027,1.0,1.29
2026-03-25,P0028,5.0,12.1
2026-03-25,P0029,1.0,3.8
2026-03-25,P0031,2.0,1.86
2026-03-25,P0035,4.0,49.52
2026-03-25,P0037,1.0,4.76
2026-03-25,P0038,1.0,4.95
2026-03-25,P0045,2.0,26.22
2026-03-25,P0049,1.0,1.85
2026-03-25,P0050,1.0,0.68
2026-03-25,P0051,1.0,3.8
2026-03-25,P0052,1.0,0.59
2026-03-25,P0053,1.0,1.13
2026-03-25,P0055,2.0,2.54
2026-03-25,P0057,1.0,3.47
2026-03-25,P0058,1.0,3.5
2026-03-25,P0063,3.0,7.38
2026-03-25,P0064,1.0,4.24
2026-03-25,P0066,2.0,9.72
2026-03-25,P0068,1.0,3.83
2026-03-25,P0070,1.0,1.65
2026-03-25,P0071,1.0,2.94
2026-03-25,P0075,3.0,16.26
2026-03-25,P0076,1.0,1.98
2026-03-25,P0078,6.0,6.84
2026-03-25,P0080,1.0,2.0
2026-03-25,P0081,6.0,32.52
2026-03-25,P0084,3.0,6.72
2026-03-25,P0089,3.0,2.04
2026-03-25,P0091,6.0,20.58
2026-03-25,P0095,1.0,3.6
2026-03-25,P0096,1.0,3.05
2026-03-25,P0100,1.0,0.23
2026-03-25,P0101,2.0,0.36
2026-03-25,P0102,2.0,2.36
2026-03-25,P0103,2.0,4.74
2026-03-25,P0104,1.0,3.05
2026-03-25,P0105,6.0,8.76
2026-03-25,P0111,1.0,3.7
2026-03-25,P0112,1.0,3.9
2026-03-25,P0115,2.0,3.92
2026-03-25,P0116,1.0,2.18
2026-03-25,P0121,1.0,9.44
2026-03-25,P0122,1.0,3.02
2026-03-25,P0123,1.0,3.62
2026-03-25,P0127,3.0,4.56
2026-03-26,P0001,2.0,4.86
2026-03-26,P0003,1.0,2.98
2026-03-26,P0005,1.0,2.03
2026-03-26,P0008,3.0,5.52
2026-03-26,P0015,1.0,1.5
2026-03-26,P0017,1.0,3.18
2026-03-26,P0020,2.0,2.9
2026-03-26,P0023,2.0,5.74
2026-03-26,P0025,4.0,12.36
2026-03-26,P0026,1.0,1.39
2026-03-26,P0027,1.0,1.29
2026-03-26,P0028,6.0,14.52
2026-03-26,P0030,1.0,2.14
2026-03-26,P0035,1.0,12.38
2026-03-26,P0038,1.0,4.95
2026-03-26,P0042,2.0,28.54
2026-03-26,P0045,1.0,13.11
2026-03-26,P0048,1.0,4.08
2026-03-26,P0050,1.0,0.68
2026-03-26,P0051,2.0,7.6
2026-03-26,P0052,1.0,0.59
2026-03-26,P0055,1.0,1.27
2026-03-26,P0056,5.0,20.4
2026-03-26,P0057,1.0,3.47
2026-03-26,P0063,3.0,7.38
2026-03-26,P0064,2.0,8.48
2026-03-26,P0065,1.0,3.04
2026-03-26,P0066,2.0,9.72
2026-03-26,P0067,3.0,3.0
2026-03-26,P0068,1.0,3.83
2026-03-26,P0070,1.0,1.65
2026-03-26,P0075,1.0,5.42
2026-03-26,P0078,6.0,6.84
2026-03-26,P0081,6.0,32.52
2026-03-26,P0082,1.0,4.31
2026-03-26,P0084,2.0,4.48
2026-03-26,P0089,1.0,0.68
2026-03-26,P0091,5.0,17.15
2026-03-26,P0094,1.0,0.72
2026-03-26,P0097,2.0,2.24
2026-03-26,P0099,1.0,0.24
2026-03-26,P0100,1.0,0.23
2026-03-26,P0101,2.0,0.36
2026-03-26,P0103,1.0,2.37
2026-03-26,P0104,2.0,6.1
2026-03-26,P0105,6.0,8.76
2026-03-26,P0109,2.0,3.78
2026-03-26,P0110,3.0,11.73
2026-03-26,P0112,1.0,3.9
2026-03-26,P0113,1.0,3.35
2026-03-26,P0114,1.0,1.85
2026-03-26,P0117,1.0,5.4
2026-03-26,P0118,1.0,4.49
2026-03-26,P0122,3.0,9.06
2026-03-26,P0123,2.0,7.24
2026-03-26,P0124,2.0,4.74
2026-03-26,P0127,2.0,3.04
2026-03-26,P0128,1.0,1.46
2026-03-27,P0004,1.0,3.08
2026-03-27,P0006,2.0,0.78
2026-03-27,P0010,1.0,2.57
2026-03-27,P0014,2.0,4.1
2026-03-27,P0015,2.0,3.0
2026-03-27,P0020,2.0,2.9
2026-03-27,P0022,1.0,2.67
2026-03-27,P0023,1.0,2.87
2026-03-27,P0025,5.0,15.45
2026-03-27,P0026,2.0,2.78
2026-03-27,P0027,3.0,3.87
2026-03-27,P0028,6.0,14.52
2026-03-27,P0030,1.0,2.14
2026-03-27,P0031,3.0,2.79
2026-03-27,P0034,1.0,9.5
2026-03-27,P0035,1.0,12.38
2026-03-27,P0037,2.0,9.52
2026-03-27,P0038,1.0,4.95
2026-03-27,P0039,1.0,9.08
2026-03-27,P0045,2.0,26.22
2026-03-27,P0047,1.0,7.02
2026-03-27,P0048,2.0,8.16
2026-03-27,P0049,2.0,3.7
2026-03-27,P0051,4.0,15.2
2026-03-27,P0052,3.0,1.77
2026-03-27,P0053,1.0,1.13
2026-03-27,P0055,1.0,1.27
2026-03-27,P0056,1.0,4.08
2026-03-27,P0059,1.0,0.59
2026-03-27,P0060,1.0,4.1
2026-03-27,P0061,1.0,2.31
2026-03-27,P0062,1.0,2.69
2026-03-27,P0063,2.0,4.92
2026-03-27,P0064,4.0,16.96
2026-03-27,P0065,1.0,3.04
2026-03-27,P0066,2.0,9.72
2026-03-27,P0067,4.0,4.0
2026-03-27,P0068,1.0,3.83
2026-03-27,P0069,1.0,4.67
2026-03-27,P0070,2.0,3.3
2026-03-27,P0073,2.0,7.98
2026-03-27,P0078,6.0,6.84
2026-03-27,P0081,6.0,32.52
2026-03-27,P0084,4.0,8.96
2026-03-27,P0088,1.0,1.83
2026-03-27,P0089,1.0,0.68
2026-03-27,P0091,6.0,20.58
2026-03-27,P0094,3.0,2.16
2026-03-27,P0096,2.0,6.1
2026-03-27,P0097,2.0,2.24
2026-03-27,P0100,1.0,0.23
2026-03-27,P0103,1.0,2.37
2026-03-27,P0104,1.0,3.05
2026-03-27,P0105,6.0,8.76
2026-03-27,P0108,2.0,4.32
2026-03-27,P0109,1.0,1.89
2026-03-27,P0110,1.0,3.91
2026-03-27,P0112,1.0,3.9
2026-03-27,P0113,1.0,3.35
2026-03-27,P0114,2.0,3.7
2026-03-27,P0116,1.0,2.18
2026-03-27,P0120,1.0,8.84
2026-03-27,P0122,2.0,6.04
2026-03-27,P0123,1.0,3.62
2026-03-27,P0124,1.0,2.37
2026-03-27,P0125,1.0,4.5
2026-03-27,P0128,4.0,5.84
2026-03-28,P0001,1.0,2.43
2026-03-28,P0002,1.0,0.48
2026-03-28,P0003,1.0,2.98
2026-03-28,P0005,2.0,4.06
2026-03-28,P0014,2.0,4.1
2026-03-28,P0015,1.0,1.5
2026-03-28,P0016,1.0,1.66
2026-03-28,P0018,1.0,0.52
2026-03-28,P0020,1.0,1.45
2026-03-28,P0022,1.0,2.67
2026-03-28,P0023,2.0,5.74
2026-03-28,P0025,6.0,18.54
2026-03-28,P0026,2.0,2.78
2026-03-28,P0028,6.0,14.52
2026-03-28,P0029,1.0,3.8
2026-03-28,P0031,2.0,1.86
2026-03-28,P0032,1.0,1.03
2026-03-28,P0035,2.0,24.76
2026-03-28,P0037,1.0,4.76
2026-03-28,P0038,2.0,9.9
2026-03-28,P0040,1.0,10.55
2026-03-28,P0041,1.0,9.61
2026-03-28,P0042,1.0,14.27
2026-03-28,P0045,4.0,52.44
2026-03-28,P0046,1.0,7.68
2026-03-28,P0047,1.0,7.02
2026-03-28,P0048,1.0,4.08
2026-03-28,P0049,2.0,3.7
2026-03-28,P0050,1.0,0.68
2026-03-28,P0051,2.0,7.6
2026-03-28,P0052,4.0,2.36
2026-03-28,P0055,2.0,2.54
2026-03-28,P0056,3.0,12.24
2026-03-28,P0057,3.0,10.41
2026-03-28,P0058,1.0,3.5
2026-03-28,P0060,1.0,4.1
2026-03-28,P0061,1.0,2.31
2026-03-28,P0062,1.0,2.69
2026-03-28,P0063,4.0,9.84
2026-03-28,P0064,4.0,16.96
2026-03-28,P0066,3.0,14.58
2026-03-28,P0067,5.0,5.0
2026-03-28,P0068,2.0,7.66
2026-03-28,P0070,1.0,1.65
2026-03-28,P0072,1.0,1.99
2026-03-28,P0075,1.0,5.42
2026-03-28,P0078,6.0,6.84
2026-03-28,P0079,1.0,5.17
2026-03-28,P0080,3.0,6.0
2026-03-28,P0081,6.0,32.52
2026-03-28,P0082,1.0,4.31
2026-03-28,P0084,1.0,2.24
2026-03-28,P0086,1.0,3.25
2026-03-28,P0087,1.0,1.17
2026-03-28,P0089,1.0,0.68
2026-03-28,P0090,1.0,3.69
2026-03-28,P0091,6.0,20.58
2026-03-28,P0094,3.0,2.16
2026-03-28,P0096,1.0,3.05
2026-03-28,P0097,2.0,2.24
2026-03-28,P0101,1.0,0.18
2026-03-28,P0104,1.0,3.05
2026-03-28,P0105,6.0,8.76
2026-03-28,P0108,1.0,2.16
2026-03-28,P0110,2.0,7.82
2026-03-28,P0112,3.0,11.7
2026-03-28,P0113,1.0,3.35
2026-03-28,P0114,3.0,5.55
2026-03-28,P0117,2.0,10.8
2026-03-28,P0118,1.0,4.49
2026-03-28,P0121,1.0,9.44
2026-03-28,P0122,1.0,3.02
2026-03-28,P0123,2.0,7.24
2026-03-28,P0124,3.0,7.11
2026-03-28,P0125,1.0,4.5
2026-03-28,P0127,1.0,1.52
2026-03-28,P0128,2.0,2.92
2026-03-29,P0003,1.0,2.98
2026-03-29,P0004,1.0,3.08
2026-03-29,P0006,1.0,0.39
2026-03-29,P0007,1.0,2.07
2026-03-29,P0014,2.0,4.1
2026-03-29,P0018,1.0,0.52
2026-03-29,P0019,1.0,0.19
2026-03-29,P0023,2.0,5.74
2026-03-29,P0024,1.0,2.05
2026-03-29,P0025,5.0,15.45
2026-03-29,P0026,1.0,1.39
2026-03-29,P0027,1.0,1.29
2026-03-29,P0028,4.0,9.68
2026-03-29,P0031,1.0,0.93
2026-03-29,P0037,2.0,9.52
2026-03-29,P0038,1.0,4.95
2026-03-29,P0040,1.0,10.55
2026-03-29,P0045,1.0,13.11
2026-03-29,P0047,1.0,7.02
2026-03-29,P0049,1.0,1.85
2026-03-29,P0050,1.0,0.68
2026-03-29,P0051,3.0,11.4
2026-03-29,P0052,2.0,1.18
2026-03-29,P0053,3.0,3.39
2026-03-29,P0055,1.0,1.27
2026-03-29,P0056,2.0,8.16
2026-03-29,P0057,2.0,6.94
2026-03-29,P0061,1.0,2.31
2026-03-29,P0063,2.0,4.92
2026-03-29,P0064,5.0,21.2
2026-03-29,P0065,2.0,6.08
2026-03-29,P0066,1.0,4.86
2026-03-29,P0067,5.0,5.0
2026-03-29,P0068,1.0,3.83
2026-03-29,P0076,2.0,3.96
2026-03-29,P0078,6.0,6.84
2026-03-29,P0080,4.0,8.0
2026-03-29,P0081,6.0,32.52
2026-03-29,P0084,1.0,2.24
2026-03-29,P0086,1.0,3.25
2026-03-29,P0087,1.0,1.17
2026-03-29,P0090,1.0,3.69
2026-03-29,P0091,6.0,20.58
2026-03-29,P0094,1.0,0.72
2026-03-29,P0095,2.0,7.2
2026-03-29,P0097,3.0,3.36
2026-03-29,P0101,3.0,0.54
2026-03-29,P0104,3.0,9.15
2026-03-29,P0105,6.0,8.76
2026-03-29,P0109,1.0,1.89
2026-03-29,P0110,5.0,19.55
2026-03-29,P0112,3.0,11.7
2026-03-29,P0113,2.0,6.7
2026-03-29,P0116,2.0,4.36
2026-03-29,P0117,1.0,5.4
2026-03-29,P0119,2.0,6.64
2026-03-29,P0121,3.0,28.32
2026-03-29,P0122,2.0,6.04
2026-03-29,P0123,1.0,3.62
2026-03-29,P0124,2.0,4.74
2026-03-29,P0126,1.0,2.19
2026-03-29,P0127,1.0,1.52
2026-03-29,P0128,1.0,1.46
2026-03-30,P0003,1.0,2.98
2026-03-30,P0013,1.0,2.78
2026-03-30,P0015,3.0,4.5
2026-03-30,P0019,1.0,0.19
2026-03-30,P0022,1.0,2.67
2026-03-30,P0023,1.0,2.87
2026-03-30,P0024,1.0,2.05
2026-03-30,P0025,1.0,3.09
2026-03-30,P0026,1.0,1.39
2026-03-30,P0027,1.0,1.29
2026-03-30,P0028,6.0,14.52
2026-03-30,P0031,3.0,2.79
2026-03-30,P0035,1.0,12.38
2026-03-30,P0037,1.0,4.76
2026-03-30,P0038,1.0,4.95
2026-03-30,P0039,1.0,9.08
2026-03-30,P0040,1.0,10.55
2026-03-30,P0045,1.0,13.11
2026-03-30,P0047,1.0,7.02
2026-03-30,P0048,1.0,4.08
2026-03-30,P0051,2.0,7.6
2026-03-30,P0052,1.0,0.59
2026-03-30,P0055,1.0,1.27
2026-03-30,P0056,2.0,8.16
2026-03-30,P0057,3.0,10.41
2026-03-30,P0058,1.0,3.5
2026-03-30,P0059,1.0,0.59
2026-03-30,P0061,2.0,4.62
2026-03-30,P0062,1.0,2.69
2026-03-30,P0063,3.0,7.38
2026-03-30,P0064,3.0,12.72
2026-03-30,P0065,1.0,3.04
2026-03-30,P0067,2.0,2.0
2026-03-30,P0068,1.0,3.83
2026-03-30,P0069,1.0,4.67
2026-03-30,P0070,1.0,1.65
2026-03-30,P0071,1.0,2.94
2026-03-30,P0075,1.0,5.42
2026-03-30,P0076,1.0,1.98
2026-03-30,P0078,6.0,6.84
2026-03-30,P0081,6.0,32.52
2026-03-30,P0083,1.0,1.26
2026-03-30,P0084,1.0,2.24
2026-03-30,P0087,1.0,1.17
2026-03-30,P0088,1.0,1.83
2026-03-30,P0089,1.0,0.68
2026-03-30,P0091,3.0,10.29
2026-03-30,P0103,1.0,2.37
2026-03-30,P0104,1.0,3.05
2026-03-30,P0105,6.0,8.76
2026-03-30,P0110,1.0,3.91
2026-03-30,P0112,2.0,7.8
2026-03-30,P0117,2.0,10.8
2026-03-30,P0121,2.0,18.88
2026-03-30,P0122,3.0,9.06
2026-03-30,P0123,2.0,7.24
2026-03-30,P0124,1.0,2.37
2026-03-30,P0125,2.0,9.0
2026-03-30,P0126,1.0,2.19
2026-03-30,P0127,1.0,1.52
2026-03-30,P0128,1.0,1.46
2026-03-31,P0002,1.0,0.48
2026-03-31,P0005,1.0,2.03
2026-03-31,P0014,1.0,2.05
2026-03-31,P0015,1.0,1.5
2026-03-31,P0017,1.0,3.18
2026-03-31,P0018,1.0,0.52
2026-03-31,P0020,1.0,1.45
2026-03-31,P0022,1.0,2.67
2026-03-31,P0025,4.0,12.36
2026-03-31,P0026,2.0,2.78
2026-03-31,P0027,1.0,1.29
2026-03-31,P0028,4.0,9.68
2026-03-31,P0029,1.0,3.8
2026-03-31,P0035,1.0,12.38
2026-03-31,P0040,1.0,10.55
2026-03-31,P0048,1.0,4.08
2026-03-31,P0050,1.0,0.68
2026-03-31,P0051,1.0,3.8
2026-03-31,P0056,1.0,4.08
2026-03-31,P0057,2.0,6.94
2026-03-31,P0058,1.0,3.5
2026-03-31,P0061,1.0,2.31
2026-03-31,P0063,1.0,2.46
2026-03-31,P0064,3.0,12.72
2026-03-31,P0066,2.0,9.72
2026-03-31,P0072,1.0,1.99
2026-03-31,P0074,1.0,0.99
2026-03-31,P0078,6.0,6.84
2026-03-31,P0080,2.0,4.0
2026-03-31,P0081,6.0,32.52
2026-03-31,P0083,1.0,1.26
2026-03-31,P0084,3.0,6.72
2026-03-31,P0086,1.0,3.25
2026-03-31,P0090,1.0,3.69
2026-03-31,P0091,2.0,6.86
2026-03-31,P0094,4.0,2.88
2026-03-31,P0096,1.0,3.05
2026-03-31,P0097,1.0,1.12
2026-03-31,P0104,1.0,3.05
2026-03-31,P0105,5.0,7.3
2026-03-31,P0110,2.0,7.82
2026-03-31,P0111,1.0,3.7
2026-03-31,P0112,1.0,3.9
2026-03-31,P0113,1.0,3.35
2026-03-31,P0114,1.0,1.85
2026-03-31,P0117,1.0,5.4
2026-03-31,P0118,1.0,4.49
2026-03-31,P0119,1.0,3.32
2026-03-31,P0122,3.0,9.06
2026-03-31,P0125,1.0,4.5
2026-03-31,P0127,2.0,3.04
2026-04-01,P0001,1.0,2.43
2026-04-01,P0004,1.0,3.08
2026-04-01,P0005,1.0,2.03
2026-04-01,P0012,1.0,2.46
2026-04-01,P0013,1.0,2.78
2026-04-01,P0014,2.0,4.1
2026-04-01,P0015,2.0,3.0
2026-04-01,P0018,1.0,0.52
2026-04-01,P0023,1.0,2.87
2026-04-01,P0025,2.0,6.18
2026-04-01,P0026,1.0,1.39
2026-04-01,P0027,1.0,1.29
2026-04-01,P0028,4.0,9.68
2026-04-01,P0031,1.0,0.93
2026-04-01,P0032,1.0,1.03
2026-04-01,P0035,1.0,12.38
2026-04-01,P0036,1.0,9.19
2026-04-01,P0037,3.0,14.28
2026-04-01,P0038,1.0,4.95
2026-04-01,P0039,2.0,18.16
2026-04-01,P0045,3.0,39.33
2026-04-01,P0047,1.0,7.02
2026-04-01,P0048,1.0,4.08
2026-04-01,P0049,3.0,5.55
2026-04-01,P0050,1.0,0.68
2026-04-01,P0052,3.0,1.77
2026-04-01,P0053,1.0,1.13
2026-04-01,P0055,1.0,1.27
2026-04-01,P0056,2.0,8.16
2026-04-01,P0057,3.0,10.41
2026-04-01,P0058,1.0,3.5
2026-04-01,P0059,1.0,0.59
2026-04-01,P0061,1.0,2.31
2026-04-01,P0063,2.0,4.92
2026-04-01,P0064,6.0,25.44
2026-04-01,P0065,2.0,6.08
2026-04-01,P0066,1.0,4.86
2026-04-01,P0068,1.0,3.83
2026-04-01,P0070,1.0,1.65
2026-04-01,P0071,1.0,2.94
2026-04-01,P0072,1.0,1.99
2026-04-01,P0077,1.0,0.51
2026-04-01,P0078,6.0,6.84
2026-04-01,P0081,6.0,32.52
2026-04-01,P0083,1.0,1.26
2026-04-01,P0084,2.0,4.48
2026-04-01,P0085,1.0,1.47
2026-04-01,P0090,1.0,3.69
2026-04-01,P0091,6.0,20.58
2026-04-01,P0096,1.0,3.05
2026-04-01,P0097,1.0,1.12
2026-04-01,P0098,1.0,0.45
2026-04-01,P0100,1.0,0.23
2026-04-01,P0102,1.0,1.18
2026-04-01,P0103,1.0,2.37
2026-04-01,P0104,2.0,6.1
2026-04-01,P0105,6.0,8.76
2026-04-01,P0106,1.0,1.13
2026-04-01,P0110,1.0,3.91
2026-04-01,P0112,2.0,7.8
2026-04-01,P0116,1.0,2.18
2026-04-01,P0117,3.0,16.2
2026-04-01,P0118,1.0,4.49
2026-04-01,P0119,2.0,6.64
2026-04-01,P0120,1.0,8.84
2026-04-01,P0122,4.0,12.08
2026-04-01,P0124,1.0,2.37
2026-04-01,P0127,1.0,1.52
2026-04-01,P0128,1.0,1.46
2026-04-02,P0001,2.0,4.86
2026-04-02,P0003,2.0,5.96
2026-04-02,P0004,2.0,6.16
2026-04-02,P0011,1.0,2.62
2026-04-02,P0012,1.0,2.46
2026-04-02,P0015,1.0,1.5
2026-04-02,P0022,2.0,5.34
2026-04-02,P0024,1.0,2.05
2026-04-02,P0025,3.0,9.27
2026-04-02,P0026,1.0,1.39
2026-04-02,P0027,2.0,2.58
2026-04-02,P0028,5.0,12.1
2026-04-02,P0029,1.0,3.8
2026-04-02,P0030,1.0,2.14
2026-04-02,P0031,1.0,0.93
2026-04-02,P0033,1.0,2.95
2026-04-02,P0035,1.0,12.38
2026-04-02,P0040,1.0,10.55
2026-04-02,P0045,1.0,13.11
2026-04-02,P0046,1.0,7.68
2026-04-02,P0049,1.0,1.85
2026-04-02,P0051,3.0,11.4
2026-04-02,P0055,2.0,2.54
2026-04-02,P0056,3.0,12.24
2026-04-02,P0057,2.0,6.94
2026-04-02,P0058,1.0,3.5
2026-04-02,P0061,1.0,2.31
2026-04-02,P0063,3.0,7.38
2026-04-02,P0064,3.0,12.72
2026-04-02,P0066,3.0,14.58
2026-04-02,P0067,2.0,2.0
2026-04-02,P0068,1.0,3.83
2026-04-02,P0069,1.0,4.67
2026-04-02,P0072,1.0,1.99
2026-04-02,P0073,2.0,7.98
2026-04-02,P0077,1.0,0.51
2026-04-02,P0078,6.0,6.84
2026-04-02,P0080,1.0,2.0
2026-04-02,P0081,6.0,32.52
2026-04-02,P0082,1.0,4.31
2026-04-02,P0084,3.0,6.72
2026-04-02,P0085,2.0,2.94
2026-04-02,P0086,1.0,3.25
2026-04-02,P0088,1.0,1.83
2026-04-02,P0091,5.0,17.15
2026-04-02,P0093,2.0,7.0
2026-04-02,P0094,1.0,0.72
2026-04-02,P0096,1.0,3.05
2026-04-02,P0101,1.0,0.18
2026-04-02,P0104,1.0,3.05
2026-04-02,P0105,5.0,7.3
2026-04-02,P0107,1.0,3.48
2026-04-02,P0108,1.0,2.16
2026-04-02,P0110,3.0,11.73
2026-04-02,P0112,2.0,7.8
2026-04-02,P0113,1.0,3.35
2026-04-02,P0117,1.0,5.4
2026-04-02,P0118,1.0,4.49
2026-04-02,P0121,2.0,18.88
2026-04-02,P0122,1.0,3.02
2026-04-02,P0124,1.0,2.37
2026-04-02,P0125,2.0,9.0
2026-04-02,P0127,1.0,1.52
2026-04-03,P0001,1.0,2.43
2026-04-03,P0003,3.0,8.94
2026-04-03,P0015,4.0,6.0
2026-04-03,P0016,2.0,3.32
2026-04-03,P0020,1.0,1.45
2026-04-03,P0022,1.0,2.67
2026-04-03,P0023,1.0,2.87
2026-04-03,P0025,4.0,12.36
2026-04-03,P0027,4.0,5.16
2026-04-03,P0028,5.0,12.1
2026-04-03,P0029,1.0,3.8
2026-04-03,P0031,2.0,1.86
2026-04-03,P0032,1.0,1.03
2026-04-03,P0033,2.0,5.9
2026-04-03,P0035,4.0,49.52
2026-04-03,P0037,1.0,4.76
2026-04-03,P0038,1.0,4.95
2026-04-03,P0041,1.0,9.61
2026-04-03,P0042,1.0,14.27
2026-04-03,P0046,1.0,7.68
2026-04-03,P0048,2.0,8.16
2026-04-03,P0049,1.0,1.85
2026-04-03,P0051,3.0,11.4
2026-04-03,P0052,3.0,1.77
2026-04-03,P0056,1.0,4.08
2026-04-03,P0057,1.0,3.47
2026-04-03,P0058,4.0,14.0
2026-04-03,P0059,2.0,1.18
2026-04-03,P0061,1.0,2.31
2026-04-03,P0063,3.0,7.38
2026-04-03,P0064,4.0,16.96
2026-04-03,P0065,2.0,6.08
2026-04-03,P0066,3.0,14.58
2026-04-03,P0067,3.0,3.0
2026-04-03,P0068,2.0,7.66
2026-04-03,P0069,1.0,4.67
2026-04-03,P0078,6.0,6.84
2026-04-03,P0080,1.0,2.0
2026-04-03,P0081,6.0,32.52
2026-04-03,P0082,1.0,4.31
2026-04-03,P0084,1.0,2.24
2026-04-03,P0086,1.0,3.25
2026-04-03,P0088,2.0,3.66
2026-04-03,P0089,1.0,0.68
2026-04-03,P0091,6.0,20.58
2026-04-03,P0094,1.0,0.72
2026-04-03,P0096,1.0,3.05
2026-04-03,P0097,1.0,1.12
2026-04-03,P0100,1.0,0.23
2026-04-03,P0101,1.0,0.18
2026-04-03,P0103,1.0,2.37
2026-04-03,P0104,3.0,9.15
2026-04-03,P0105,6.0,8.76
2026-04-03,P0106,1.0,1.13
2026-04-03,P0110,3.0,11.73
2026-04-03,P0111,1.0,3.7
2026-04-03,P0112,1.0,3.9
2026-04-03,P0115,1.0,1.96
2026-04-03,P0117,1.0,5.4
2026-04-03,P0120,1.0,8.84
2026-04-03,P0121,1.0,9.44
2026-04-03,P0122,2.0,6.04
2026-04-03,P0123,2.0,7.24
2026-04-03,P0124,3.0,7.11
2026-04-03,P0125,1.0,4.5
2026-04-03,P0127,1.0,1.52
2026-04-03,P0128,1.0,1.46
2026-04-04,P0001,3.0,7.29
2026-04-04,P0003,1.0,2.98
2026-04-04,P0004,2.0,6.16
2026-04-04,P0006,2.0,0.78
2026-04-04,P0007,2.0,4.14
2026-04-04,P0012,1.0,2.46
2026-04-04,P0014,3.0,6.15
2026-04-04,P0015,1.0,1.5
2026-04-04,P0018,2.0,1.04
2026-04-04,P0020,2.0,2.9
2026-04-04,P0021,2.0,1.04
2026-04-04,P0022,1.0,2.67
2026-04-04,P0023,1.0,2.87
2026-04-04,P0025,6.0,18.54
2026-04-04,P0026,2.0,2.78
2026-04-04,P0027,2.0,2.58
2026-04-04,P0028,6.0,14.52
2026-04-04,P0029,2.0,7.6
2026-04-04,P0035,3.0,37.14
2026-04-04,P0037,1.0,4.76
2026-04-04,P0038,3.0,14.85
2026-04-04,P0039,1.0,9.08
2026-04-04,P0040,1.0,10.55
2026-04-04,P0042,1.0,14.27
2026-04-04,P0045,1.0,13.11
2026-04-04,P0047,1.0,7.02
2026-04-04,P0048,2.0,8.16
2026-04-04,P0049,1.0,1.85
2026-04-04,P0050,1.0,0.68
2026-04-04,P0051,4.0,15.2
2026-04-04,P0052,4.0,2.36
2026-04-04,P0053,1.0,1.13
2026-04-04,P0055,1.0,1.27
2026-04-04,P0056,2.0,8.16
2026-04-04,P0057,3.0,10.41
2026-04-04,P0058,1.0,3.5
2026-04-04,P0059,1.0,0.59
2026-04-04,P0060,2.0,8.2
2026-04-04,P0061,2.0,4.62
2026-04-04,P0062,1.0,2.69
2026-04-04,P0063,4.0,9.84
2026-04-04,P0064,4.0,16.96
2026-04-04,P0065,1.0,3.04
2026-04-04,P0066,2.0,9.72
2026-04-04,P0067,1.0,1.0
2026-04-04,P0073,1.0,3.99
2026-04-04,P0076,2.0,3.96
2026-04-04,P0078,6.0,6.84
2026-04-04,P0079,1.0,5.17
2026-04-04,P0081,6.0,32.52
2026-04-04,P0082,1.0,4.31
2026-04-04,P0084,1.0,2.24
2026-04-04,P0085,1.0,1.47
2026-04-04,P0086,2.0,6.5
2026-04-04,P0088,1.0,1.83
2026-04-04,P0091,6.0,20.58
2026-04-04,P0094,1.0,0.72
2026-04-04,P0095,1.0,3.6
2026-04-04,P0096,1.0,3.05
2026-04-04,P0097,3.0,3.36
2026-04-04,P0100,1.0,0.23
2026-04-04,P0101,3.0,0.54
2026-04-04,P0104,3.0,9.15
2026-04-04,P0105,6.0,8.76
2026-04-04,P0110,2.0,7.82
2026-04-04,P0112,1.0,3.9
2026-04-04,P0115,1.0,1.96
2026-04-04,P0116,1.0,2.18
2026-04-04,P0117,3.0,16.2
2026-04-04,P0121,1.0,9.44
2026-04-04,P0122,2.0,6.04
2026-04-04,P0123,1.0,3.62
2026-04-04,P0125,1.0,4.5
2026-04-04,P0127,4.0,6.08
2026-04-04,P0128,3.0,4.38
2026-04-05,P0001,4.0,9.72
2026-04-05,P0003,1.0,2.98
2026-04-05,P0004,1.0,3.08
2026-04-05,P0009,1.0,2.76
2026-04-05,P0011,2.0,5.24
2026-04-05,P0016,1.0,1.66
2026-04-05,P0018,1.0,0.52
2026-04-05,P0023,1.0,2.87
2026-04-05,P0025,4.0,12.36
2026-04-05,P0027,2.0,2.58
2026-04-05,P0028,5.0,12.1
2026-04-05,P0032,2.0,2.06
2026-04-05,P0035,3.0,37.14
2026-04-05,P0037,2.0,9.52
2026-04-05,P0038,1.0,4.95
2026-04-05,P0039,1.0,9.08
2026-04-05,P0040,1.0,10.55
2026-04-05,P0042,2.0,28.54
2026-04-05,P0044,1.0,11.65
2026-04-05,P0045,1.0,13.11
2026-04-05,P0047,2.0,14.04
2026-04-05,P0048,1.0,4.08
2026-04-05,P0049,1.0,1.85
2026-04-05,P0050,1.0,0.68
2026-04-05,P0052,3.0,1.77
2026-04-05,P0053,1.0,1.13
2026-04-05,P0056,2.0,8.16
2026-04-05,P0057,2.0,6.94
2026-04-05,P0058,1.0,3.5
2026-04-05,P0062,1.0,2.69
2026-04-05,P0063,2.0,4.92
2026-04-05,P0064,2.0,8.48
2026-04-05,P0065,2.0,6.08
2026-04-05,P0066,3.0,14.58
2026-04-05,P0067,2.0,2.0
2026-04-05,P0069,1.0,4.67
2026-04-05,P0072,1.0,1.99
2026-04-05,P0073,2.0,7.98
2026-04-05,P0078,6.0,6.84
2026-04-05,P0080,2.0,4.0
2026-04-05,P0081,6.0,32.52
2026-04-05,P0082,1.0,4.31
2026-04-05,P0084,1.0,2.24
2026-04-05,P0087,1.0,1.17
2026-04-05,P0089,1.0,0.68
2026-04-05,P0091,5.0,17.15
2026-04-05,P0094,1.0,0.72
2026-04-05,P0097,2.0,2.24
2026-04-05,P0101,1.0,0.18
2026-04-05,P0103,1.0,2.37
2026-04-05,P0104,3.0,9.15
2026-04-05,P0105,6.0,8.76
2026-04-05,P0110,3.0,11.73
2026-04-05,P0112,3.0,11.7
2026-04-05,P0117,1.0,5.4
2026-04-05,P0118,1.0,4.49
2026-04-05,P0119,1.0,3.32
2026-04-05,P0122,2.0,6.04
2026-04-05,P0123,2.0,7.24
2026-04-05,P0124,2.0,4.74
2026-04-05,P0125,1.0,4.5
2026-04-05,P0126,1.0,2.19
2026-04-05,P0127,2.0,3.04
2026-04-05,P0128,4.0,5.84
2026-04-06,P0001,2.0,4.86
2026-04-06,P0003,2.0,5.96
2026-04-06,P0007,1.0,2.07
2026-04-06,P0009,1.0,2.76
2026-04-06,P0011,1.0,2.62
2026-04-06,P0023,1.0,2.87
2026-04-06,P0025,5.0,15.45
2026-04-06,P0026,2.0,2.78
2026-04-06,P0027,2.0,2.58
2026-04-06,P0028,4.0,9.68
2026-04-06,P0029,2.0,7.6
2026-04-06,P0031,2.0,1.86
2026-04-06,P0035,2.0,24.76
2026-04-06,P0037,3.0,14.28
2026-04-06,P0047,1.0,7.02
2026-04-06,P0048,1.0,4.08
2026-04-06,P0051,2.0,7.6
2026-04-06,P0052,2.0,1.18
2026-04-06,P0055,1.0,1.27
2026-04-06,P0056,3.0,12.24
2026-04-06,P0057,2.0,6.94
2026-04-06,P0061,1.0,2.31
2026-04-06,P0063,2.0,4.92
2026-04-06,P0064,2.0,8.48
2026-04-06,P0065,1.0,3.04
2026-04-06,P0066,3.0,14.58
2026-04-06,P0070,1.0,1.65
2026-04-06,P0072,2.0,3.98
2026-04-06,P0074,2.0,1.98
2026-04-06,P0077,2.0,1.02
2026-04-06,P0078,6.0,6.84
2026-04-06,P0081,6.0,32.52
2026-04-06,P0084,3.0,6.72
2026-04-06,P0086,1.0,3.25
2026-04-06,P0087,1.0,1.17
2026-04-06,P0089,1.0,0.68
2026-04-06,P0091,4.0,13.72
2026-04-06,P0094,1.0,0.72
2026-04-06,P0096,2.0,6.1
2026-04-06,P0097,1.0,1.12
2026-04-06,P0100,1.0,0.23
2026-04-06,P0101,3.0,0.54
2026-04-06,P0104,2.0,6.1
2026-04-06,P0105,5.0,7.3
2026-04-06,P0110,1.0,3.91
2026-04-06,P0112,1.0,3.9
2026-04-06,P0117,3.0,16.2
2026-04-06,P0119,1.0,3.32
2026-04-06,P0121,1.0,9.44
2026-04-06,P0122,1.0,3.02
2026-04-06,P0123,2.0,7.24
2026-04-06,P0124,1.0,2.37
2026-04-06,P0125,2.0,9.0
2026-04-06,P0128,1.0,1.46
2026-04-07,P0001,4.0,9.72
2026-04-07,P0003,1.0,2.98
2026-04-07,P0006,2.0,0.78
2026-04-07,P0010,1.0,2.57
2026-04-07,P0014,1.0,2.05
2026-04-07,P0021,1.0,0.52
2026-04-07,P0022,1.0,2.67
2026-04-07,P0023,1.0,2.87
2026-04-07,P0025,2.0,6.18
2026-04-07,P0026,1.0,1.39
2026-04-07,P0027,2.0,2.58
2026-04-07,P0028,4.0,9.68
2026-04-07,P0030,1.0,2.14
2026-04-07,P0031,2.0,1.86
2026-04-07,P0035,1.0,12.38
2026-04-07,P0036,1.0,9.19
2026-04-07,P0037,1.0,4.76
2026-04-07,P0038,1.0,4.95
2026-04-07,P0039,1.0,9.08
2026-04-07,P0041,1.0,9.61
2026-04-07,P0042,1.0,14.27
2026-04-07,P0044,1.0,11.65
2026-04-07,P0045,1.0,13.11
2026-04-07,P0046,2.0,15.36
2026-04-07,P0048,1.0,4.08
2026-04-07,P0049,1.0,1.85
2026-04-07,P0050,1.0,0.68
2026-04-07,P0051,1.0,3.8
2026-04-07,P0053,1.0,1.13
2026-04-07,P0054,1.0,1.06
2026-04-07,P0056,1.0,4.08
2026-04-07,P0058,1.0,3.5
2026-04-07,P0059,1.0,0.59
2026-04-07,P0061,1.0,2.31
2026-04-07,P0062,1.0,2.69
2026-04-07,P0063,4.0,9.84
2026-04-07,P0064,2.0,8.48
2026-04-07,P0065,1.0,3.04
2026-04-07,P0066,2.0,9.72
2026-04-07,P0070,1.0,1.65
2026-04-07,P0072,1.0,1.99
2026-04-07,P0076,1.0,1.98
2026-04-07,P0078,6.0,6.84
2026-04-07,P0080,1.0,2.0
2026-04-07,P0081,6.0,32.52
2026-04-07,P0082,1.0,4.31
2026-04-07,P0084,2.0,4.48
2026-04-07,P0087,1.0,1.17
2026-04-07,P0091,6.0,20.58
2026-04-07,P0094,1.0,0.72
2026-04-07,P0095,1.0,3.6
2026-04-07,P0097,3.0,3.36
2026-04-07,P0098,1.0,0.45
2026-04-07,P0101,2.0,0.36
2026-04-07,P0103,1.0,2.37
2026-04-07,P0104,1.0,3.05
2026-04-07,P0105,6.0,8.76
2026-04-07,P0112,2.0,7.8
2026-04-07,P0113,1.0,3.35
2026-04-07,P0115,1.0,1.96
2026-04-07,P0116,2.0,4.36
2026-04-07,P0117,1.0,5.4
2026-04-07,P0119,1.0,3.32
2026-04-07,P0120,1.0,8.84
2026-04-07,P0121,1.0,9.44
2026-04-07,P0122,1.0,3.02
2026-04-07,P0124,2.0,4.74
2026-04-07,P0127,1.0,1.52
2026-04-07,P0128,1.0,1.46
2026-04-08,P0001,1.0,2.43
2026-04-08,P0002,1.0,0.48
2026-04-08,P0006,1.0,0.39
2026-04-08,P0014,2.0,4.1
2026-04-08,P0015,1.0,1.5
2026-04-08,P0016,1.0,1.66
2026-04-08,P0017,1.0,3.18
2026-04-08,P0020,2.0,2.9
2026-04-08,P0025,4.0,12.36
2026-04-08,P0026,3.0,4.17
2026-04-08,P0028,4.0,9.68
2026-04-08,P0029,2.0,7.6
2026-04-08,P0031,1.0,0.93
2026-04-08,P0032,1.0,1.03
2026-04-08,P0033,1.0,2.95
2026-04-08,P0037,1.0,4.76
2026-04-08,P0039,1.0,9.08
2026-04-08,P0041,1.0,9.61
2026-04-08,P0043,1.0,8.55
2026-04-08,P0046,1.0,7.68
2026-04-08,P0048,1.0,4.08
2026-04-08,P0049,3.0,5.55
2026-04-08,P0051,1.0,3.8
2026-04-08,P0052,1.0,0.59
2026-04-08,P0055,2.0,2.54
2026-04-08,P0056,1.0,4.08
2026-04-08,P0057,1.0,3.47
2026-04-08,P0059,2.0,1.18
2026-04-08,P0061,3.0,6.93
2026-04-08,P0063,1.0,2.46
2026-04-08,P0064,4.0,16.96
2026-04-08,P0067,1.0,1.0
2026-04-08,P0069,1.0,4.67
2026-04-08,P0072,1.0,1.99
2026-04-08,P0075,2.0,10.84
2026-04-08,P0076,1.0,1.98
2026-04-08,P0078,6.0,6.84
2026-04-08,P0081,6.0,32.52
2026-04-08,P0082,1.0,4.31
2026-04-08,P0084,3.0,6.72
2026-04-08,P0085,1.0,1.47
2026-04-08,P0087,1.0,1.17
2026-04-08,P0088,1.0,1.83
2026-04-08,P0089,1.0,0.68
2026-04-08,P0091,4.0,13.72
2026-04-08,P0093,1.0,3.5
2026-04-08,P0097,2.0,2.24
2026-04-08,P0099,1.0,0.24
2026-04-08,P0101,2.0,0.36
2026-04-08,P0102,1.0,1.18
2026-04-08,P0104,2.0,6.1
2026-04-08,P0105,6.0,8.76
2026-04-08,P0106,1.0,1.13
2026-04-08,P0109,1.0,1.89
2026-04-08,P0112,2.0,7.8
2026-04-08,P0117,1.0,5.4
2026-04-08,P0119,1.0,3.32
2026-04-08,P0121,2.0,18.88
2026-04-08,P0123,2.0,7.24
2026-04-08,P0124,2.0,4.74
2026-04-08,P0125,3.0,13.5
2026-04-08,P0126,1.0,2.19
2026-04-08,P0127,1.0,1.52
2026-04-09,P0001,4.0,9.72
2026-04-09,P0004,1.0,3.08
2026-04-09,P0012,1.0,2.46
2026-04-09,P0013,1.0,2.78
2026-04-09,P0014,1.0,2.05
2026-04-09,P0016,2.0,3.32
2026-04-09,P0021,1.0,0.52
2026-04-09,P0025,3.0,9.27
2026-04-09,P0026,2.0,2.78
2026-04-09,P0027,3.0,3.87
2026-04-09,P0028,5.0,12.1
2026-04-09,P0029,1.0,3.8
2026-04-09,P0031,1.0,0.93
2026-04-09,P0035,1.0,12.38
2026-04-09,P0038,2.0,9.9
2026-04-09,P0045,2.0,26.22
2026-04-09,P0046,1.0,7.68
2026-04-09,P0047,2.0,14.04
2026-04-09,P0050,1.0,0.68
2026-04-09,P0051,2.0,7.6
2026-04-09,P0052,1.0,0.59
2026-04-09,P0055,2.0,2.54
2026-04-09,P0056,3.0,12.24
2026-04-09,P0057,2.0,6.94
2026-04-09,P0058,1.0,3.5
2026-04-09,P0063,2.0,4.92
2026-04-09,P0064,4.0,16.96
2026-04-09,P0065,1.0,3.04
2026-04-09,P0066,3.0,14.58
2026-04-09,P0067,1.0,1.0
2026-04-09,P0070,2.0,3.3
2026-04-09,P0077,1.0,0.51
2026-04-09,P0078,6.0,6.84
2026-04-09,P0079,1.0,5.17
2026-04-09,P0081,6.0,32.52
2026-04-09,P0082,2.0,8.62
2026-04-09,P0086,1.0,3.25
2026-04-09,P0089,1.0,0.68
2026-04-09,P0091,6.0,20.58
2026-04-09,P0093,1.0,3.5
2026-04-09,P0094,2.0,1.44
2026-04-09,P0098,1.0,0.45
2026-04-09,P0099,1.0,0.24
2026-04-09,P0100,1.0,0.23
2026-04-09,P0104,4.0,12.2
2026-04-09,P0105,6.0,8.76
2026-04-09,P0106,1.0,1.13
2026-04-09,P0108,1.0,2.16
2026-04-09,P0112,2.0,7.8
2026-04-09,P0113,1.0,3.35
2026-04-09,P0114,1.0,1.85
2026-04-09,P0117,1.0,5.4
2026-04-09,P0120,1.0,8.84
2026-04-09,P0121,4.0,37.76
2026-04-09,P0123,1.0,3.62
2026-04-09,P0124,2.0,4.74
2026-04-09,P0126,1.0,2.19
2026-04-09,P0127,1.0,1.52
2026-04-09,P0128,3.0,4.38
2026-04-10,P0003,2.0,5.96
2026-04-10,P0007,1.0,2.07
2026-04-10,P0012,2.0,4.92
2026-04-10,P0014,1.0,2.05
2026-04-10,P0015,3.0,4.5
2026-04-10,P0016,1.0,1.66
2026-04-10,P0017,1.0,3.18
2026-04-10,P0020,1.0,1.45
2026-04-10,P0025,6.0,18.54
2026-04-10,P0027,5.0,6.45
2026-04-10,P0028,6.0,14.52
2026-04-10,P0029,1.0,3.8
2026-04-10,P0031,2.0,1.86
2026-04-10,P0032,2.0,2.06
2026-04-10,P0033,1.0,2.95
2026-04-10,P0035,1.0,12.38
2026-04-10,P0037,1.0,4.76
2026-04-10,P0045,1.0,13.11
2026-04-10,P0047,2.0,14.04
2026-04-10,P0049,1.0,1.85
2026-04-10,P0050,1.0,0.68
2026-04-10,P0051,5.0,19.0
2026-04-10,P0052,2.0,1.18
2026-04-10,P0056,3.0,12.24
2026-04-10,P0057,2.0,6.94
2026-04-10,P0058,1.0,3.5
2026-04-10,P0061,2.0,4.62
2026-04-10,P0063,3.0,7.38
2026-04-10,P0064,4.0,16.96
2026-04-10,P0066,4.0,19.44
2026-04-10,P0067,2.0,2.0
2026-04-10,P0069,1.0,4.67
2026-04-10,P0070,1.0,1.65
2026-04-10,P0072,2.0,3.98
2026-04-10,P0073,1.0,3.99
2026-04-10,P0078,6.0,6.84
2026-04-10,P0081,6.0,32.52
2026-04-10,P0082,2.0,8.62
2026-04-10,P0083,1.0,1.26
2026-04-10,P0084,3.0,6.72
2026-04-10,P0085,1.0,1.47
2026-04-10,P0089,1.0,0.68
2026-04-10,P0091,6.0,20.58
2026-04-10,P0094,2.0,1.44
2026-04-10,P0096,1.0,3.05
2026-04-10,P0097,2.0,2.24
2026-04-10,P0098,1.0,0.45
2026-04-10,P0101,4.0,0.72
2026-04-10,P0104,3.0,9.15
2026-04-10,P0105,6.0,8.76
2026-04-10,P0111,1.0,3.7
2026-04-10,P0113,1.0,3.35
2026-04-10,P0118,1.0,4.49
2026-04-10,P0119,1.0,3.32
2026-04-10,P0122,1.0,3.02
2026-04-10,P0123,1.0,3.62
2026-04-10,P0124,1.0,2.37
2026-04-10,P0125,1.0,4.5
2026-04-10,P0127,3.0,4.56
2026-04-10,P0128,2.0,2.92
2026-04-11,P0001,3.0,7.29
2026-04-11,P0003,1.0,2.98
2026-04-11,P0005,1.0,2.03
2026-04-11,P0007,1.0,2.07
2026-04-11,P0009,1.0,2.76
2026-04-11,P0010,1.0,2.57
2026-04-11,P0011,1.0,2.62
2026-04-11,P0012,1.0,2.46
2026-04-11,P0014,1.0,2.05
2026-04-11,P0015,1.0,1.5
2026-04-11,P0016,2.0,3.32
2026-04-11,P0017,1.0,3.18
2026-04-11,P0018,1.0,0.52
2026-04-11,P0019,1.0,0.19
2026-04-11,P0023,3.0,8.61
2026-04-11,P0025,6.0,18.54
2026-04-11,P0027,2.0,2.58
2026-04-11,P0028,6.0,14.52
2026-04-11,P0029,1.0,3.8
2026-04-11,P0030,1.0,2.14
2026-04-11,P0033,1.0,2.95
2026-04-11,P0034,1.0,9.5
2026-04-11,P0035,2.0,24.76
2026-04-11,P0042,1.0,14.27
2026-04-11,P0044,2.0,23.3
2026-04-11,P0047,2.0,14.04
2026-04-11,P0048,3.0,12.24
2026-04-11,P0049,1.0,1.85
2026-04-11,P0050,2.0,1.36
2026-04-11,P0051,4.0,15.2
2026-04-11,P0052,1.0,0.59
2026-04-11,P0053,1.0,1.13
2026-04-11,P0055,1.0,1.27
2026-04-11,P0056,2.0,8.16
2026-04-11,P0057,3.0,10.41
2026-04-11,P0058,1.0,3.5
2026-04-11,P0061,1.0,2.31
2026-04-11,P0063,3.0,7.38
2026-04-11,P0064,5.0,21.2
2026-04-11,P0065,3.0,9.12
2026-04-11,P0066,2.0,9.72
2026-04-11,P0067,4.0,4.0
2026-04-11,P0070,1.0,1.65
2026-04-11,P0072,1.0,1.99
2026-04-11,P0074,1.0,0.99
2026-04-11,P0075,1.0,5.42
2026-04-11,P0078,6.0,6.84
2026-04-11,P0079,1.0,5.17
2026-04-11,P0081,6.0,32.52
2026-04-11,P0082,2.0,8.62
2026-04-11,P0083,1.0,1.26
2026-04-11,P0084,4.0,8.96
2026-04-11,P0086,1.0,3.25
2026-04-11,P0090,1.0,3.69
2026-04-11,P0091,6.0,20.58
2026-04-11,P0094,1.0,0.72
2026-04-11,P0095,1.0,3.6
2026-04-11,P0097,3.0,3.36
2026-04-11,P0101,2.0,0.36
2026-04-11,P0103,2.0,4.74
2026-04-11,P0104,2.0,6.1
2026-04-11,P0105,6.0,8.76
2026-04-11,P0106,2.0,2.26
2026-04-11,P0108,1.0,2.16
2026-04-11,P0110,3.0,11.73
2026-04-11,P0112,2.0,7.8
2026-04-11,P0114,2.0,3.7
2026-04-11,P0117,2.0,10.8
2026-04-11,P0118,1.0,4.49
2026-04-11,P0119,1.0,3.32
2026-04-11,P0121,1.0,9.44
2026-04-11,P0122,2.0,6.04
2026-04-11,P0124,2.0,4.74
2026-04-11,P0125,2.0,9.0
2026-04-11,P0127,4.0,6.08
2026-04-11,P0128,3.0,4.38
2026-04-12,P0001,3.0,7.29
2026-04-12,P0003,1.0,2.98
2026-04-12,P0014,3.0,6.15
2026-04-12,P0015,2.0,3.0
2026-04-12,P0017,1.0,3.18
2026-04-12,P0018,1.0,0.52
2026-04-12,P0019,1.0,0.19
2026-04-12,P0023,2.0,5.74
2026-04-12,P0025,6.0,18.54
2026-04-12,P0026,1.0,1.39
2026-04-12,P0028,5.0,12.1
2026-04-12,P0031,2.0,1.86
2026-04-12,P0032,1.0,1.03
2026-04-12,P0033,1.0,2.95
2026-04-12,P0035,3.0,37.14
2026-04-12,P0039,2.0,18.16
2026-04-12,P0041,1.0,9.61
2026-04-12,P0042,1.0,14.27
2026-04-12,P0047,1.0,7.02
2026-04-12,P0048,1.0,4.08
2026-04-12,P0049,2.0,3.7
2026-04-12,P0051,2.0,7.6
2026-04-12,P0052,2.0,1.18
2026-04-12,P0055,1.0,1.27
2026-04-12,P0056,3.0,12.24
2026-04-12,P0057,2.0,6.94
2026-04-12,P0058,2.0,7.0
2026-04-12,P0060,1.0,4.1
2026-04-12,P0063,2.0,4.92
2026-04-12,P0064,6.0,25.44
2026-04-12,P0067,3.0,3.0
2026-04-12,P0070,2.0,3.3
2026-04-12,P0072,1.0,1.99
2026-04-12,P0073,1.0,3.99
2026-04-12,P0078,6.0,6.84
2026-04-12,P0080,1.0,2.0
2026-04-12,P0081,6.0,32.52
2026-04-12,P0082,1.0,4.31
2026-04-12,P0084,2.0,4.48
2026-04-12,P0089,1.0,0.68
2026-04-12,P0090,1.0,3.69
2026-04-12,P0091,4.0,13.72
2026-04-12,P0094,1.0,0.72
2026-04-12,P0097,2.0,2.24
2026-04-12,P0101,3.0,0.54
2026-04-12,P0104,3.0,9.15
2026-04-12,P0105,5.0,7.3
2026-04-12,P0109,1.0,1.89
2026-04-12,P0112,1.0,3.9
2026-04-12,P0115,1.0,1.96
2026-04-12,P0116,1.0,2.18
2026-04-12,P0117,1.0,5.4
2026-04-12,P0119,1.0,3.32
2026-04-12,P0120,1.0,8.84
2026-04-12,P0122,1.0,3.02
2026-04-12,P0123,1.0,3.62
2026-04-12,P0126,1.0,2.19
2026-04-12,P0127,1.0,1.52
2026-04-13,P0003,1.0,2.98
2026-04-13,P0004,2.0,6.16
2026-04-13,P0005,1.0,2.03
2026-04-13,P0010,1.0,2.57
2026-04-13,P0012,2.0,4.92
2026-04-13,P0014,1.0,2.05
2026-04-13,P0019,1.0,0.19
2026-04-13,P0022,1.0,2.67
2026-04-13,P0023,1.0,2.87
2026-04-13,P0025,4.0,12.36
2026-04-13,P0026,1.0,1.39
2026-04-13,P0028,2.0,4.84
2026-04-13,P0030,1.0,2.14
2026-04-13,P0031,1.0,0.93
2026-04-13,P0033,1.0,2.95
2026-04-13,P0048,1.0,4.08
2026-04-13,P0051,2.0,7.6
2026-04-13,P0052,1.0,0.59
2026-04-13,P0055,2.0,2.54
2026-04-13,P0057,1.0,3.47
2026-04-13,P0059,2.0,1.18
2026-04-13,P0061,1.0,2.31
2026-04-13,P0063,1.0,2.46
2026-04-13,P0064,5.0,21.2
2026-04-13,P0066,3.0,14.58
2026-04-13,P0067,2.0,2.0
2026-04-13,P0068,1.0,3.83
2026-04-13,P0069,1.0,4.67
2026-04-13,P0076,1.0,1.98
2026-04-13,P0078,6.0,6.84
2026-04-13,P0081,6.0,32.52
2026-04-13,P0084,2.0,4.48
2026-04-13,P0089,2.0,1.36
2026-04-13,P0091,5.0,17.15
2026-04-13,P0094,1.0,0.72
2026-04-13,P0095,1.0,3.6
2026-04-13,P0097,2.0,2.24
2026-04-13,P0099,1.0,0.24
2026-04-13,P0101,1.0,0.18
2026-04-13,P0103,1.0,2.37
2026-04-13,P0104,1.0,3.05
2026-04-13,P0105,6.0,8.76
2026-04-13,P0109,1.0,1.89
2026-04-13,P0110,1.0,3.91
2026-04-13,P0111,1.0,3.7
2026-04-13,P0115,1.0,1.96
2026-04-13,P0118,1.0,4.49
2026-04-13,P0119,1.0,3.32
2026-04-13,P0121,2.0,18.88
2026-04-13,P0122,2.0,6.04
2026-04-13,P0123,1.0,3.62
2026-04-13,P0124,1.0,2.37
2026-04-13,P0125,1.0,4.5
2026-04-14,P0001,1.0,2.43
2026-04-14,P0004,1.0,3.08
2026-04-14,P0006,1.0,0.39
2026-04-14,P0011,1.0,2.62
2026-04-14,P0015,3.0,4.5
2026-04-14,P0020,2.0,2.9
2026-04-14,P0021,1.0,0.52
2026-04-14,P0025,3.0,9.27
2026-04-14,P0026,2.0,2.78
2026-04-14,P0028,3.0,7.26
2026-04-14,P0029,1.0,3.8
2026-04-14,P0031,1.0,0.93
2026-04-14,P0035,2.0,24.76
2026-04-14,P0037,1.0,4.76
2026-04-14,P0038,1.0,4.95
2026-04-14,P0039,1.0,9.08
2026-04-14,P0044,1.0,11.65
2026-04-14,P0049,1.0,1.85
2026-04-14,P0051,2.0,7.6
2026-04-14,P0052,2.0,1.18
2026-04-14,P0055,1.0,1.27
2026-04-14,P0056,2.0,8.16
2026-04-14,P0057,2.0,6.94
2026-04-14,P0058,2.0,7.0
2026-04-14,P0060,1.0,4.1
2026-04-14,P0063,2.0,4.92
2026-04-14,P0064,3.0,12.72
2026-04-14,P0066,3.0,14.58
2026-04-14,P0067,1.0,1.0
2026-04-14,P0075,1.0,5.42
2026-04-14,P0078,6.0,6.84
2026-04-14,P0080,2.0,4.0
2026-04-14,P0081,6.0,32.52
2026-04-14,P0084,2.0,4.48
2026-04-14,P0085,1.0,1.47
2026-04-14,P0090,1.0,3.69
2026-04-14,P0091,4.0,13.72
2026-04-14,P0094,1.0,0.72
2026-04-14,P0095,1.0,3.6
2026-04-14,P0096,1.0,3.05
2026-04-14,P0097,1.0,1.12
2026-04-14,P0098,1.0,0.45
2026-04-14,P0099,1.0,0.24
2026-04-14,P0104,1.0,3.05
2026-04-14,P0105,4.0,5.84
2026-04-14,P0109,2.0,3.78
2026-04-14,P0110,2.0,7.82
2026-04-14,P0112,2.0,7.8
2026-04-14,P0113,1.0,3.35
2026-04-14,P0115,1.0,1.96
2026-04-14,P0116,1.0,2.18
2026-04-14,P0117,1.0,5.4
2026-04-14,P0118,1.0,4.49
2026-04-14,P0124,1.0,2.37
2026-04-14,P0127,3.0,4.56
2026-04-14,P0128,3.0,4.38
2026-04-15,P0001,1.0,2.43
2026-04-15,P0011,1.0,2.62
2026-04-15,P0014,2.0,4.1
2026-04-15,P0015,1.0,1.5
2026-04-15,P0016,1.0,1.66
2026-04-15,P0018,1.0,0.52
2026-04-15,P0020,1.0,1.45
2026-04-15,P0022,1.0,2.67
2026-04-15,P0023,1.0,2.87
2026-04-15,P0025,4.0,12.36
2026-04-15,P0026,1.0,1.39
2026-04-15,P0027,3.0,3.87
2026-04-15,P0028,4.0,9.68
2026-04-15,P0029,1.0,3.8
2026-04-15,P0031,1.0,0.93
2026-04-15,P0032,2.0,2.06
2026-04-15,P0035,1.0,12.38
2026-04-15,P0039,1.0,9.08
2026-04-15,P0045,1.0,13.11
2026-04-15,P0047,1.0,7.02
2026-04-15,P0048,2.0,8.16
2026-04-15,P0049,1.0,1.85
2026-04-15,P0050,1.0,0.68
2026-04-15,P0051,5.0,19.0
2026-04-15,P0055,1.0,1.27
2026-04-15,P0056,2.0,8.16
2026-04-15,P0058,1.0,3.5
2026-04-15,P0059,2.0,1.18
2026-04-15,P0061,1.0,2.31
2026-04-15,P0063,1.0,2.46
2026-04-15,P0064,3.0,12.72
2026-04-15,P0066,1.0,4.86
2026-04-15,P0067,1.0,1.0
2026-04-15,P0071,1.0,2.94
2026-04-15,P0073,2.0,7.98
2026-04-15,P0075,2.0,10.84
2026-04-15,P0076,1.0,1.98
2026-04-15,P0077,1.0,0.51
2026-04-15,P0078,6.0,6.84
2026-04-15,P0079,1.0,5.17
2026-04-15,P0080,1.0,2.0
2026-04-15,P0081,6.0,32.52
2026-04-15,P0084,2.0,4.48
2026-04-15,P0088,2.0,3.66
2026-04-15,P0089,1.0,0.68
2026-04-15,P0091,5.0,17.15
2026-04-15,P0094,2.0,1.44
2026-04-15,P0095,1.0,3.6
2026-04-15,P0097,1.0,1.12
2026-04-15,P0100,1.0,0.23
2026-04-15,P0101,1.0,0.18
2026-04-15,P0104,1.0,3.05
2026-04-15,P0105,6.0,8.76
2026-04-15,P0107,1.0,3.48
2026-04-15,P0110,3.0,11.73
2026-04-15,P0112,2.0,7.8
2026-04-15,P0113,2.0,6.7
2026-04-15,P0114,1.0,1.85
2026-04-15,P0116,1.0,2.18
2026-04-15,P0119,1.0,3.32
2026-04-15,P0121,2.0,18.88
2026-04-15,P0122,2.0,6.04
2026-04-15,P0124,2.0,4.74
2026-04-15,P0127,1.0,1.52
2026-04-15,P0128,3.0,4.38
2026-04-16,P0001,3.0,7.29
2026-04-16,P0003,1.0,2.98
2026-04-16,P0006,1.0,0.39
2026-04-16,P0007,1.0,2.07
2026-04-16,P0012,1.0,2.46
2026-04-16,P0015,1.0,1.5
2026-04-16,P0016,1.0,1.66
2026-04-16,P0023,1.0,2.87
2026-04-16,P0025,4.0,12.36
2026-04-16,P0026,2.0,2.78
2026-04-16,P0027,1.0,1.29
2026-04-16,P0028,5.0,12.1
2026-04-16,P0032,2.0,2.06
2026-04-16,P0033,1.0,2.95
2026-04-16,P0035,1.0,12.38
2026-04-16,P0037,1.0,4.76
2026-04-16,P0038,1.0,4.95
2026-04-16,P0039,1.0,9.08
2026-04-16,P0045,1.0,13.11
2026-04-16,P0046,1.0,7.68
2026-04-16,P0048,1.0,4.08
2026-04-16,P0049,1.0,1.85
2026-04-16,P0050,1.0,0.68
2026-04-16,P0051,1.0,3.8
2026-04-16,P0052,1.0,0.59
2026-04-16,P0057,3.0,10.41
2026-04-16,P0059,2.0,1.18
2026-04-16,P0063,3.0,7.38
2026-04-16,P0064,3.0,12.72
2026-04-16,P0065,1.0,3.04
2026-04-16,P0067,2.0,2.0
2026-04-16,P0069,1.0,4.67
2026-04-16,P0072,2.0,3.98
2026-04-16,P0076,1.0,1.98
2026-04-16,P0078,6.0,6.84
2026-04-16,P0080,1.0,2.0
2026-04-16,P0081,6.0,32.52
2026-04-16,P0082,1.0,4.31
2026-04-16,P0083,1.0,1.26
2026-04-16,P0084,1.0,2.24
2026-04-16,P0085,1.0,1.47
2026-04-16,P0086,1.0,3.25
2026-04-16,P0089,1.0,0.68
2026-04-16,P0091,5.0,17.15
2026-04-16,P0094,1.0,0.72
2026-04-16,P0095,1.0,3.6
2026-04-16,P0096,1.0,3.05
2026-04-16,P0097,1.0,1.12
2026-04-16,P0104,2.0,6.1
2026-04-16,P0105,6.0,8.76
2026-04-16,P0106,1.0,1.13
2026-04-16,P0110,1.0,3.91
2026-04-16,P0111,1.0,3.7
2026-04-16,P0112,3.0,11.7
2026-04-16,P0115,1.0,1.96
2026-04-16,P0117,2.0,10.8
2026-04-16,P0118,1.0,4.49
2026-04-16,P0121,1.0,9.44
2026-04-16,P0122,1.0,3.02
2026-04-16,P0124,1.0,2.37
2026-04-16,P0127,2.0,3.04
2026-04-16,P0128,1.0,1.46
2026-04-17,P0001,1.0,2.43
2026-04-17,P0003,1.0,2.98
2026-04-17,P0007,1.0,2.07
2026-04-17,P0008,1.0,1.84
2026-04-17,P0009,1.0,2.76
2026-04-17,P0012,1.0,2.46
2026-04-17,P0014,2.0,4.1
2026-04-17,P0017,1.0,3.18
2026-04-17,P0020,1.0,1.45
2026-04-17,P0021,2.0,1.04
2026-04-17,P0023,1.0,2.87
2026-04-17,P0025,5.0,15.45
2026-04-17,P0026,2.0,2.78
2026-04-17,P0028,6.0,14.52
2026-04-17,P0030,1.0,2.14
2026-04-17,P0031,1.0,0.93
2026-04-17,P0035,4.0,49.52
2026-04-17,P0039,2.0,18.16
2026-04-17,P0042,1.0,14.27
2026-04-17,P0044,1.0,11.65
2026-04-17,P0045,1.0,13.11
2026-04-17,P0047,2.0,14.04
2026-04-17,P0048,2.0,8.16
2026-04-17,P0049,1.0,1.85
2026-04-17,P0050,1.0,0.68
2026-04-17,P0051,3.0,11.4
2026-04-17,P0052,1.0,0.59
2026-04-17,P0055,1.0,1.27
2026-04-17,P0056,4.0,16.32
2026-04-17,P0057,1.0,3.47
2026-04-17,P0059,1.0,0.59
2026-04-17,P0061,3.0,6.93
2026-04-17,P0063,5.0,12.3
2026-04-17,P0064,4.0,16.96
2026-04-17,P0065,3.0,9.12
2026-04-17,P0066,2.0,9.72
2026-04-17,P0070,2.0,3.3
2026-04-17,P0078,6.0,6.84
2026-04-17,P0080,1.0,2.0
2026-04-17,P0081,6.0,32.52
2026-04-17,P0083,1.0,1.26
2026-04-17,P0088,1.0,1.83
2026-04-17,P0091,6.0,20.58
2026-04-17,P0093,1.0,3.5
2026-04-17,P0094,1.0,0.72
2026-04-17,P0096,1.0,3.05
2026-04-17,P0097,1.0,1.12
2026-04-17,P0098,2.0,0.9
2026-04-17,P0099,1.0,0.24
2026-04-17,P0101,4.0,0.72
2026-04-17,P0102,1.0,1.18
2026-04-17,P0104,3.0,9.15
2026-04-17,P0105,6.0,8.76
2026-04-17,P0106,1.0,1.13
2026-04-17,P0108,1.0,2.16
2026-04-17,P0109,1.0,1.89
2026-04-17,P0110,2.0,7.82
2026-04-17,P0112,1.0,3.9
2026-04-17,P0115,1.0,1.96
2026-04-17,P0116,2.0,4.36
2026-04-17,P0117,2.0,10.8
2026-04-17,P0118,1.0,4.49
2026-04-17,P0121,4.0,37.76
2026-04-17,P0122,3.0,9.06
2026-04-17,P0123,1.0,3.62
2026-04-17,P0124,1.0,2.37
2026-04-17,P0127,3.0,4.56
2026-04-17,P0128,2.0,2.92
2026-04-18,P0001,4.0,9.72
2026-04-18,P0003,2.0,5.96
2026-04-18,P0005,2.0,4.06
2026-04-18,P0006,1.0,0.39
2026-04-18,P0007,1.0,2.07
2026-04-18,P0008,1.0,1.84
2026-04-18,P0011,1.0,2.62
2026-04-18,P0013,1.0,2.78
2026-04-18,P0014,1.0,2.05
2026-04-18,P0015,1.0,1.5
2026-04-18,P0016,1.0,1.66
2026-04-18,P0018,2.0,1.04
2026-04-18,P0019,1.0,0.19
2026-04-18,P0020,1.0,1.45
2026-04-18,P0021,1.0,0.52
2026-04-18,P0022,1.0,2.67
2026-04-18,P0025,6.0,18.54
2026-04-18,P0026,2.0,2.78
2026-04-18,P0027,2.0,2.58
2026-04-18,P0028,6.0,14.52
2026-04-18,P0030,2.0,4.28
2026-04-18,P0031,1.0,0.93
2026-04-18,P0033,2.0,5.9
2026-04-18,P0035,3.0,37.14
2026-04-18,P0036,1.0,9.19
2026-04-18,P0037,1.0,4.76
2026-04-18,P0038,1.0,4.95
2026-04-18,P0039,1.0,9.08
2026-04-18,P0041,1.0,9.61
2026-04-18,P0045,2.0,26.22
2026-04-18,P0049,1.0,1.85
2026-04-18,P0050,2.0,1.36
2026-04-18,P0051,4.0,15.2
2026-04-18,P0052,3.0,1.77
2026-04-18,P0055,1.0,1.27
2026-04-18,P0056,1.0,4.08
2026-04-18,P0057,3.0,10.41
2026-04-18,P0058,2.0,7.0
2026-04-18,P0059,2.0,1.18
2026-04-18,P0061,3.0,6.93
2026-04-18,P0062,3.0,8.07
2026-04-18,P0063,2.0,4.92
2026-04-18,P0064,4.0,16.96
2026-04-18,P0065,2.0,6.08
2026-04-18,P0066,3.0,14.58
2026-04-18,P0067,4.0,4.0
2026-04-18,P0072,1.0,1.99
2026-04-18,P0073,2.0,7.98
2026-04-18,P0076,1.0,1.98
2026-04-18,P0078,6.0,6.84
2026-04-18,P0081,6.0,32.52
2026-04-18,P0082,1.0,4.31
2026-04-18,P0084,3.0,6.72
2026-04-18,P0086,1.0,3.25
2026-04-18,P0089,1.0,0.68
2026-04-18,P0091,6.0,20.58
2026-04-18,P0093,1.0,3.5
2026-04-18,P0094,3.0,2.16
2026-04-18,P0096,1.0,3.05
2026-04-18,P0097,3.0,3.36
2026-04-18,P0098,2.0,0.9
2026-04-18,P0103,1.0,2.37
2026-04-18,P0104,3.0,9.15
2026-04-18,P0105,6.0,8.76
2026-04-18,P0108,1.0,2.16
2026-04-18,P0111,1.0,3.7
2026-04-18,P0112,2.0,7.8
2026-04-18,P0115,1.0,1.96
2026-04-18,P0116,1.0,2.18
2026-04-18,P0117,2.0,10.8
2026-04-18,P0118,1.0,4.49
2026-04-18,P0120,1.0,8.84
2026-04-18,P0121,2.0,18.88
2026-04-18,P0122,3.0,9.06
2026-04-18,P0123,2.0,7.24
2026-04-18,P0124,1.0,2.37
2026-04-18,P0125,2.0,9.0
2026-04-18,P0127,2.0,3.04
2026-04-18,P0128,2.0,2.92
2026-04-19,P0004,1.0,3.08
2026-04-19,P0010,1.0,2.57
2026-04-19,P0012,1.0,2.46
2026-04-19,P0014,2.0,4.1
2026-04-19,P0017,1.0,3.18
2026-04-19,P0018,1.0,0.52
2026-04-19,P0020,1.0,1.45
2026-04-19,P0022,1.0,2.67
2026-04-19,P0023,1.0,2.87
2026-04-19,P0024,1.0,2.05
2026-04-19,P0025,4.0,12.36
2026-04-19,P0026,2.0,2.78
2026-04-19,P0027,2.0,2.58
2026-04-19,P0028,5.0,12.1
2026-04-19,P0029,2.0,7.6
2026-04-19,P0031,1.0,0.93
2026-04-19,P0035,2.0,24.76
2026-04-19,P0037,2.0,9.52
2026-04-19,P0042,1.0,14.27
2026-04-19,P0044,1.0,11.65
2026-04-19,P0045,2.0,26.22
2026-04-19,P0046,1.0,7.68
2026-04-19,P0048,1.0,4.08
2026-04-19,P0051,1.0,3.8
2026-04-19,P0052,1.0,0.59
2026-04-19,P0055,3.0,3.81
2026-04-19,P0056,2.0,8.16
2026-04-19,P0057,4.0,13.88
2026-04-19,P0059,1.0,0.59
2026-04-19,P0061,2.0,4.62
2026-04-19,P0063,5.0,12.3
2026-04-19,P0064,4.0,16.96
2026-04-19,P0065,2.0,6.08
2026-04-19,P0066,1.0,4.86
2026-04-19,P0068,1.0,3.83
2026-04-19,P0069,1.0,4.67
2026-04-19,P0070,1.0,1.65
2026-04-19,P0075,1.0,5.42
2026-04-19,P0077,1.0,0.51
2026-04-19,P0078,6.0,6.84
2026-04-19,P0079,1.0,5.17
2026-04-19,P0080,1.0,2.0
2026-04-19,P0081,6.0,32.52
2026-04-19,P0082,1.0,4.31
2026-04-19,P0084,2.0,4.48
2026-04-19,P0086,2.0,6.5
2026-04-19,P0089,1.0,0.68
2026-04-19,P0091,6.0,20.58
2026-04-19,P0094,1.0,0.72
2026-04-19,P0097,2.0,2.24
2026-04-19,P0100,1.0,0.23
2026-04-19,P0101,3.0,0.54
2026-04-19,P0104,1.0,3.05
2026-04-19,P0105,6.0,8.76
2026-04-19,P0106,1.0,1.13
2026-04-19,P0109,1.0,1.89
2026-04-19,P0111,1.0,3.7
2026-04-19,P0112,1.0,3.9
2026-04-19,P0119,1.0,3.32
2026-04-19,P0121,2.0,18.88
2026-04-19,P0122,1.0,3.02
2026-04-19,P0123,2.0,7.24
2026-04-19,P0124,1.0,2.37
2026-04-19,P0125,1.0,4.5
2026-04-19,P0127,2.0,3.04
2026-04-19,P0128,2.0,2.92
2026-04-20,P0001,1.0,2.43
2026-04-20,P0003,1.0,2.98
2026-04-20,P0005,1.0,2.03
2026-04-20,P0011,1.0,2.62
2026-04-20,P0015,2.0,3.0
2026-04-20,P0018,1.0,0.52
2026-04-20,P0023,1.0,2.87
2026-04-20,P0025,5.0,15.45
2026-04-20,P0026,2.0,2.78
2026-04-20,P0027,2.0,2.58
2026-04-20,P0028,4.0,9.68
2026-04-20,P0029,2.0,7.6
2026-04-20,P0030,1.0,2.14
2026-04-20,P0031,2.0,1.86
2026-04-20,P0035,2.0,24.76
2026-04-20,P0037,1.0,4.76
2026-04-20,P0045,1.0,13.11
2026-04-20,P0048,1.0,4.08
2026-04-20,P0049,2.0,3.7
2026-04-20,P0050,2.0,1.36
2026-04-20,P0051,2.0,7.6
2026-04-20,P0052,1.0,0.59
2026-04-20,P0056,1.0,4.08
2026-04-20,P0057,1.0,3.47
2026-04-20,P0059,1.0,0.59
2026-04-20,P0061,1.0,2.31
2026-04-20,P0062,1.0,2.69
2026-04-20,P0063,3.0,7.38
2026-04-20,P0064,5.0,21.2
2026-04-20,P0065,3.0,9.12
2026-04-20,P0066,2.0,9.72
2026-04-20,P0067,2.0,2.0
2026-04-20,P0068,2.0,7.66
2026-04-20,P0073,1.0,3.99
2026-04-20,P0076,1.0,1.98
2026-04-20,P0077,2.0,1.02
2026-04-20,P0078,6.0,6.84
2026-04-20,P0080,1.0,2.0
2026-04-20,P0081,6.0,32.52
2026-04-20,P0082,1.0,4.31
2026-04-20,P0084,1.0,2.24
2026-04-20,P0085,1.0,1.47
2026-04-20,P0087,1.0,1.17
2026-04-20,P0089,1.0,0.68
2026-04-20,P0090,1.0,3.69
2026-04-20,P0091,5.0,17.15
2026-04-20,P0094,1.0,0.72
2026-04-20,P0096,3.0,9.15
2026-04-20,P0097,5.0,5.6
2026-04-20,P0098,1.0,0.45
2026-04-20,P0100,2.0,0.46
2026-04-20,P0101,2.0,0.36
2026-04-20,P0104,3.0,9.15
2026-04-20,P0105,5.0,7.3
2026-04-20,P0117,1.0,5.4
2026-04-20,P0121,3.0,28.32
2026-04-20,P0122,2.0,6.04
2026-04-20,P0124,1.0,2.37
2026-04-20,P0127,2.0,3.04
2026-04-20,P0128,1.0,1.46
2026-04-21,P0001,1.0,2.43
2026-04-21,P0007,1.0,2.07
2026-04-21,P0014,3.0,6.15
2026-04-21,P0015,1.0,1.5
2026-04-21,P0023,2.0,5.74
2026-04-21,P0025,1.0,3.09
2026-04-21,P0026,1.0,1.39
2026-04-21,P0027,1.0,1.29
2026-04-21,P0028,4.0,9.68
2026-04-21,P0029,1.0,3.8
2026-04-21,P0031,2.0,1.86
2026-04-21,P0035,1.0,12.38
2026-04-21,P0037,1.0,4.76
2026-04-21,P0038,1.0,4.95
2026-04-21,P0039,1.0,9.08
2026-04-21,P0041,2.0,19.22
2026-04-21,P0045,1.0,13.11
2026-04-21,P0047,1.0,7.02
2026-04-21,P0050,2.0,1.36
2026-04-21,P0051,1.0,3.8
2026-04-21,P0052,1.0,0.59
2026-04-21,P0054,1.0,1.06
2026-04-21,P0055,1.0,1.27
2026-04-21,P0056,3.0,12.24
2026-04-21,P0057,3.0,10.41
2026-04-21,P0058,1.0,3.5
2026-04-21,P0059,1.0,0.59
2026-04-21,P0062,1.0,2.69
2026-04-21,P0063,4.0,9.84
2026-04-21,P0064,3.0,12.72
2026-04-21,P0065,2.0,6.08
2026-04-21,P0066,1.0,4.86
2026-04-21,P0067,1.0,1.0
2026-04-21,P0072,1.0,1.99
2026-04-21,P0077,1.0,0.51
2026-04-21,P0078,6.0,6.84
2026-04-21,P0080,1.0,2.0
2026-04-21,P0081,6.0,32.52
2026-04-21,P0082,1.0,4.31
2026-04-21,P0085,2.0,2.94
2026-04-21,P0088,1.0,1.83
2026-04-21,P0091,4.0,13.72
2026-04-21,P0094,2.0,1.44
2026-04-21,P0095,1.0,3.6
2026-04-21,P0098,1.0,0.45
2026-04-21,P0103,1.0,2.37
2026-04-21,P0104,1.0,3.05
2026-04-21,P0105,3.0,4.38
2026-04-21,P0117,1.0,5.4
2026-04-21,P0121,1.0,9.44
2026-04-21,P0122,3.0,9.06
2026-04-21,P0123,3.0,10.86
2026-04-21,P0124,2.0,4.74
2026-04-21,P0127,3.0,4.56
2026-04-21,P0128,1.0,1.46
2026-04-22,P0001,2.0,4.86
2026-04-22,P0004,1.0,3.08
2026-04-22,P0006,1.0,0.39
2026-04-22,P0011,1.0,2.62
2026-04-22,P0015,1.0,1.5
2026-04-22,P0016,1.0,1.66
2026-04-22,P0022,1.0,2.67
2026-04-22,P0023,2.0,5.74
2026-04-22,P0025,3.0,9.27
2026-04-22,P0027,2.0,2.58
2026-04-22,P0028,3.0,7.26
2026-04-22,P0029,3.0,11.4
2026-04-22,P0030,1.0,2.14
2026-04-22,P0031,1.0,0.93
2026-04-22,P0035,2.0,24.76
2026-04-22,P0041,1.0,9.61
2026-04-22,P0045,2.0,26.22
2026-04-22,P0046,1.0,7.68
2026-04-22,P0047,1.0,7.02
2026-04-22,P0048,1.0,4.08
2026-04-22,P0050,2.0,1.36
2026-04-22,P0052,2.0,1.18
2026-04-22,P0054,1.0,1.06
2026-04-22,P0059,1.0,0.59
2026-04-22,P0063,3.0,7.38
2026-04-22,P0064,3.0,12.72
2026-04-22,P0065,1.0,3.04
2026-04-22,P0066,2.0,9.72
2026-04-22,P0067,1.0,1.0
2026-04-22,P0074,1.0,0.99
2026-04-22,P0078,6.0,6.84
2026-04-22,P0081,6.0,32.52
2026-04-22,P0084,1.0,2.24
2026-04-22,P0087,1.0,1.17
2026-04-22,P0088,1.0,1.83
2026-04-22,P0089,1.0,0.68
2026-04-22,P0090,1.0,3.69
2026-04-22,P0091,6.0,20.58
2026-04-22,P0093,1.0,3.5
2026-04-22,P0097,2.0,2.24
2026-04-22,P0101,3.0,0.54
2026-04-22,P0103,1.0,2.37
2026-04-22,P0104,1.0,3.05
2026-04-22,P0105,5.0,7.3
2026-04-22,P0106,1.0,1.13
2026-04-22,P0109,1.0,1.89
2026-04-22,P0110,4.0,15.64
2026-04-22,P0112,1.0,3.9
2026-04-22,P0118,1.0,4.49
2026-04-22,P0121,3.0,28.32
2026-04-22,P0122,3.0,9.06
2026-04-22,P0123,2.0,7.24
2026-04-22,P0124,1.0,2.37
2026-04-22,P0127,1.0,1.52
2026-04-22,P0128,2.0,2.92
2026-04-23,P0001,4.0,9.72
2026-04-23,P0002,1.0,0.48
2026-04-23,P0004,2.0,6.16
2026-04-23,P0008,1.0,1.84
2026-04-23,P0012,1.0,2.46
2026-04-23,P0015,1.0,1.5
2026-04-23,P0017,1.0,3.18
2026-04-23,P0018,1.0,0.52
2026-04-23,P0023,1.0,2.87
2026-04-23,P0025,5.0,15.45
2026-04-23,P0026,1.0,1.39
2026-04-23,P0027,1.0,1.29
2026-04-23,P0028,6.0,14.52
2026-04-23,P0030,1.0,2.14
2026-04-23,P0037,1.0,4.76
2026-04-23,P0038,1.0,4.95
2026-04-23,P0040,1.0,10.55
2026-04-23,P0048,1.0,4.08
2026-04-23,P0049,1.0,1.85
2026-04-23,P0051,4.0,15.2
2026-04-23,P0052,2.0,1.18
2026-04-23,P0056,2.0,8.16
2026-04-23,P0058,2.0,7.0
2026-04-23,P0063,4.0,9.84
2026-04-23,P0064,5.0,21.2
2026-04-23,P0066,2.0,9.72
2026-04-23,P0067,5.0,5.0
2026-04-23,P0074,1.0,0.99
2026-04-23,P0076,1.0,1.98
2026-04-23,P0078,6.0,6.84
2026-04-23,P0079,2.0,10.34
2026-04-23,P0080,2.0,4.0
2026-04-23,P0081,6.0,32.52
2026-04-23,P0084,2.0,4.48
2026-04-23,P0089,1.0,0.68
2026-04-23,P0090,2.0,7.38
2026-04-23,P0091,4.0,13.72
2026-04-23,P0093,1.0,3.5
2026-04-23,P0094,1.0,0.72
2026-04-23,P0095,1.0,3.6
2026-04-23,P0097,3.0,3.36
2026-04-23,P0103,1.0,2.37
2026-04-23,P0104,1.0,3.05
2026-04-23,P0105,5.0,7.3
2026-04-23,P0110,4.0,15.64
2026-04-23,P0112,1.0,3.9
2026-04-23,P0115,1.0,1.96
2026-04-23,P0116,1.0,2.18
2026-04-23,P0118,2.0,8.98
2026-04-23,P0121,1.0,9.44
2026-04-23,P0122,2.0,6.04
2026-04-23,P0125,2.0,9.0
2026-04-24,P0001,1.0,2.43
2026-04-24,P0003,1.0,2.98
2026-04-24,P0007,1.0,2.07
2026-04-24,P0008,1.0,1.84
2026-04-24,P0009,1.0,2.76
2026-04-24,P0011,1.0,2.62
2026-04-24,P0014,2.0,4.1
2026-04-24,P0015,4.0,6.0
2026-04-24,P0016,1.0,1.66
2026-04-24,P0020,2.0,2.9
2026-04-24,P0025,6.0,18.54
2026-04-24,P0026,2.0,2.78
2026-04-24,P0027,3.0,3.87
2026-04-24,P0028,5.0,12.1
2026-04-24,P0029,1.0,3.8
2026-04-24,P0033,2.0,5.9
2026-04-24,P0035,3.0,37.14
2026-04-24,P0037,1.0,4.76
2026-04-24,P0038,1.0,4.95
2026-04-24,P0047,2.0,14.04
2026-04-24,P0048,1.0,4.08
2026-04-24,P0050,2.0,1.36
2026-04-24,P0051,1.0,3.8
2026-04-24,P0057,1.0,3.47
2026-04-24,P0058,1.0,3.5
2026-04-24,P0059,1.0,0.59
2026-04-24,P0061,2.0,4.62
2026-04-24,P0062,1.0,2.69
2026-04-24,P0063,4.0,9.84
2026-04-24,P0064,5.0,21.2
2026-04-24,P0065,5.0,15.2
2026-04-24,P0066,3.0,14.58
2026-04-24,P0067,1.0,1.0
2026-04-24,P0068,1.0,3.83
2026-04-24,P0070,1.0,1.65
2026-04-24,P0073,2.0,7.98
2026-04-24,P0076,2.0,3.96
2026-04-24,P0078,6.0,6.84
2026-04-24,P0081,6.0,32.52
2026-04-24,P0084,1.0,2.24
2026-04-24,P0086,2.0,6.5
2026-04-24,P0089,1.0,0.68
2026-04-24,P0091,6.0,20.58
2026-04-24,P0093,1.0,3.5
2026-04-24,P0094,2.0,1.44
2026-04-24,P0096,1.0,3.05
2026-04-24,P0097,2.0,2.24
2026-04-24,P0100,2.0,0.46
2026-04-24,P0101,3.0,0.54
2026-04-24,P0104,2.0,6.1
2026-04-24,P0105,6.0,8.76
2026-04-24,P0106,1.0,1.13
2026-04-24,P0110,1.0,3.91
2026-04-24,P0111,1.0,3.7
2026-04-24,P0112,4.0,15.6
2026-04-24,P0113,2.0,6.7
2026-04-24,P0114,1.0,1.85
2026-04-24,P0118,2.0,8.98
2026-04-24,P0119,1.0,3.32
2026-04-24,P0121,1.0,9.44
2026-04-24,P0122,1.0,3.02
2026-04-24,P0123,2.0,7.24
2026-04-24,P0124,1.0,2.37
2026-04-24,P0127,1.0,1.52
2026-04-24,P0128,3.0,4.38
2026-04-25,P0001,3.0,7.29
2026-04-25,P0002,1.0,0.48
2026-04-25,P0005,1.0,2.03
2026-04-25,P0006,1.0,0.39
2026-04-25,P0007,2.0,4.14
2026-04-25,P0014,4.0,8.2
2026-04-25,P0015,1.0,1.5
2026-04-25,P0017,3.0,9.54
2026-04-25,P0018,1.0,0.52
2026-04-25,P0020,1.0,1.45
2026-04-25,P0022,2.0,5.34
2026-04-25,P0023,1.0,2.87
2026-04-25,P0025,6.0,18.54
2026-04-25,P0026,2.0,2.78
2026-04-25,P0027,1.0,1.29
2026-04-25,P0028,6.0,14.52
2026-04-25,P0029,1.0,3.8
2026-04-25,P0031,1.0,0.93
2026-04-25,P0033,1.0,2.95
2026-04-25,P0034,1.0,9.5
2026-04-25,P0037,2.0,9.52
2026-04-25,P0038,1.0,4.95
2026-04-25,P0040,1.0,10.55
2026-04-25,P0041,2.0,19.22
2026-04-25,P0047,1.0,7.02
2026-04-25,P0049,4.0,7.4
2026-04-25,P0051,4.0,15.2
2026-04-25,P0052,3.0,1.77
2026-04-25,P0054,1.0,1.06
2026-04-25,P0055,2.0,2.54
2026-04-25,P0056,3.0,12.24
2026-04-25,P0057,2.0,6.94
2026-04-25,P0061,1.0,2.31
2026-04-25,P0062,1.0,2.69
2026-04-25,P0063,5.0,12.3
2026-04-25,P0064,5.0,21.2
2026-04-25,P0065,1.0,3.04
2026-04-25,P0066,2.0,9.72
2026-04-25,P0067,3.0,3.0
2026-04-25,P0070,2.0,3.3
2026-04-25,P0073,1.0,3.99
2026-04-25,P0075,1.0,5.42
2026-04-25,P0078,6.0,6.84
2026-04-25,P0079,1.0,5.17
2026-04-25,P0080,1.0,2.0
2026-04-25,P0081,6.0,32.52
2026-04-25,P0084,3.0,6.72
2026-04-25,P0089,3.0,2.04
2026-04-25,P0091,6.0,20.58
2026-04-25,P0093,1.0,3.5
2026-04-25,P0094,2.0,1.44
2026-04-25,P0097,3.0,3.36
2026-04-25,P0098,1.0,0.45
2026-04-25,P0100,1.0,0.23
2026-04-25,P0101,2.0,0.36
2026-04-25,P0103,1.0,2.37
2026-04-25,P0105,6.0,8.76
2026-04-25,P0109,2.0,3.78
2026-04-25,P0110,4.0,15.64
2026-04-25,P0112,2.0,7.8
2026-04-25,P0117,2.0,10.8
2026-04-25,P0118,1.0,4.49
2026-04-25,P0121,3.0,28.32
2026-04-25,P0122,3.0,9.06
2026-04-25,P0123,1.0,3.62
2026-04-25,P0125,1.0,4.5
2026-04-25,P0127,2.0,3.04
2026-04-25,P0128,2.0,2.92
2026-04-26,P0001,2.0,4.86
2026-04-26,P0004,1.0,3.08
2026-04-26,P0006,1.0,0.39
2026-04-26,P0012,1.0,2.46
2026-04-26,P0014,1.0,2.05
2026-04-26,P0018,2.0,1.04
2026-04-26,P0020,2.0,2.9
2026-04-26,P0021,2.0,1.04
2026-04-26,P0022,1.0,2.67
2026-04-26,P0023,2.0,5.74
2026-04-26,P0025,5.0,15.45
2026-04-26,P0027,2.0,2.58
2026-04-26,P0028,3.0,7.26
2026-04-26,P0029,1.0,3.8
2026-04-26,P0031,1.0,0.93
2026-04-26,P0032,1.0,1.03
2026-04-26,P0033,1.0,2.95
2026-04-26,P0035,1.0,12.38
2026-04-26,P0037,1.0,4.76
2026-04-26,P0040,1.0,10.55
2026-04-26,P0045,1.0,13.11
2026-04-26,P0047,1.0,7.02
2026-04-26,P0048,2.0,8.16
2026-04-26,P0049,2.0,3.7
2026-04-26,P0051,1.0,3.8
2026-04-26,P0052,1.0,0.59
2026-04-26,P0054,1.0,1.06
2026-04-26,P0055,2.0,2.54
2026-04-26,P0056,2.0,8.16
2026-04-26,P0058,1.0,3.5
2026-04-26,P0061,1.0,2.31
2026-04-26,P0063,2.0,4.92
2026-04-26,P0064,4.0,16.96
2026-04-26,P0065,1.0,3.04
2026-04-26,P0066,2.0,9.72
2026-04-26,P0067,1.0,1.0
2026-04-26,P0068,1.0,3.83
2026-04-26,P0073,3.0,11.97
2026-04-26,P0075,1.0,5.42
2026-04-26,P0078,6.0,6.84
2026-04-26,P0080,1.0,2.0
2026-04-26,P0081,6.0,32.52
2026-04-26,P0084,1.0,2.24
2026-04-26,P0085,1.0,1.47
2026-04-26,P0087,1.0,1.17
2026-04-26,P0089,3.0,2.04
2026-04-26,P0091,5.0,17.15
2026-04-26,P0092,1.0,3.81
2026-04-26,P0094,1.0,0.72
2026-04-26,P0095,1.0,3.6
2026-04-26,P0096,2.0,6.1
2026-04-26,P0097,1.0,1.12
2026-04-26,P0101,4.0,0.72
2026-04-26,P0102,1.0,1.18
2026-04-26,P0103,2.0,4.74
2026-04-26,P0104,2.0,6.1
2026-04-26,P0105,5.0,7.3
2026-04-26,P0112,1.0,3.9
2026-04-26,P0118,1.0,4.49
2026-04-26,P0121,2.0,18.88
2026-04-26,P0122,1.0,3.02
2026-04-26,P0123,2.0,7.24
2026-04-26,P0124,2.0,4.74
2026-04-26,P0128,3.0,4.38
2026-04-27,P0008,1.0,1.84
2026-04-27,P0011,1.0,2.62
2026-04-27,P0014,1.0,2.05
2026-04-27,P0023,1.0,2.87
2026-04-27,P0025,4.0,12.36
2026-04-27,P0026,1.0,1.39
2026-04-27,P0027,3.0,3.87
2026-04-27,P0028,4.0,9.68
2026-04-27,P0029,2.0,7.6
2026-04-27,P0031,1.0,0.93
2026-04-27,P0035,3.0,37.14
2026-04-27,P0037,1.0,4.76
2026-04-27,P0038,1.0,4.95
2026-04-27,P0042,1.0,14.27
2026-04-27,P0045,1.0,13.11
2026-04-27,P0049,2.0,3.7
2026-04-27,P0051,1.0,3.8
2026-04-27,P0052,1.0,0.59
2026-04-27,P0053,1.0,1.13
2026-04-27,P0054,1.0,1.06
2026-04-27,P0056,3.0,12.24
2026-04-27,P0058,1.0,3.5
2026-04-27,P0060,1.0,4.1
2026-04-27,P0061,1.0,2.31
2026-04-27,P0063,1.0,2.46
2026-04-27,P0064,5.0,21.2
2026-04-27,P0065,2.0,6.08
2026-04-27,P0067,1.0,1.0
2026-04-27,P0068,2.0,7.66
2026-04-27,P0069,1.0,4.67
2026-04-27,P0070,1.0,1.65
2026-04-27,P0074,1.0,0.99
2026-04-27,P0077,1.0,0.51
2026-04-27,P0078,6.0,6.84
2026-04-27,P0080,3.0,6.0
2026-04-27,P0081,6.0,32.52
2026-04-27,P0082,1.0,4.31
2026-04-27,P0084,2.0,4.48
2026-04-27,P0085,1.0,1.47
2026-04-27,P0088,1.0,1.83
2026-04-27,P0091,6.0,20.58
2026-04-27,P0097,4.0,4.48
2026-04-27,P0101,2.0,0.36
2026-04-27,P0103,1.0,2.37
2026-04-27,P0104,1.0,3.05
2026-04-27,P0105,5.0,7.3
2026-04-27,P0106,1.0,1.13
2026-04-27,P0108,1.0,2.16
2026-04-27,P0110,2.0,7.82
2026-04-27,P0111,1.0,3.7
2026-04-27,P0113,1.0,3.35
2026-04-27,P0114,1.0,1.85
2026-04-27,P0118,1.0,4.49
2026-04-27,P0119,2.0,6.64
2026-04-27,P0121,1.0,9.44
2026-04-27,P0122,1.0,3.02
2026-04-27,P0123,3.0,10.86
2026-04-27,P0124,2.0,4.74
2026-04-27,P0128,1.0,1.46
2026-04-28,P0001,3.0,7.29
2026-04-28,P0004,1.0,3.08
2026-04-28,P0012,1.0,2.46
2026-04-28,P0014,1.0,2.05
2026-04-28,P0017,2.0,6.36
2026-04-28,P0023,1.0,2.87
2026-04-28,P0025,3.0,9.27
2026-04-28,P0026,1.0,1.39
2026-04-28,P0028,6.0,14.52
2026-04-28,P0030,1.0,2.14
2026-04-28,P0031,1.0,0.93
2026-04-28,P0032,2.0,2.06
2026-04-28,P0037,2.0,9.52
2026-04-28,P0038,1.0,4.95
2026-04-28,P0047,1.0,7.02
2026-04-28,P0050,2.0,1.36
2026-04-28,P0051,2.0,7.6
2026-04-28,P0052,1.0,0.59
2026-04-28,P0056,2.0,8.16
2026-04-28,P0057,1.0,3.47
2026-04-28,P0058,1.0,3.5
2026-04-28,P0059,1.0,0.59
2026-04-28,P0061,1.0,2.31
2026-04-28,P0063,3.0,7.38
2026-04-28,P0064,5.0,21.2
2026-04-28,P0066,1.0,4.86
2026-04-28,P0067,2.0,2.0
2026-04-28,P0076,1.0,1.98
2026-04-28,P0077,1.0,0.51
2026-04-28,P0078,6.0,6.84
2026-04-28,P0080,1.0,2.0
2026-04-28,P0081,5.0,27.1
2026-04-28,P0084,3.0,6.72
2026-04-28,P0086,1.0,3.25
2026-04-28,P0087,1.0,1.17
2026-04-28,P0091,4.0,13.72
2026-04-28,P0095,1.0,3.6
2026-04-28,P0096,1.0,3.05
2026-04-28,P0097,2.0,2.24
2026-04-28,P0101,2.0,0.36
2026-04-28,P0104,1.0,3.05
2026-04-28,P0105,6.0,8.76
2026-04-28,P0110,3.0,11.73
2026-04-28,P0117,3.0,16.2
2026-04-28,P0121,1.0,9.44
2026-04-28,P0122,3.0,9.06
2026-04-28,P0123,1.0,3.62
2026-04-28,P0127,1.0,1.52
2026-04-28,P0128,1.0,1.46
2026-04-29,P0001,2.0,4.86
2026-04-29,P0004,1.0,3.08
2026-04-29,P0014,2.0,4.1
2026-04-29,P0018,1.0,0.52
2026-04-29,P0020,1.0,1.45
2026-04-29,P0023,2.0,5.74
2026-04-29,P0025,5.0,15.45
2026-04-29,P0026,1.0,1.39
2026-04-29,P0027,1.0,1.29
2026-04-29,P0028,6.0,14.52
2026-04-29,P0030,1.0,2.14
2026-04-29,P0036,1.0,9.19
2026-04-29,P0037,2.0,9.52
2026-04-29,P0038,1.0,4.95
2026-04-29,P0042,1.0,14.27
2026-04-29,P0045,2.0,26.22
2026-04-29,P0047,1.0,7.02
2026-04-29,P0048,2.0,8.16
2026-04-29,P0049,4.0,7.4
2026-04-29,P0051,3.0,11.4
2026-04-29,P0052,1.0,0.59
2026-04-29,P0058,1.0,3.5
2026-04-29,P0059,1.0,0.59
2026-04-29,P0060,1.0,4.1
2026-04-29,P0061,2.0,4.62
2026-04-29,P0063,3.0,7.38
2026-04-29,P0064,4.0,16.96
2026-04-29,P0066,1.0,4.86
2026-04-29,P0067,2.0,2.0
2026-04-29,P0069,1.0,4.67
2026-04-29,P0070,3.0,4.95
2026-04-29,P0073,2.0,7.98
2026-04-29,P0076,1.0,1.98
2026-04-29,P0078,6.0,6.84
2026-04-29,P0081,6.0,32.52
2026-04-29,P0084,2.0,4.48
2026-04-29,P0085,1.0,1.47
2026-04-29,P0088,1.0,1.83
2026-04-29,P0091,4.0,13.72
2026-04-29,P0097,2.0,2.24
2026-04-29,P0099,1.0,0.24
2026-04-29,P0101,1.0,0.18
2026-04-29,P0104,2.0,6.1
2026-04-29,P0105,6.0,8.76
2026-04-29,P0109,1.0,1.89
2026-04-29,P0110,2.0,7.82
2026-04-29,P0111,2.0,7.4
2026-04-29,P0112,1.0,3.9
2026-04-29,P0117,2.0,10.8
2026-04-29,P0122,1.0,3.02
2026-04-29,P0123,2.0,7.24
2026-04-29,P0124,1.0,2.37
2026-04-29,P0125,1.0,4.5
2026-04-29,P0127,1.0,1.52
2026-04-29,P0128,1.0,1.46
2026-04-30,P0003,2.0,5.96
2026-04-30,P0004,2.0,6.16
2026-04-30,P0014,3.0,6.15
2026-04-30,P0015,1.0,1.5
2026-04-30,P0019,1.0,0.19
2026-04-30,P0022,1.0,2.67
2026-04-30,P0023,2.0,5.74
2026-04-30,P0024,1.0,2.05
2026-04-30,P0025,4.0,12.36
2026-04-30,P0026,3.0,4.17
2026-04-30,P0027,2.0,2.58
2026-04-30,P0028,6.0,14.52
2026-04-30,P0029,2.0,7.6
2026-04-30,P0031,2.0,1.86
2026-04-30,P0033,1.0,2.95
2026-04-30,P0035,2.0,24.76
2026-04-30,P0037,2.0,9.52
2026-04-30,P0039,1.0,9.08
2026-04-30,P0040,1.0,10.55
2026-04-30,P0042,1.0,14.27
2026-04-30,P0045,3.0,39.33
2026-04-30,P0050,1.0,0.68
2026-04-30,P0051,2.0,7.6
2026-04-30,P0053,1.0,1.13
2026-04-30,P0056,3.0,12.24
2026-04-30,P0058,2.0,7.0
2026-04-30,P0059,2.0,1.18
2026-04-30,P0061,3.0,6.93
2026-04-30,P0063,4.0,9.84
2026-04-30,P0064,3.0,12.72
2026-04-30,P0065,2.0,6.08
2026-04-30,P0067,3.0,3.0
2026-04-30,P0073,1.0,3.99
2026-04-30,P0076,1.0,1.98
2026-04-30,P0078,6.0,6.84
2026-04-30,P0080,1.0,2.0
2026-04-30,P0081,6.0,32.52
2026-04-30,P0083,1.0,1.26
2026-04-30,P0084,2.0,4.48
2026-04-30,P0089,2.0,1.36
2026-04-30,P0090,1.0,3.69
2026-04-30,P0091,6.0,20.58
2026-04-30,P0097,1.0,1.12
2026-04-30,P0100,1.0,0.23
2026-04-30,P0102,1.0,1.18
2026-04-30,P0103,1.0,2.37
2026-04-30,P0104,2.0,6.1
2026-04-30,P0105,5.0,7.3
2026-04-30,P0107,1.0,3.48
2026-04-30,P0108,1.0,2.16
2026-04-30,P0109,1.0,1.89
2026-04-30,P0110,1.0,3.91
2026-04-30,P0117,1.0,5.4
2026-04-30,P0118,1.0,4.49
2026-04-30,P0119,1.0,3.32
2026-04-30,P0121,2.0,18.88
2026-04-30,P0122,1.0,3.02
2026-04-30,P0125,1.0,4.5
2026-04-30,P0127,1.0,1.52
2026-04-30,P0128,2.0,2.92
2026-05-01,P0001,1.0,2.43
2026-05-01,P0003,1.0,2.98
2026-05-01,P0004,1.0,3.08
2026-05-01,P0005,1.0,2.03
2026-05-01,P0009,1.0,2.76
2026-05-01,P0012,1.0,2.46
2026-05-01,P0014,3.0,6.15
2026-05-01,P0015,1.0,1.5
2026-05-01,P0016,1.0,1.66
2026-05-01,P0020,1.0,1.45
2026-05-01,P0022,1.0,2.67
2026-05-01,P0023,2.0,5.74
2026-05-01,P0024,1.0,2.05
2026-05-01,P0025,6.0,18.54
2026-05-01,P0026,2.0,2.78
2026-05-01,P0027,2.0,2.58
2026-05-01,P0028,6.0,14.52
2026-05-01,P0029,2.0,7.6
2026-05-01,P0031,1.0,0.93
2026-05-01,P0035,2.0,24.76
2026-05-01,P0038,2.0,9.9
2026-05-01,P0041,1.0,9.61
2026-05-01,P0042,1.0,14.27
2026-05-01,P0045,1.0,13.11
2026-05-01,P0046,1.0,7.68
2026-05-01,P0050,1.0,0.68
2026-05-01,P0051,3.0,11.4
2026-05-01,P0052,4.0,2.36
2026-05-01,P0053,1.0,1.13
2026-05-01,P0055,1.0,1.27
2026-05-01,P0056,2.0,8.16
2026-05-01,P0057,3.0,10.41
2026-05-01,P0060,1.0,4.1
2026-05-01,P0061,1.0,2.31
2026-05-01,P0062,1.0,2.69
2026-05-01,P0063,4.0,9.84
2026-05-01,P0064,5.0,21.2
2026-05-01,P0065,1.0,3.04
2026-05-01,P0066,2.0,9.72
2026-05-01,P0067,5.0,5.0
2026-05-01,P0069,1.0,4.67
2026-05-01,P0072,1.0,1.99
2026-05-01,P0075,1.0,5.42
2026-05-01,P0078,6.0,6.84
2026-05-01,P0080,1.0,2.0
2026-05-01,P0081,6.0,32.52
2026-05-01,P0084,1.0,2.24
2026-05-01,P0089,3.0,2.04
2026-05-01,P0091,6.0,20.58
2026-05-01,P0094,2.0,1.44
2026-05-01,P0097,2.0,2.24
2026-05-01,P0101,2.0,0.36
2026-05-01,P0102,1.0,1.18
2026-05-01,P0103,2.0,4.74
2026-05-01,P0104,4.0,12.2
2026-05-01,P0105,6.0,8.76
2026-05-01,P0109,1.0,1.89
2026-05-01,P0110,2.0,7.82
2026-05-01,P0112,2.0,7.8
2026-05-01,P0114,1.0,1.85
2026-05-01,P0115,1.0,1.96
2026-05-01,P0117,1.0,5.4
2026-05-01,P0118,1.0,4.49
2026-05-01,P0119,1.0,3.32
2026-05-01,P0121,1.0,9.44
2026-05-01,P0122,2.0,6.04
2026-05-01,P0124,1.0,2.37
2026-05-01,P0127,1.0,1.52
2026-05-01,P0128,3.0,4.38
2026-05-02,P0001,3.0,7.29
2026-05-02,P0002,1.0,0.48
2026-05-02,P0004,1.0,3.08
2026-05-02,P0014,2.0,4.1
2026-05-02,P0015,2.0,3.0
2026-05-02,P0017,4.0,12.72
2026-05-02,P0019,2.0,0.38
2026-05-02,P0020,3.0,4.35
2026-05-02,P0021,1.0,0.52
2026-05-02,P0022,2.0,5.34
2026-05-02,P0025,6.0,18.54
2026-05-02,P0027,2.0,2.58
2026-05-02,P0028,6.0,14.52
2026-05-02,P0029,2.0,7.6
2026-05-02,P0033,1.0,2.95
2026-05-02,P0035,4.0,49.52
2026-05-02,P0037,2.0,9.52
2026-05-02,P0039,2.0,18.16
2026-05-02,P0041,1.0,9.61
2026-05-02,P0045,2.0,26.22
2026-05-02,P0048,2.0,8.16
2026-05-02,P0049,2.0,3.7
2026-05-02,P0051,2.0,7.6
2026-05-02,P0052,1.0,0.59
2026-05-02,P0055,4.0,5.08
2026-05-02,P0056,2.0,8.16
2026-05-02,P0057,4.0,13.88
2026-05-02,P0058,1.0,3.5
2026-05-02,P0060,1.0,4.1
2026-05-02,P0061,2.0,4.62
2026-05-02,P0063,5.0,12.3
2026-05-02,P0064,4.0,16.96
2026-05-02,P0065,3.0,9.12
2026-05-02,P0066,1.0,4.86
2026-05-02,P0067,1.0,1.0
2026-05-02,P0070,2.0,3.3
2026-05-02,P0073,2.0,7.98
2026-05-02,P0074,1.0,0.99
2026-05-02,P0075,1.0,5.42
2026-05-02,P0076,1.0,1.98
2026-05-02,P0077,1.0,0.51
2026-05-02,P0078,6.0,6.84
2026-05-02,P0079,1.0,5.17
2026-05-02,P0081,6.0,32.52
2026-05-02,P0082,1.0,4.31
2026-05-02,P0084,3.0,6.72
2026-05-02,P0086,1.0,3.25
2026-05-02,P0088,1.0,1.83
2026-05-02,P0090,1.0,3.69
2026-05-02,P0091,6.0,20.58
2026-05-02,P0096,1.0,3.05
2026-05-02,P0097,4.0,4.48
2026-05-02,P0100,2.0,0.46
2026-05-02,P0101,2.0,0.36
2026-05-02,P0103,1.0,2.37
2026-05-02,P0104,4.0,12.2
2026-05-02,P0105,6.0,8.76
2026-05-02,P0106,2.0,2.26
2026-05-02,P0110,1.0,3.91
2026-05-02,P0112,1.0,3.9
2026-05-02,P0114,2.0,3.7
2026-05-02,P0115,1.0,1.96
2026-05-02,P0118,1.0,4.49
2026-05-02,P0121,2.0,18.88
2026-05-02,P0122,5.0,15.1
2026-05-02,P0123,1.0,3.62
2026-05-02,P0124,3.0,7.11
2026-05-02,P0127,5.0,7.6
2026-05-02,P0128,3.0,4.38
2026-05-03,P0001,3.0,7.29
2026-05-03,P0004,1.0,3.08
2026-05-03,P0006,1.0,0.39
2026-05-03,P0014,3.0,6.15
2026-05-03,P0015,1.0,1.5
2026-05-03,P0016,1.0,1.66
2026-05-03,P0019,1.0,0.19
2026-05-03,P0022,1.0,2.67
2026-05-03,P0023,1.0,2.87
2026-05-03,P0024,1.0,2.05
2026-05-03,P0025,6.0,18.54
2026-05-03,P0026,3.0,4.17
2026-05-03,P0027,2.0,2.58
2026-05-03,P0028,4.0,9.68
2026-05-03,P0029,2.0,7.6
2026-05-03,P0030,3.0,6.42
2026-05-03,P0031,1.0,0.93
2026-05-03,P0035,1.0,12.38
2026-05-03,P0036,1.0,9.19
2026-05-03,P0037,1.0,4.76
2026-05-03,P0038,1.0,4.95
2026-05-03,P0039,3.0,27.24
2026-05-03,P0040,1.0,10.55
2026-05-03,P0041,1.0,9.61
2026-05-03,P0042,1.0,14.27
2026-05-03,P0048,1.0,4.08
2026-05-03,P0049,1.0,1.85
2026-05-03,P0051,1.0,3.8
2026-05-03,P0052,3.0,1.77
2026-05-03,P0054,1.0,1.06
2026-05-03,P0055,2.0,2.54
2026-05-03,P0056,2.0,8.16
2026-05-03,P0057,2.0,6.94
2026-05-03,P0058,1.0,3.5
2026-05-03,P0061,1.0,2.31
2026-05-03,P0062,1.0,2.69
2026-05-03,P0063,4.0,9.84
2026-05-03,P0064,5.0,21.2
2026-05-03,P0065,2.0,6.08
2026-05-03,P0066,3.0,14.58
2026-05-03,P0067,3.0,3.0
2026-05-03,P0069,1.0,4.67
2026-05-03,P0070,2.0,3.3
2026-05-03,P0074,1.0,0.99
2026-05-03,P0078,6.0,6.84
2026-05-03,P0079,1.0,5.17
2026-05-03,P0080,1.0,2.0
2026-05-03,P0081,6.0,32.52
2026-05-03,P0084,2.0,4.48
2026-05-03,P0089,1.0,0.68
2026-05-03,P0090,1.0,3.69
2026-05-03,P0091,4.0,13.72
2026-05-03,P0094,1.0,0.72
2026-05-03,P0097,2.0,2.24
2026-05-03,P0098,1.0,0.45
2026-05-03,P0099,1.0,0.24
2026-05-03,P0101,3.0,0.54
2026-05-03,P0104,1.0,3.05
2026-05-03,P0105,6.0,8.76
2026-05-03,P0107,1.0,3.48
2026-05-03,P0110,1.0,3.91
2026-05-03,P0112,1.0,3.9
2026-05-03,P0113,1.0,3.35
2026-05-03,P0114,1.0,1.85
2026-05-03,P0117,2.0,10.8
2026-05-03,P0121,1.0,9.44
2026-05-03,P0122,1.0,3.02
2026-05-03,P0124,3.0,7.11
2026-05-03,P0126,1.0,2.19
2026-05-03,P0127,5.0,7.6
2026-05-03,P0128,2.0,2.92
2026-05-04,P0004,1.0,3.08
2026-05-04,P0010,1.0,2.57
2026-05-04,P0017,1.0,3.18
2026-05-04,P0019,1.0,0.19
2026-05-04,P0022,1.0,2.67
2026-05-04,P0023,1.0,2.87
2026-05-04,P0025,4.0,12.36
2026-05-04,P0026,2.0,2.78
2026-05-04,P0027,3.0,3.87
2026-05-04,P0028,4.0,9.68
2026-05-04,P0029,1.0,3.8
2026-05-04,P0031,1.0,0.93
2026-05-04,P0032,1.0,1.03
2026-05-04,P0034,1.0,9.5
2026-05-04,P0035,1.0,12.38
2026-05-04,P0039,1.0,9.08
2026-05-04,P0040,1.0,10.55
2026-05-04,P0043,1.0,8.55
2026-05-04,P0047,1.0,7.02
2026-05-04,P0048,1.0,4.08
2026-05-04,P0051,2.0,7.6
2026-05-04,P0052,1.0,0.59
2026-05-04,P0055,3.0,3.81
2026-05-04,P0056,2.0,8.16
2026-05-04,P0057,1.0,3.47
2026-05-04,P0058,1.0,3.5
2026-05-04,P0063,3.0,7.38
2026-05-04,P0064,4.0,16.96
2026-05-04,P0065,2.0,6.08
2026-05-04,P0066,1.0,4.86
2026-05-04,P0067,5.0,5.0
2026-05-04,P0068,1.0,3.83
2026-05-04,P0077,1.0,0.51
2026-05-04,P0078,6.0,6.84
2026-05-04,P0079,1.0,5.17
2026-05-04,P0080,2.0,4.0
2026-05-04,P0081,6.0,32.52
2026-05-04,P0082,1.0,4.31
2026-05-04,P0083,1.0,1.26
2026-05-04,P0084,1.0,2.24
2026-05-04,P0086,2.0,6.5
2026-05-04,P0089,1.0,0.68
2026-05-04,P0091,4.0,13.72
2026-05-04,P0097,1.0,1.12
2026-05-04,P0099,1.0,0.24
2026-05-04,P0101,2.0,0.36
2026-05-04,P0103,1.0,2.37
2026-05-04,P0104,1.0,3.05
2026-05-04,P0105,5.0,7.3
2026-05-04,P0106,1.0,1.13
2026-05-04,P0110,1.0,3.91
2026-05-04,P0112,2.0,7.8
2026-05-04,P0113,1.0,3.35
2026-05-04,P0115,1.0,1.96
2026-05-04,P0117,1.0,5.4
2026-05-04,P0121,2.0,18.88
2026-05-04,P0122,2.0,6.04
2026-05-04,P0125,1.0,4.5
2026-05-05,P0001,2.0,4.86
2026-05-05,P0006,1.0,0.39
2026-05-05,P0020,1.0,1.45
2026-05-05,P0021,1.0,0.52
2026-05-05,P0025,5.0,15.45
2026-05-05,P0028,3.0,7.26
2026-05-05,P0029,1.0,3.8
2026-05-05,P0037,1.0,4.76
2026-05-05,P0044,1.0,11.65
2026-05-05,P0047,3.0,21.06
2026-05-05,P0049,1.0,1.85
2026-05-05,P0051,1.0,3.8
2026-05-05,P0052,2.0,1.18
2026-05-05,P0053,1.0,1.13
2026-05-05,P0055,2.0,2.54
2026-05-05,P0057,2.0,6.94
2026-05-05,P0058,2.0,7.0
2026-05-05,P0059,1.0,0.59
2026-05-05,P0063,3.0,7.38
2026-05-05,P0064,2.0,8.48
2026-05-05,P0066,3.0,14.58
2026-05-05,P0067,1.0,1.0
2026-05-05,P0069,1.0,4.67
2026-05-05,P0070,2.0,3.3
2026-05-05,P0072,1.0,1.99
2026-05-05,P0074,1.0,0.99
2026-05-05,P0078,6.0,6.84
2026-05-05,P0080,1.0,2.0
2026-05-05,P0081,6.0,32.52
2026-05-05,P0082,1.0,4.31
2026-05-05,P0084,1.0,2.24
2026-05-05,P0090,1.0,3.69
2026-05-05,P0091,4.0,13.72
2026-05-05,P0094,1.0,0.72
2026-05-05,P0096,2.0,6.1
2026-05-05,P0097,2.0,2.24
2026-05-05,P0101,1.0,0.18
2026-05-05,P0104,1.0,3.05
2026-05-05,P0105,5.0,7.3
2026-05-05,P0110,4.0,15.64
2026-05-05,P0111,1.0,3.7
2026-05-05,P0112,1.0,3.9
2026-05-05,P0117,1.0,5.4
2026-05-05,P0121,1.0,9.44
2026-05-05,P0122,2.0,6.04
2026-05-05,P0123,1.0,3.62
2026-05-05,P0124,1.0,2.37
2026-05-05,P0125,1.0,4.5
2026-05-05,P0128,1.0,1.46
2026-05-06,P0001,2.0,4.86
2026-05-06,P0004,1.0,3.08
2026-05-06,P0005,1.0,2.03
2026-05-06,P0011,1.0,2.62
2026-05-06,P0012,1.0,2.46
2026-05-06,P0014,1.0,2.05
2026-05-06,P0015,2.0,3.0
2026-05-06,P0018,1.0,0.52
2026-05-06,P0019,2.0,0.38
2026-05-06,P0023,1.0,2.87
2026-05-06,P0025,6.0,18.54
2026-05-06,P0026,2.0,2.78
2026-05-06,P0027,1.0,1.29
2026-05-06,P0028,5.0,12.1
2026-05-06,P0031,2.0,1.86
2026-05-06,P0033,1.0,2.95
2026-05-06,P0035,2.0,24.76
2026-05-06,P0038,1.0,4.95
2026-05-06,P0039,1.0,9.08
2026-05-06,P0045,2.0,26.22
2026-05-06,P0046,1.0,7.68
2026-05-06,P0048,1.0,4.08
2026-05-06,P0049,1.0,1.85
2026-05-06,P0050,1.0,0.68
2026-05-06,P0051,2.0,7.6
2026-05-06,P0052,2.0,1.18
2026-05-06,P0055,3.0,3.81
2026-05-06,P0058,1.0,3.5
2026-05-06,P0060,2.0,8.2
2026-05-06,P0061,1.0,2.31
2026-05-06,P0063,1.0,2.46
2026-05-06,P0064,1.0,4.24
2026-05-06,P0065,2.0,6.08
2026-05-06,P0066,1.0,4.86
2026-05-06,P0067,2.0,2.0
2026-05-06,P0068,1.0,3.83
2026-05-06,P0070,1.0,1.65
2026-05-06,P0075,1.0,5.42
2026-05-06,P0078,6.0,6.84
2026-05-06,P0079,1.0,5.17
2026-05-06,P0081,6.0,32.52
2026-05-06,P0082,2.0,8.62
2026-05-06,P0085,1.0,1.47
2026-05-06,P0091,6.0,20.58
2026-05-06,P0093,1.0,3.5
2026-05-06,P0097,1.0,1.12
2026-05-06,P0100,1.0,0.23
2026-05-06,P0101,3.0,0.54
2026-05-06,P0103,1.0,2.37
2026-05-06,P0104,2.0,6.1
2026-05-06,P0105,3.0,4.38
2026-05-06,P0107,1.0,3.48
2026-05-06,P0110,1.0,3.91
2026-05-06,P0112,2.0,7.8
2026-05-06,P0113,2.0,6.7
2026-05-06,P0114,1.0,1.85
2026-05-06,P0117,1.0,5.4
2026-05-06,P0118,1.0,4.49
2026-05-06,P0121,3.0,28.32
2026-05-06,P0122,1.0,3.02
2026-05-06,P0124,1.0,2.37
2026-05-06,P0127,2.0,3.04
2026-05-06,P0128,1.0,1.46
2026-05-07,P0001,1.0,2.43
2026-05-07,P0003,1.0,2.98
2026-05-07,P0006,2.0,0.78
2026-05-07,P0011,1.0,2.62
2026-05-07,P0014,1.0,2.05
2026-05-07,P0020,1.0,1.45
2026-05-07,P0025,3.0,9.27
2026-05-07,P0027,2.0,2.58
2026-05-07,P0028,4.0,9.68
2026-05-07,P0029,1.0,3.8
2026-05-07,P0030,1.0,2.14
2026-05-07,P0035,2.0,24.76
2026-05-07,P0040,1.0,10.55
2026-05-07,P0042,2.0,28.54
2026-05-07,P0045,3.0,39.33
2026-05-07,P0047,1.0,7.02
2026-05-07,P0049,1.0,1.85
2026-05-07,P0050,2.0,1.36
2026-05-07,P0052,1.0,0.59
2026-05-07,P0056,3.0,12.24
2026-05-07,P0057,1.0,3.47
2026-05-07,P0058,1.0,3.5
2026-05-07,P0061,2.0,4.62
2026-05-07,P0063,4.0,9.84
2026-05-07,P0064,6.0,25.44
2026-05-07,P0065,1.0,3.04
2026-05-07,P0066,2.0,9.72
2026-05-07,P0067,2.0,2.0
2026-05-07,P0068,1.0,3.83
2026-05-07,P0069,1.0,4.67
2026-05-07,P0070,1.0,1.65
2026-05-07,P0071,1.0,2.94
2026-05-07,P0078,6.0,6.84
2026-05-07,P0080,1.0,2.0
2026-05-07,P0081,6.0,32.52
2026-05-07,P0082,1.0,4.31
2026-05-07,P0084,4.0,8.96
2026-05-07,P0086,1.0,3.25
2026-05-07,P0089,2.0,1.36
2026-05-07,P0091,5.0,17.15
2026-05-07,P0094,3.0,2.16
2026-05-07,P0101,1.0,0.18
2026-05-07,P0104,1.0,3.05
2026-05-07,P0105,6.0,8.76
2026-05-07,P0106,2.0,2.26
2026-05-07,P0109,1.0,1.89
2026-05-07,P0110,2.0,7.82
2026-05-07,P0112,1.0,3.9
2026-05-07,P0116,1.0,2.18
2026-05-07,P0117,2.0,10.8
2026-05-07,P0121,1.0,9.44
2026-05-07,P0122,1.0,3.02
2026-05-07,P0123,2.0,7.24
2026-05-08,P0001,2.0,4.86
2026-05-08,P0003,2.0,5.96
2026-05-08,P0004,2.0,6.16
2026-05-08,P0006,2.0,0.78
2026-05-08,P0008,1.0,1.84
2026-05-08,P0014,3.0,6.15
2026-05-08,P0019,1.0,0.19
2026-05-08,P0020,1.0,1.45
2026-05-08,P0022,1.0,2.67
2026-05-08,P0023,2.0,5.74
2026-05-08,P0025,6.0,18.54
2026-05-08,P0026,3.0,4.17
2026-05-08,P0027,2.0,2.58
2026-05-08,P0028,5.0,12.1
2026-05-08,P0029,2.0,7.6
2026-05-08,P0031,1.0,0.93
2026-05-08,P0033,2.0,5.9
2026-05-08,P0035,3.0,37.14
2026-05-08,P0037,2.0,9.52
2026-05-08,P0039,1.0,9.08
2026-05-08,P0040,1.0,10.55
2026-05-08,P0044,1.0,11.65
2026-05-08,P0045,1.0,13.11
2026-05-08,P0046,1.0,7.68
2026-05-08,P0047,2.0,14.04
2026-05-08,P0048,2.0,8.16
2026-05-08,P0050,2.0,1.36
2026-05-08,P0051,4.0,15.2
2026-05-08,P0052,1.0,0.59
2026-05-08,P0053,1.0,1.13
2026-05-08,P0057,3.0,10.41
2026-05-08,P0061,3.0,6.93
2026-05-08,P0062,1.0,2.69
2026-05-08,P0063,4.0,9.84
2026-05-08,P0064,5.0,21.2
2026-05-08,P0065,2.0,6.08
2026-05-08,P0066,2.0,9.72
2026-05-08,P0067,1.0,1.0
2026-05-08,P0073,1.0,3.99
2026-05-08,P0074,1.0,0.99
2026-05-08,P0078,6.0,6.84
2026-05-08,P0079,1.0,5.17
2026-05-08,P0081,6.0,32.52
2026-05-08,P0084,1.0,2.24
2026-05-08,P0087,1.0,1.17
2026-05-08,P0088,2.0,3.66
2026-05-08,P0091,6.0,20.58
2026-05-08,P0093,1.0,3.5
2026-05-08,P0095,3.0,10.8
2026-05-08,P0097,3.0,3.36
2026-05-08,P0098,1.0,0.45
2026-05-08,P0104,1.0,3.05
2026-05-08,P0105,6.0,8.76
2026-05-08,P0112,2.0,7.8
2026-05-08,P0117,1.0,5.4
2026-05-08,P0118,1.0,4.49
2026-05-08,P0121,1.0,9.44
2026-05-08,P0122,2.0,6.04
2026-05-08,P0123,1.0,3.62
2026-05-08,P0124,1.0,2.37
2026-05-08,P0125,1.0,4.5
2026-05-08,P0127,1.0,1.52
2026-05-08,P0128,4.0,5.84
2026-05-09,P0001,1.0,2.43
2026-05-09,P0004,2.0,6.16
2026-05-09,P0006,1.0,0.39
2026-05-09,P0007,1.0,2.07
2026-05-09,P0014,3.0,6.15
2026-05-09,P0015,2.0,3.0
2026-05-09,P0016,1.0,1.66
2026-05-09,P0018,1.0,0.52
2026-05-09,P0020,2.0,2.9
2026-05-09,P0025,6.0,18.54
2026-05-09,P0026,3.0,4.17
2026-05-09,P0027,1.0,1.29
2026-05-09,P0028,6.0,14.52
2026-05-09,P0029,2.0,7.6
2026-05-09,P0033,2.0,5.9
2026-05-09,P0035,2.0,24.76
2026-05-09,P0037,1.0,4.76
2026-05-09,P0038,1.0,4.95
2026-05-09,P0040,1.0,10.55
2026-05-09,P0044,1.0,11.65
2026-05-09,P0045,1.0,13.11
2026-05-09,P0047,2.0,14.04
2026-05-09,P0048,2.0,8.16
2026-05-09,P0049,1.0,1.85
2026-05-09,P0050,2.0,1.36
2026-05-09,P0051,3.0,11.4
2026-05-09,P0052,2.0,1.18
2026-05-09,P0055,1.0,1.27
2026-05-09,P0056,5.0,20.4
2026-05-09,P0057,2.0,6.94
2026-05-09,P0059,1.0,0.59
2026-05-09,P0061,3.0,6.93
2026-05-09,P0063,4.0,9.84
2026-05-09,P0064,6.0,25.44
2026-05-09,P0065,3.0,9.12
2026-05-09,P0066,4.0,19.44
2026-05-09,P0067,2.0,2.0
2026-05-09,P0073,1.0,3.99
2026-05-09,P0075,1.0,5.42
2026-05-09,P0077,1.0,0.51
2026-05-09,P0078,6.0,6.84
2026-05-09,P0080,2.0,4.0
2026-05-09,P0081,6.0,32.52
2026-05-09,P0084,4.0,8.96
2026-05-09,P0088,2.0,3.66
2026-05-09,P0089,1.0,0.68
2026-05-09,P0091,6.0,20.58
2026-05-09,P0096,2.0,6.1
2026-05-09,P0097,1.0,1.12
2026-05-09,P0098,1.0,0.45
2026-05-09,P0099,1.0,0.24
2026-05-09,P0100,1.0,0.23
2026-05-09,P0101,2.0,0.36
2026-05-09,P0103,1.0,2.37
2026-05-09,P0104,2.0,6.1
2026-05-09,P0105,6.0,8.76
2026-05-09,P0108,1.0,2.16
2026-05-09,P0109,2.0,3.78
2026-05-09,P0110,1.0,3.91
2026-05-09,P0111,1.0,3.7
2026-05-09,P0112,3.0,11.7
2026-05-09,P0114,1.0,1.85
2026-05-09,P0115,1.0,1.96
2026-05-09,P0119,1.0,3.32
2026-05-09,P0120,1.0,8.84
2026-05-09,P0121,2.0,18.88
2026-05-09,P0122,4.0,12.08
2026-05-09,P0124,1.0,2.37
2026-05-09,P0127,2.0,3.04
2026-05-09,P0128,2.0,2.92
2026-05-10,P0002,1.0,0.48
2026-05-10,P0003,1.0,2.98
2026-05-10,P0014,1.0,2.05
2026-05-10,P0015,1.0,1.5
2026-05-10,P0016,1.0,1.66
2026-05-10,P0017,1.0,3.18
2026-05-10,P0020,1.0,1.45
2026-05-10,P0022,1.0,2.67
2026-05-10,P0023,2.0,5.74
2026-05-10,P0024,1.0,2.05
2026-05-10,P0025,6.0,18.54
2026-05-10,P0027,1.0,1.29
2026-05-10,P0028,4.0,9.68
2026-05-10,P0029,2.0,7.6
2026-05-10,P0031,1.0,0.93
2026-05-10,P0032,1.0,1.03
2026-05-10,P0035,3.0,37.14
2026-05-10,P0037,2.0,9.52
2026-05-10,P0040,1.0,10.55
2026-05-10,P0045,1.0,13.11
2026-05-10,P0046,1.0,7.68
2026-05-10,P0049,2.0,3.7
2026-05-10,P0050,3.0,2.04
2026-05-10,P0051,3.0,11.4
2026-05-10,P0052,1.0,0.59
2026-05-10,P0055,1.0,1.27
2026-05-10,P0056,3.0,12.24
2026-05-10,P0058,3.0,10.5
2026-05-10,P0059,2.0,1.18
2026-05-10,P0060,1.0,4.1
2026-05-10,P0062,1.0,2.69
2026-05-10,P0063,3.0,7.38
2026-05-10,P0064,4.0,16.96
2026-05-10,P0065,1.0,3.04
2026-05-10,P0066,1.0,4.86
2026-05-10,P0067,2.0,2.0
2026-05-10,P0069,1.0,4.67
2026-05-10,P0071,1.0,2.94
2026-05-10,P0078,6.0,6.84
2026-05-10,P0080,2.0,4.0
2026-05-10,P0081,6.0,32.52
2026-05-10,P0084,2.0,4.48
2026-05-10,P0088,1.0,1.83
2026-05-10,P0089,2.0,1.36
2026-05-10,P0091,4.0,13.72
2026-05-10,P0094,2.0,1.44
2026-05-10,P0096,1.0,3.05
2026-05-10,P0097,1.0,1.12
2026-05-10,P0098,1.0,0.45
2026-05-10,P0101,1.0,0.18
2026-05-10,P0103,1.0,2.37
2026-05-10,P0104,1.0,3.05
2026-05-10,P0105,6.0,8.76
2026-05-10,P0110,2.0,7.82
2026-05-10,P0112,2.0,7.8
2026-05-10,P0114,1.0,1.85
2026-05-10,P0116,1.0,2.18
2026-05-10,P0119,1.0,3.32
2026-05-10,P0122,1.0,3.02
2026-05-10,P0123,1.0,3.62
2026-05-10,P0124,1.0,2.37
2026-05-10,P0127,2.0,3.04
2026-05-11,P0003,1.0,2.98
2026-05-11,P0004,1.0,3.08
2026-05-11,P0006,1.0,0.39
2026-05-11,P0012,1.0,2.46
2026-05-11,P0014,2.0,4.1
2026-05-11,P0022,1.0,2.67
2026-05-11,P0023,1.0,2.87
2026-05-11,P0025,2.0,6.18
2026-05-11,P0026,1.0,1.39
2026-05-11,P0027,1.0,1.29
2026-05-11,P0028,5.0,12.1
2026-05-11,P0029,1.0,3.8
2026-05-11,P0030,1.0,2.14
2026-05-11,P0032,1.0,1.03
2026-05-11,P0033,1.0,2.95
2026-05-11,P0035,2.0,24.76
2026-05-11,P0036,1.0,9.19
2026-05-11,P0037,1.0,4.76
2026-05-11,P0042,1.0,14.27
2026-05-11,P0045,2.0,26.22
2026-05-11,P0047,2.0,14.04
2026-05-11,P0048,2.0,8.16
2026-05-11,P0050,2.0,1.36
2026-05-11,P0051,2.0,7.6
2026-05-11,P0052,1.0,0.59
2026-05-11,P0055,2.0,2.54
2026-05-11,P0056,1.0,4.08
2026-05-11,P0057,2.0,6.94
2026-05-11,P0059,1.0,0.59
2026-05-11,P0061,2.0,4.62
2026-05-11,P0063,2.0,4.92
2026-05-11,P0064,2.0,8.48
2026-05-11,P0066,1.0,4.86
2026-05-11,P0067,1.0,1.0
2026-05-11,P0070,1.0,1.65
2026-05-11,P0071,1.0,2.94
2026-05-11,P0073,2.0,7.98
2026-05-11,P0075,1.0,5.42
2026-05-11,P0077,1.0,0.51
2026-05-11,P0078,6.0,6.84
2026-05-11,P0081,6.0,32.52
2026-05-11,P0083,1.0,1.26
2026-05-11,P0084,1.0,2.24
2026-05-11,P0086,1.0,3.25
2026-05-11,P0088,1.0,1.83
2026-05-11,P0089,1.0,0.68
2026-05-11,P0090,1.0,3.69
2026-05-11,P0091,6.0,20.58
2026-05-11,P0095,1.0,3.6
2026-05-11,P0096,1.0,3.05
2026-05-11,P0097,2.0,2.24
2026-05-11,P0101,1.0,0.18
2026-05-11,P0103,1.0,2.37
2026-05-11,P0104,1.0,3.05
2026-05-11,P0105,5.0,7.3
2026-05-11,P0110,2.0,7.82
2026-05-11,P0117,2.0,10.8
2026-05-11,P0118,1.0,4.49
2026-05-11,P0122,2.0,6.04
2026-05-11,P0123,1.0,3.62
2026-05-11,P0124,1.0,2.37
2026-05-11,P0125,2.0,9.0
2026-05-11,P0127,5.0,7.6
2026-05-11,P0128,2.0,2.92
2026-05-12,P0019,1.0,0.19
2026-05-12,P0021,1.0,0.52
2026-05-12,P0023,1.0,2.87
2026-05-12,P0024,2.0,4.1
2026-05-12,P0025,4.0,12.36
2026-05-12,P0027,6.0,7.74
2026-05-12,P0028,4.0,9.68
2026-05-12,P0033,1.0,2.95
2026-05-12,P0035,1.0,12.38
2026-05-12,P0037,1.0,4.76
2026-05-12,P0038,1.0,4.95
2026-05-12,P0039,2.0,18.16
2026-05-12,P0046,1.0,7.68
2026-05-12,P0050,2.0,1.36
2026-05-12,P0051,1.0,3.8
2026-05-12,P0053,1.0,1.13
2026-05-12,P0056,1.0,4.08
2026-05-12,P0057,1.0,3.47
2026-05-12,P0061,1.0,2.31
2026-05-12,P0063,2.0,4.92
2026-05-12,P0064,3.0,12.72
2026-05-12,P0067,3.0,3.0
2026-05-12,P0068,1.0,3.83
2026-05-12,P0075,1.0,5.42
2026-05-12,P0078,6.0,6.84
2026-05-12,P0079,1.0,5.17
2026-05-12,P0081,5.0,27.1
2026-05-12,P0084,2.0,4.48
2026-05-12,P0091,4.0,13.72
2026-05-12,P0094,2.0,1.44
2026-05-12,P0096,1.0,3.05
2026-05-12,P0097,1.0,1.12
2026-05-12,P0100,1.0,0.23
2026-05-12,P0101,1.0,0.18
2026-05-12,P0103,1.0,2.37
2026-05-12,P0104,1.0,3.05
2026-05-12,P0105,6.0,8.76
2026-05-12,P0108,1.0,2.16
2026-05-12,P0109,1.0,1.89
2026-05-12,P0112,1.0,3.9
2026-05-12,P0114,2.0,3.7
2026-05-12,P0117,1.0,5.4
2026-05-12,P0118,1.0,4.49
2026-05-12,P0121,2.0,18.88
2026-05-12,P0122,1.0,3.02
2026-05-12,P0124,2.0,4.74
2026-05-12,P0128,2.0,2.92
2026-05-13,P0003,5.0,14.9
2026-05-13,P0004,1.0,3.08
2026-05-13,P0008,1.0,1.84
2026-05-13,P0010,1.0,2.57
2026-05-13,P0012,1.0,2.46
2026-05-13,P0013,2.0,5.56
2026-05-13,P0014,1.0,2.05
2026-05-13,P0015,1.0,1.5
2026-05-13,P0018,1.0,0.52
2026-05-13,P0019,1.0,0.19
2026-05-13,P0020,1.0,1.45
2026-05-13,P0022,1.0,2.67
2026-05-13,P0023,1.0,2.87
2026-05-13,P0025,4.0,12.36
2026-05-13,P0026,1.0,1.39
2026-05-13,P0027,1.0,1.29
2026-05-13,P0028,3.0,7.26
2026-05-13,P0029,1.0,3.8
2026-05-13,P0030,1.0,2.14
2026-05-13,P0035,1.0,12.38
2026-05-13,P0038,1.0,4.95
2026-05-13,P0042,1.0,14.27
2026-05-13,P0045,4.0,52.44
2026-05-13,P0047,1.0,7.02
2026-05-13,P0049,2.0,3.7
2026-05-13,P0050,1.0,0.68
2026-05-13,P0051,1.0,3.8
2026-05-13,P0055,1.0,1.27
2026-05-13,P0058,2.0,7.0
2026-05-13,P0059,1.0,0.59
2026-05-13,P0060,1.0,4.1
2026-05-13,P0063,3.0,7.38
2026-05-13,P0064,4.0,16.96
2026-05-13,P0065,2.0,6.08
2026-05-13,P0066,2.0,9.72
2026-05-13,P0078,6.0,6.84
2026-05-13,P0081,6.0,32.52
2026-05-13,P0084,2.0,4.48
2026-05-13,P0086,1.0,3.25
2026-05-13,P0091,6.0,20.58
2026-05-13,P0096,1.0,3.05
2026-05-13,P0097,2.0,2.24
2026-05-13,P0100,1.0,0.23
2026-05-13,P0101,2.0,0.36
2026-05-13,P0103,2.0,4.74
2026-05-13,P0104,1.0,3.05
2026-05-13,P0105,5.0,7.3
2026-05-13,P0110,1.0,3.91
2026-05-13,P0117,2.0,10.8
2026-05-13,P0118,1.0,4.49
2026-05-13,P0121,2.0,18.88
2026-05-13,P0122,1.0,3.02
2026-05-13,P0124,1.0,2.37
2026-05-13,P0127,1.0,1.52
2026-05-13,P0128,3.0,4.38
2026-05-14,P0001,1.0,2.43
2026-05-14,P0005,2.0,4.06
2026-05-14,P0008,1.0,1.84
2026-05-14,P0010,1.0,2.57
2026-05-14,P0014,2.0,4.1
2026-05-14,P0015,1.0,1.5
2026-05-14,P0016,1.0,1.66
2026-05-14,P0018,1.0,0.52
2026-05-14,P0022,1.0,2.67
2026-05-14,P0023,1.0,2.87
2026-05-14,P0025,6.0,18.54
2026-05-14,P0027,2.0,2.58
2026-05-14,P0028,3.0,7.26
2026-05-14,P0029,2.0,7.6
2026-05-14,P0033,1.0,2.95
2026-05-14,P0035,2.0,24.76
2026-05-14,P0037,1.0,4.76
2026-05-14,P0038,1.0,4.95
2026-05-14,P0040,1.0,10.55
2026-05-14,P0043,1.0,8.55
2026-05-14,P0046,1.0,7.68
2026-05-14,P0047,2.0,14.04
2026-05-14,P0049,1.0,1.85
2026-05-14,P0050,2.0,1.36
2026-05-14,P0051,1.0,3.8
2026-05-14,P0052,1.0,0.59
2026-05-14,P0055,2.0,2.54
2026-05-14,P0056,3.0,12.24
2026-05-14,P0057,2.0,6.94
2026-05-14,P0059,1.0,0.59
2026-05-14,P0061,3.0,6.93
2026-05-14,P0063,3.0,7.38
2026-05-14,P0064,5.0,21.2
2026-05-14,P0065,1.0,3.04
2026-05-14,P0066,3.0,14.58
2026-05-14,P0067,5.0,5.0
2026-05-14,P0068,1.0,3.83
2026-05-14,P0072,1.0,1.99
2026-05-14,P0073,1.0,3.99
2026-05-14,P0076,2.0,3.96
2026-05-14,P0078,6.0,6.84
2026-05-14,P0080,1.0,2.0
2026-05-14,P0081,6.0,32.52
2026-05-14,P0084,1.0,2.24
2026-05-14,P0086,1.0,3.25
2026-05-14,P0088,2.0,3.66
2026-05-14,P0089,1.0,0.68
2026-05-14,P0091,5.0,17.15
2026-05-14,P0095,1.0,3.6
2026-05-14,P0096,1.0,3.05
2026-05-14,P0097,4.0,4.48
2026-05-14,P0099,1.0,0.24
2026-05-14,P0101,2.0,0.36
2026-05-14,P0103,1.0,2.37
2026-05-14,P0105,6.0,8.76
2026-05-14,P0106,1.0,1.13
2026-05-14,P0110,1.0,3.91
2026-05-14,P0112,1.0,3.9
2026-05-14,P0117,1.0,5.4
2026-05-14,P0118,2.0,8.98
2026-05-14,P0119,2.0,6.64
2026-05-14,P0122,2.0,6.04
2026-05-14,P0124,1.0,2.37
2026-05-14,P0125,1.0,4.5
2026-05-14,P0127,1.0,1.52
2026-05-15,P0001,2.0,4.86
2026-05-15,P0003,1.0,2.98
2026-05-15,P0006,1.0,0.39
2026-05-15,P0010,1.0,2.57
2026-05-15,P0013,1.0,2.78
2026-05-15,P0014,1.0,2.05
2026-05-15,P0015,1.0,1.5
2026-05-15,P0019,1.0,0.19
2026-05-15,P0020,2.0,2.9
2026-05-15,P0021,1.0,0.52
2026-05-15,P0022,1.0,2.67
2026-05-15,P0025,5.0,15.45
2026-05-15,P0028,6.0,14.52
2026-05-15,P0029,2.0,7.6
2026-05-15,P0033,1.0,2.95
2026-05-15,P0035,3.0,37.14
2026-05-15,P0037,4.0,19.04
2026-05-15,P0045,3.0,39.33
2026-05-15,P0046,1.0,7.68
2026-05-15,P0047,2.0,14.04
2026-05-15,P0049,2.0,3.7
2026-05-15,P0050,1.0,0.68
2026-05-15,P0051,3.0,11.4
2026-05-15,P0052,3.0,1.77
2026-05-15,P0056,2.0,8.16
2026-05-15,P0057,3.0,10.41
2026-05-15,P0058,2.0,7.0
2026-05-15,P0059,1.0,0.59
2026-05-15,P0060,1.0,4.1
2026-05-15,P0062,1.0,2.69
2026-05-15,P0063,4.0,9.84
2026-05-15,P0064,4.0,16.96
2026-05-15,P0065,1.0,3.04
2026-05-15,P0066,1.0,4.86
2026-05-15,P0067,1.0,1.0
2026-05-15,P0068,1.0,3.83
2026-05-15,P0071,1.0,2.94
2026-05-15,P0073,1.0,3.99
2026-05-15,P0075,1.0,5.42
2026-05-15,P0076,1.0,1.98
2026-05-15,P0078,6.0,6.84
2026-05-15,P0081,6.0,32.52
2026-05-15,P0084,3.0,6.72
2026-05-15,P0087,1.0,1.17
2026-05-15,P0089,1.0,0.68
2026-05-15,P0090,1.0,3.69
2026-05-15,P0091,6.0,20.58
2026-05-15,P0094,1.0,0.72
2026-05-15,P0095,2.0,7.2
2026-05-15,P0096,1.0,3.05
2026-05-15,P0097,1.0,1.12
2026-05-15,P0101,1.0,0.18
2026-05-15,P0103,1.0,2.37
2026-05-15,P0104,2.0,6.1
2026-05-15,P0105,6.0,8.76
2026-05-15,P0108,1.0,2.16
2026-05-15,P0110,1.0,3.91
2026-05-15,P0111,1.0,3.7
2026-05-15,P0112,2.0,7.8
2026-05-15,P0114,1.0,1.85
2026-05-15,P0118,1.0,4.49
2026-05-15,P0119,1.0,3.32
2026-05-15,P0120,1.0,8.84
2026-05-15,P0121,1.0,9.44
2026-05-15,P0122,2.0,6.04
2026-05-15,P0123,1.0,3.62
2026-05-15,P0124,1.0,2.37
2026-05-15,P0127,2.0,3.04
2026-05-15,P0128,4.0,5.84
2026-05-16,P0004,1.0,3.08
2026-05-16,P0006,1.0,0.39
2026-05-16,P0015,2.0,3.0
2026-05-16,P0017,3.0,9.54
2026-05-16,P0019,1.0,0.19
2026-05-16,P0020,2.0,2.9
2026-05-16,P0023,1.0,2.87
2026-05-16,P0025,5.0,15.45
2026-05-16,P0027,2.0,2.58
2026-05-16,P0028,6.0,14.52
2026-05-16,P0029,2.0,7.6
2026-05-16,P0031,1.0,0.93
2026-05-16,P0032,2.0,2.06
2026-05-16,P0033,2.0,5.9
2026-05-16,P0035,1.0,12.38
2026-05-16,P0037,2.0,9.52
2026-05-16,P0039,1.0,9.08
2026-05-16,P0041,1.0,9.61
2026-05-16,P0042,1.0,14.27
2026-05-16,P0045,3.0,39.33
2026-05-16,P0047,1.0,7.02
2026-05-16,P0048,2.0,8.16
2026-05-16,P0049,2.0,3.7
2026-05-16,P0051,2.0,7.6
2026-05-16,P0052,1.0,0.59
2026-05-16,P0055,3.0,3.81
2026-05-16,P0056,2.0,8.16
2026-05-16,P0057,3.0,10.41
2026-05-16,P0058,2.0,7.0
2026-05-16,P0063,4.0,9.84
2026-05-16,P0064,6.0,25.44
2026-05-16,P0065,2.0,6.08
2026-05-16,P0066,1.0,4.86
2026-05-16,P0067,5.0,5.0
2026-05-16,P0068,1.0,3.83
2026-05-16,P0069,2.0,9.34
2026-05-16,P0072,1.0,1.99
2026-05-16,P0073,2.0,7.98
2026-05-16,P0075,2.0,10.84
2026-05-16,P0076,1.0,1.98
2026-05-16,P0077,1.0,0.51
2026-05-16,P0078,6.0,6.84
2026-05-16,P0079,2.0,10.34
2026-05-16,P0080,1.0,2.0
2026-05-16,P0081,6.0,32.52
2026-05-16,P0084,4.0,8.96
2026-05-16,P0091,6.0,20.58
2026-05-16,P0095,1.0,3.6
2026-05-16,P0097,2.0,2.24
2026-05-16,P0101,3.0,0.54
2026-05-16,P0103,1.0,2.37
2026-05-16,P0105,6.0,8.76
2026-05-16,P0106,1.0,1.13
2026-05-16,P0107,1.0,3.48
2026-05-16,P0110,3.0,11.73
2026-05-16,P0112,2.0,7.8
2026-05-16,P0115,1.0,1.96
2026-05-16,P0117,1.0,5.4
2026-05-16,P0118,1.0,4.49
2026-05-16,P0121,2.0,18.88
2026-05-16,P0122,4.0,12.08
2026-05-16,P0123,1.0,3.62
2026-05-16,P0124,3.0,7.11
2026-05-16,P0127,2.0,3.04
2026-05-16,P0128,2.0,2.92
2026-05-17,P0001,3.0,7.29
2026-05-17,P0004,1.0,3.08
2026-05-17,P0007,1.0,2.07
2026-05-17,P0015,1.0,1.5
2026-05-17,P0018,1.0,0.52
2026-05-17,P0020,1.0,1.45
2026-05-17,P0022,1.0,2.67
2026-05-17,P0023,2.0,5.74
2026-05-17,P0025,5.0,15.45
2026-05-17,P0026,3.0,4.17
2026-05-17,P0027,5.0,6.45
2026-05-17,P0028,5.0,12.1
2026-05-17,P0029,1.0,3.8
2026-05-17,P0035,1.0,12.38
2026-05-17,P0047,1.0,7.02
2026-05-17,P0048,1.0,4.08
2026-05-17,P0049,1.0,1.85
2026-05-17,P0050,3.0,2.04
2026-05-17,P0051,3.0,11.4
2026-05-17,P0052,1.0,0.59
2026-05-17,P0053,1.0,1.13
2026-05-17,P0056,1.0,4.08
2026-05-17,P0057,1.0,3.47
2026-05-17,P0058,1.0,3.5
2026-05-17,P0061,1.0,2.31
2026-05-17,P0063,2.0,4.92
2026-05-17,P0064,6.0,25.44
2026-05-17,P0066,1.0,4.86
2026-05-17,P0067,2.0,2.0
2026-05-17,P0070,1.0,1.65
2026-05-17,P0072,1.0,1.99
2026-05-17,P0077,1.0,0.51
2026-05-17,P0078,6.0,6.84
2026-05-17,P0079,2.0,10.34
2026-05-17,P0080,1.0,2.0
2026-05-17,P0081,6.0,32.52
2026-05-17,P0084,3.0,6.72
2026-05-17,P0090,1.0,3.69
2026-05-17,P0091,5.0,17.15
2026-05-17,P0094,1.0,0.72
2026-05-17,P0097,2.0,2.24
2026-05-17,P0101,2.0,0.36
2026-05-17,P0103,1.0,2.37
2026-05-17,P0104,2.0,6.1
2026-05-17,P0105,6.0,8.76
2026-05-17,P0109,1.0,1.89
2026-05-17,P0110,2.0,7.82
2026-05-17,P0111,1.0,3.7
2026-05-17,P0113,1.0,3.35
2026-05-17,P0115,1.0,1.96
2026-05-17,P0116,1.0,2.18
2026-05-17,P0118,1.0,4.49
2026-05-17,P0121,4.0,37.76
2026-05-17,P0122,1.0,3.02
2026-05-17,P0123,1.0,3.62
2026-05-17,P0124,1.0,2.37
2026-05-17,P0126,1.0,2.19
2026-05-17,P0128,1.0,1.46
2026-05-18,P0001,3.0,7.29
2026-05-18,P0003,1.0,2.98
2026-05-18,P0006,2.0,0.78
2026-05-18,P0010,1.0,2.57
2026-05-18,P0014,1.0,2.05
2026-05-18,P0016,1.0,1.66
2026-05-18,P0017,1.0,3.18
2026-05-18,P0018,1.0,0.52
2026-05-18,P0022,2.0,5.34
2026-05-18,P0025,3.0,9.27
2026-05-18,P0026,1.0,1.39
2026-05-18,P0027,2.0,2.58
2026-05-18,P0028,5.0,12.1
2026-05-18,P0029,1.0,3.8
2026-05-18,P0033,2.0,5.9
2026-05-18,P0039,2.0,18.16
2026-05-18,P0042,1.0,14.27
2026-05-18,P0043,1.0,8.55
2026-05-18,P0044,1.0,11.65
2026-05-18,P0045,1.0,13.11
2026-05-18,P0047,1.0,7.02
2026-05-18,P0048,1.0,4.08
2026-05-18,P0050,2.0,1.36
2026-05-18,P0051,1.0,3.8
2026-05-18,P0053,1.0,1.13
2026-05-18,P0056,2.0,8.16
2026-05-18,P0057,1.0,3.47
2026-05-18,P0058,1.0,3.5
2026-05-18,P0061,2.0,4.62
2026-05-18,P0062,1.0,2.69
2026-05-18,P0063,1.0,2.46
2026-05-18,P0064,4.0,16.96
2026-05-18,P0065,1.0,3.04
2026-05-18,P0066,1.0,4.86
2026-05-18,P0067,3.0,3.0
2026-05-18,P0070,1.0,1.65
2026-05-18,P0076,1.0,1.98
2026-05-18,P0077,1.0,0.51
2026-05-18,P0078,6.0,6.84
2026-05-18,P0079,1.0,5.17
2026-05-18,P0081,6.0,32.52
2026-05-18,P0084,1.0,2.24
2026-05-18,P0090,1.0,3.69
2026-05-18,P0091,6.0,20.58
2026-05-18,P0094,1.0,0.72
2026-05-18,P0095,1.0,3.6
2026-05-18,P0096,1.0,3.05
2026-05-18,P0097,2.0,2.24
2026-05-18,P0101,1.0,0.18
2026-05-18,P0104,1.0,3.05
2026-05-18,P0105,5.0,7.3
2026-05-18,P0110,3.0,11.73
2026-05-18,P0112,1.0,3.9
2026-05-18,P0114,1.0,1.85
2026-05-18,P0118,1.0,4.49
2026-05-18,P0121,2.0,18.88
2026-05-18,P0124,2.0,4.74
2026-05-19,P0001,3.0,7.29
2026-05-19,P0003,1.0,2.98
2026-05-19,P0004,1.0,3.08
2026-05-19,P0011,1.0,2.62
2026-05-19,P0012,1.0,2.46
2026-05-19,P0020,1.0,1.45
2026-05-19,P0021,1.0,0.52
2026-05-19,P0025,3.0,9.27
2026-05-19,P0027,1.0,1.29
2026-05-19,P0028,2.0,4.84
2026-05-19,P0029,2.0,7.6
2026-05-19,P0031,2.0,1.86
2026-05-19,P0034,1.0,9.5
2026-05-19,P0038,1.0,4.95
2026-05-19,P0040,1.0,10.55
2026-05-19,P0042,1.0,14.27
2026-05-19,P0046,1.0,7.68
2026-05-19,P0047,1.0,7.02
2026-05-19,P0048,1.0,4.08
2026-05-19,P0050,2.0,1.36
2026-05-19,P0051,3.0,11.4
2026-05-19,P0052,1.0,0.59
2026-05-19,P0055,1.0,1.27
2026-05-19,P0056,1.0,4.08
2026-05-19,P0057,3.0,10.41
2026-05-19,P0058,1.0,3.5
2026-05-19,P0059,1.0,0.59
2026-05-19,P0063,4.0,9.84
2026-05-19,P0064,1.0,4.24
2026-05-19,P0066,2.0,9.72
2026-05-19,P0067,3.0,3.0
2026-05-19,P0070,1.0,1.65
2026-05-19,P0078,6.0,6.84
2026-05-19,P0081,5.0,27.1
2026-05-19,P0084,1.0,2.24
2026-05-19,P0089,1.0,0.68
2026-05-19,P0091,3.0,10.29
2026-05-19,P0094,1.0,0.72
2026-05-19,P0097,2.0,2.24
2026-05-19,P0098,1.0,0.45
2026-05-19,P0100,1.0,0.23
2026-05-19,P0101,1.0,0.18
2026-05-19,P0104,2.0,6.1
2026-05-19,P0105,4.0,5.84
2026-05-19,P0110,2.0,7.82
2026-05-19,P0112,1.0,3.9
2026-05-19,P0117,1.0,5.4
2026-05-19,P0119,1.0,3.32
2026-05-19,P0122,2.0,6.04
2026-05-19,P0123,1.0,3.62
2026-05-19,P0127,1.0,1.52
2026-05-19,P0128,1.0,1.46
2026-05-20,P0001,1.0,2.43
2026-05-20,P0008,1.0,1.84
2026-05-20,P0010,1.0,2.57
2026-05-20,P0014,1.0,2.05
2026-05-20,P0020,1.0,1.45
2026-05-20,P0022,1.0,2.67
2026-05-20,P0025,3.0,9.27
2026-05-20,P0027,2.0,2.58
2026-05-20,P0028,5.0,12.1
2026-05-20,P0035,2.0,24.76
2026-05-20,P0041,1.0,9.61
2026-05-20,P0042,1.0,14.27
2026-05-20,P0047,1.0,7.02
2026-05-20,P0048,3.0,12.24
2026-05-20,P0049,1.0,1.85
2026-05-20,P0050,1.0,0.68
2026-05-20,P0051,2.0,7.6
2026-05-20,P0052,3.0,1.77
2026-05-20,P0055,2.0,2.54
2026-05-20,P0056,2.0,8.16
2026-05-20,P0057,1.0,3.47
2026-05-20,P0060,1.0,4.1
2026-05-20,P0062,1.0,2.69
2026-05-20,P0063,2.0,4.92
2026-05-20,P0064,4.0,16.96
2026-05-20,P0065,2.0,6.08
2026-05-20,P0066,1.0,4.86
2026-05-20,P0067,2.0,2.0
2026-05-20,P0068,1.0,3.83
2026-05-20,P0074,1.0,0.99
2026-05-20,P0075,2.0,10.84
2026-05-20,P0077,1.0,0.51
2026-05-20,P0078,6.0,6.84
2026-05-20,P0081,6.0,32.52
2026-05-20,P0084,2.0,4.48
2026-05-20,P0086,1.0,3.25
2026-05-20,P0088,1.0,1.83
2026-05-20,P0091,5.0,17.15
2026-05-20,P0093,1.0,3.5
2026-05-20,P0094,1.0,0.72
2026-05-20,P0097,1.0,1.12
2026-05-20,P0100,1.0,0.23
2026-05-20,P0103,1.0,2.37
2026-05-20,P0104,1.0,3.05
2026-05-20,P0105,4.0,5.84
2026-05-20,P0108,1.0,2.16
2026-05-20,P0110,2.0,7.82
2026-05-20,P0112,2.0,7.8
2026-05-20,P0117,1.0,5.4
2026-05-20,P0121,1.0,9.44
2026-05-20,P0122,1.0,3.02
2026-05-20,P0123,2.0,7.24
2026-05-20,P0124,2.0,4.74
2026-05-20,P0127,1.0,1.52
2026-05-20,P0128,1.0,1.46
2026-05-21,P0001,1.0,2.43
2026-05-21,P0003,1.0,2.98
2026-05-21,P0004,2.0,6.16
2026-05-21,P0005,1.0,2.03
2026-05-21,P0011,1.0,2.62
2026-05-21,P0014,1.0,2.05
2026-05-21,P0015,1.0,1.5
2026-05-21,P0019,1.0,0.19
2026-05-21,P0022,1.0,2.67
2026-05-21,P0023,1.0,2.87
2026-05-21,P0025,5.0,15.45
2026-05-21,P0027,1.0,1.29
2026-05-21,P0028,4.0,9.68
2026-05-21,P0031,1.0,0.93
2026-05-21,P0033,1.0,2.95
2026-05-21,P0034,1.0,9.5
2026-05-21,P0035,2.0,24.76
2026-05-21,P0037,1.0,4.76
2026-05-21,P0038,2.0,9.9
2026-05-21,P0042,1.0,14.27
2026-05-21,P0045,2.0,26.22
2026-05-21,P0048,1.0,4.08
2026-05-21,P0049,1.0,1.85
2026-05-21,P0050,2.0,1.36
2026-05-21,P0051,2.0,7.6
2026-05-21,P0052,1.0,0.59
2026-05-21,P0055,1.0,1.27
2026-05-21,P0056,3.0,12.24
2026-05-21,P0057,1.0,3.47
2026-05-21,P0058,1.0,3.5
2026-05-21,P0059,1.0,0.59
2026-05-21,P0060,1.0,4.1
2026-05-21,P0063,3.0,7.38
2026-05-21,P0064,2.0,8.48
2026-05-21,P0065,3.0,9.12
2026-05-21,P0067,1.0,1.0
2026-05-21,P0068,2.0,7.66
2026-05-21,P0073,1.0,3.99
2026-05-21,P0074,1.0,0.99
2026-05-21,P0076,1.0,1.98
2026-05-21,P0078,6.0,6.84
2026-05-21,P0080,1.0,2.0
2026-05-21,P0081,6.0,32.52
2026-05-21,P0084,3.0,6.72
2026-05-21,P0089,1.0,0.68
2026-05-21,P0091,3.0,10.29
2026-05-21,P0093,1.0,3.5
2026-05-21,P0094,1.0,0.72
2026-05-21,P0095,1.0,3.6
2026-05-21,P0097,1.0,1.12
2026-05-21,P0101,3.0,0.54
2026-05-21,P0103,1.0,2.37
2026-05-21,P0104,1.0,3.05
2026-05-21,P0105,6.0,8.76
2026-05-21,P0110,4.0,15.64
2026-05-21,P0112,1.0,3.9
2026-05-21,P0113,2.0,6.7
2026-05-21,P0115,1.0,1.96
2026-05-21,P0116,1.0,2.18
2026-05-21,P0118,3.0,13.47
2026-05-21,P0119,1.0,3.32
2026-05-21,P0121,2.0,18.88
2026-05-21,P0122,1.0,3.02
2026-05-21,P0123,4.0,14.48
2026-05-21,P0124,3.0,7.11
2026-05-21,P0127,2.0,3.04
2026-05-21,P0128,4.0,5.84
2026-05-22,P0001,2.0,4.86
2026-05-22,P0004,1.0,3.08
2026-05-22,P0006,1.0,0.39
2026-05-22,P0011,1.0,2.62
2026-05-22,P0014,1.0,2.05
2026-05-22,P0015,1.0,1.5
2026-05-22,P0019,1.0,0.19
2026-05-22,P0025,5.0,15.45
2026-05-22,P0026,1.0,1.39
2026-05-22,P0027,2.0,2.58
2026-05-22,P0028,4.0,9.68
2026-05-22,P0029,1.0,3.8
2026-05-22,P0031,2.0,1.86
2026-05-22,P0032,2.0,2.06
2026-05-22,P0033,1.0,2.95
2026-05-22,P0035,2.0,24.76
2026-05-22,P0036,1.0,9.19
2026-05-22,P0039,1.0,9.08
2026-05-22,P0042,1.0,14.27
2026-05-22,P0045,2.0,26.22
2026-05-22,P0048,3.0,12.24
2026-05-22,P0049,2.0,3.7
2026-05-22,P0050,1.0,0.68
2026-05-22,P0051,2.0,7.6
2026-05-22,P0052,1.0,0.59
2026-05-22,P0056,2.0,8.16
2026-05-22,P0057,2.0,6.94
2026-05-22,P0058,2.0,7.0
2026-05-22,P0063,2.0,4.92
2026-05-22,P0064,6.0,25.44
2026-05-22,P0066,3.0,14.58
2026-05-22,P0067,1.0,1.0
2026-05-22,P0072,1.0,1.99
2026-05-22,P0073,2.0,7.98
2026-05-22,P0074,1.0,0.99
2026-05-22,P0075,1.0,5.42
2026-05-22,P0078,6.0,6.84
2026-05-22,P0079,1.0,5.17
2026-05-22,P0081,6.0,32.52
2026-05-22,P0084,2.0,4.48
2026-05-22,P0086,2.0,6.5
2026-05-22,P0091,6.0,20.58
2026-05-22,P0094,3.0,2.16
2026-05-22,P0097,2.0,2.24
2026-05-22,P0100,1.0,0.23
2026-05-22,P0101,1.0,0.18
2026-05-22,P0103,1.0,2.37
2026-05-22,P0104,2.0,6.1
2026-05-22,P0105,6.0,8.76
2026-05-22,P0110,3.0,11.73
2026-05-22,P0112,1.0,3.9
2026-05-22,P0116,1.0,2.18
2026-05-22,P0117,2.0,10.8
2026-05-22,P0118,1.0,4.49
2026-05-22,P0121,4.0,37.76
2026-05-22,P0122,2.0,6.04
2026-05-22,P0123,2.0,7.24
2026-05-22,P0124,2.0,4.74
2026-05-22,P0125,1.0,4.5
2026-05-22,P0127,3.0,4.56
2026-05-22,P0128,3.0,4.38
2026-05-23,P0001,2.0,4.86
2026-05-23,P0004,2.0,6.16
2026-05-23,P0005,1.0,2.03
2026-05-23,P0006,1.0,0.39
2026-05-23,P0008,1.0,1.84
2026-05-23,P0011,1.0,2.62
2026-05-23,P0014,2.0,4.1
2026-05-23,P0015,2.0,3.0
2026-05-23,P0019,1.0,0.19
2026-05-23,P0022,1.0,2.67
2026-05-23,P0025,6.0,18.54
2026-05-23,P0026,2.0,2.78
2026-05-23,P0027,3.0,3.87
2026-05-23,P0028,6.0,14.52
2026-05-23,P0029,4.0,15.2
2026-05-23,P0030,2.0,4.28
2026-05-23,P0031,3.0,2.79
2026-05-23,P0032,3.0,3.09
2026-05-23,P0034,2.0,19.0
2026-05-23,P0035,2.0,24.76
2026-05-23,P0037,1.0,4.76
2026-05-23,P0038,2.0,9.9
2026-05-23,P0039,1.0,9.08
2026-05-23,P0040,1.0,10.55
2026-05-23,P0042,1.0,14.27
2026-05-23,P0045,2.0,26.22
2026-05-23,P0047,2.0,14.04
2026-05-23,P0048,1.0,4.08
2026-05-23,P0049,2.0,3.7
2026-05-23,P0051,3.0,11.4
2026-05-23,P0052,4.0,2.36
2026-05-23,P0055,1.0,1.27
2026-05-23,P0056,4.0,16.32
2026-05-23,P0057,2.0,6.94
2026-05-23,P0061,2.0,4.62
2026-05-23,P0063,3.0,7.38
2026-05-23,P0064,4.0,16.96
2026-05-23,P0065,1.0,3.04
2026-05-23,P0066,3.0,14.58
2026-05-23,P0067,3.0,3.0
2026-05-23,P0070,1.0,1.65
2026-05-23,P0072,1.0,1.99
2026-05-23,P0078,6.0,6.84
2026-05-23,P0080,2.0,4.0
2026-05-23,P0081,6.0,32.52
2026-05-23,P0084,4.0,8.96
2026-05-23,P0091,6.0,20.58
2026-05-23,P0094,3.0,2.16
2026-05-23,P0097,1.0,1.12
2026-05-23,P0101,3.0,0.54
2026-05-23,P0103,3.0,7.11
2026-05-23,P0104,3.0,9.15
2026-05-23,P0105,6.0,8.76
2026-05-23,P0110,2.0,7.82
2026-05-23,P0112,3.0,11.7
2026-05-23,P0114,3.0,5.55
2026-05-23,P0117,1.0,5.4
2026-05-23,P0119,2.0,6.64
2026-05-23,P0121,4.0,37.76
2026-05-23,P0122,1.0,3.02
2026-05-23,P0123,1.0,3.62
2026-05-23,P0124,1.0,2.37
2026-05-23,P0127,4.0,6.08
2026-05-23,P0128,3.0,4.38
2026-05-24,P0001,3.0,7.29
2026-05-24,P0002,1.0,0.48
2026-05-24,P0004,1.0,3.08
2026-05-24,P0006,1.0,0.39
2026-05-24,P0013,1.0,2.78
2026-05-24,P0015,2.0,3.0
2026-05-24,P0017,1.0,3.18
2026-05-24,P0018,1.0,0.52
2026-05-24,P0020,1.0,1.45
2026-05-24,P0022,1.0,2.67
2026-05-24,P0025,4.0,12.36
2026-05-24,P0026,1.0,1.39
2026-05-24,P0027,3.0,3.87
2026-05-24,P0028,2.0,4.84
2026-05-24,P0032,1.0,1.03
2026-05-24,P0035,2.0,24.76
2026-05-24,P0040,1.0,10.55
2026-05-24,P0042,2.0,28.54
2026-05-24,P0045,2.0,26.22
2026-05-24,P0046,1.0,7.68
2026-05-24,P0047,2.0,14.04
2026-05-24,P0049,1.0,1.85
2026-05-24,P0050,1.0,0.68
2026-05-24,P0051,5.0,19.0
2026-05-24,P0052,3.0,1.77
2026-05-24,P0055,3.0,3.81
2026-05-24,P0056,4.0,16.32
2026-05-24,P0057,3.0,10.41
2026-05-24,P0058,2.0,7.0
2026-05-24,P0062,2.0,5.38
2026-05-24,P0063,2.0,4.92
2026-05-24,P0064,4.0,16.96
2026-05-24,P0065,2.0,6.08
2026-05-24,P0066,2.0,9.72
2026-05-24,P0067,1.0,1.0
2026-05-24,P0068,1.0,3.83
2026-05-24,P0070,1.0,1.65
2026-05-24,P0076,1.0,1.98
2026-05-24,P0078,6.0,6.84
2026-05-24,P0080,1.0,2.0
2026-05-24,P0081,6.0,32.52
2026-05-24,P0084,1.0,2.24
2026-05-24,P0086,1.0,3.25
2026-05-24,P0091,6.0,20.58
2026-05-24,P0094,1.0,0.72
2026-05-24,P0095,1.0,3.6
2026-05-24,P0097,1.0,1.12
2026-05-24,P0100,1.0,0.23
2026-05-24,P0101,1.0,0.18
2026-05-24,P0103,1.0,2.37
2026-05-24,P0104,3.0,9.15
2026-05-24,P0105,5.0,7.3
2026-05-24,P0108,1.0,2.16
2026-05-24,P0110,3.0,11.73
2026-05-24,P0112,2.0,7.8
2026-05-24,P0113,1.0,3.35
2026-05-24,P0119,1.0,3.32
2026-05-24,P0121,2.0,18.88
2026-05-24,P0122,2.0,6.04
2026-05-24,P0123,1.0,3.62
2026-05-24,P0124,1.0,2.37
2026-05-24,P0125,1.0,4.5
2026-05-24,P0126,1.0,2.19
2026-05-24,P0127,2.0,3.04
2026-05-24,P0128,3.0,4.38
2026-05-25,P0003,2.0,5.96
2026-05-25,P0004,2.0,6.16
2026-05-25,P0005,1.0,2.03
2026-05-25,P0007,1.0,2.07
2026-05-25,P0010,1.0,2.57
2026-05-25,P0011,1.0,2.62
2026-05-25,P0014,1.0,2.05
2026-05-25,P0015,1.0,1.5
2026-05-25,P0018,1.0,0.52
2026-05-25,P0025,4.0,12.36
2026-05-25,P0026,2.0,2.78
2026-05-25,P0027,1.0,1.29
2026-05-25,P0028,4.0,9.68
2026-05-25,P0029,1.0,3.8
2026-05-25,P0033,1.0,2.95
2026-05-25,P0035,1.0,12.38
2026-05-25,P0037,1.0,4.76
2026-05-25,P0039,2.0,18.16
2026-05-25,P0045,2.0,26.22
2026-05-25,P0047,2.0,14.04
2026-05-25,P0048,2.0,8.16
2026-05-25,P0049,2.0,3.7
2026-05-25,P0050,1.0,0.68
2026-05-25,P0051,3.0,11.4
2026-05-25,P0056,1.0,4.08
2026-05-25,P0057,1.0,3.47
2026-05-25,P0058,2.0,7.0
2026-05-25,P0059,1.0,0.59
2026-05-25,P0063,2.0,4.92
2026-05-25,P0064,3.0,12.72
2026-05-25,P0065,1.0,3.04
2026-05-25,P0066,1.0,4.86
2026-05-25,P0067,2.0,2.0
2026-05-25,P0076,1.0,1.98
2026-05-25,P0078,6.0,6.84
2026-05-25,P0080,1.0,2.0
2026-05-25,P0081,6.0,32.52
2026-05-25,P0086,2.0,6.5
2026-05-25,P0088,1.0,1.83
2026-05-25,P0089,1.0,0.68
2026-05-25,P0091,6.0,20.58
2026-05-25,P0093,1.0,3.5
2026-05-25,P0094,1.0,0.72
2026-05-25,P0095,1.0,3.6
2026-05-25,P0097,1.0,1.12
2026-05-25,P0101,2.0,0.36
2026-05-25,P0104,2.0,6.1
2026-05-25,P0105,4.0,5.84
2026-05-25,P0107,1.0,3.48
2026-05-25,P0110,2.0,7.82
2026-05-25,P0121,1.0,9.44
2026-05-25,P0122,1.0,3.02
2026-05-25,P0123,1.0,3.62
2026-05-25,P0124,1.0,2.37
2026-05-25,P0125,1.0,4.5
2026-05-25,P0126,1.0,2.19
2026-05-25,P0127,3.0,4.56
2026-05-25,P0128,1.0,1.46
2026-05-26,P0001,1.0,2.43
2026-05-26,P0003,1.0,2.98
2026-05-26,P0004,1.0,3.08
2026-05-26,P0005,1.0,2.03
2026-05-26,P0006,1.0,0.39
2026-05-26,P0014,2.0,4.1
2026-05-26,P0016,1.0,1.66
2026-05-26,P0019,1.0,0.19
2026-05-26,P0020,2.0,2.9
2026-05-26,P0022,2.0,5.34
2026-05-26,P0024,1.0,2.05
2026-05-26,P0025,6.0,18.54
2026-05-26,P0026,1.0,1.39
2026-05-26,P0027,1.0,1.29
2026-05-26,P0028,2.0,4.84
2026-05-26,P0029,1.0,3.8
2026-05-26,P0030,1.0,2.14
2026-05-26,P0035,2.0,24.76
2026-05-26,P0037,1.0,4.76
2026-05-26,P0038,1.0,4.95
2026-05-26,P0039,1.0,9.08
2026-05-26,P0041,1.0,9.61
2026-05-26,P0047,1.0,7.02
2026-05-26,P0049,2.0,3.7
2026-05-26,P0052,3.0,1.77
2026-05-26,P0053,1.0,1.13
2026-05-26,P0056,2.0,8.16
2026-05-26,P0059,3.0,1.77
2026-05-26,P0061,2.0,4.62
2026-05-26,P0062,1.0,2.69
2026-05-26,P0063,2.0,4.92
2026-05-26,P0064,3.0,12.72
2026-05-26,P0065,1.0,3.04
2026-05-26,P0067,4.0,4.0
2026-05-26,P0069,3.0,14.01
2026-05-26,P0071,1.0,2.94
2026-05-26,P0072,1.0,1.99
2026-05-26,P0073,1.0,3.99
2026-05-26,P0076,1.0,1.98
2026-05-26,P0077,1.0,0.51
2026-05-26,P0078,6.0,6.84
2026-05-26,P0081,6.0,32.52
2026-05-26,P0082,1.0,4.31
2026-05-26,P0084,4.0,8.96
2026-05-26,P0089,2.0,1.36
2026-05-26,P0091,4.0,13.72
2026-05-26,P0093,1.0,3.5
2026-05-26,P0096,1.0,3.05
2026-05-26,P0097,1.0,1.12
2026-05-26,P0101,3.0,0.54
2026-05-26,P0104,2.0,6.1
2026-05-26,P0105,4.0,5.84
2026-05-26,P0107,1.0,3.48
2026-05-26,P0109,1.0,1.89
2026-05-26,P0110,4.0,15.64
2026-05-26,P0111,1.0,3.7
2026-05-26,P0112,1.0,3.9
2026-05-26,P0114,1.0,1.85
2026-05-26,P0117,1.0,5.4
2026-05-26,P0118,1.0,4.49
2026-05-26,P0122,2.0,6.04
2026-05-26,P0124,2.0,4.74
2026-05-26,P0125,1.0,4.5
2026-05-26,P0127,1.0,1.52
2026-05-27,P0001,1.0,2.43
2026-05-27,P0006,2.0,0.78
2026-05-27,P0014,1.0,2.05
2026-05-27,P0015,1.0,1.5
2026-05-27,P0020,1.0,1.45
2026-05-27,P0021,2.0,1.04
2026-05-27,P0022,1.0,2.67
2026-05-27,P0023,1.0,2.87
2026-05-27,P0025,5.0,15.45
2026-05-27,P0026,2.0,2.78
2026-05-27,P0027,1.0,1.29
2026-05-27,P0028,5.0,12.1
2026-05-27,P0029,1.0,3.8
2026-05-27,P0031,2.0,1.86
2026-05-27,P0032,1.0,1.03
2026-05-27,P0033,1.0,2.95
2026-05-27,P0035,2.0,24.76
2026-05-27,P0038,1.0,4.95
2026-05-27,P0042,1.0,14.27
2026-05-27,P0047,1.0,7.02
2026-05-27,P0048,2.0,8.16
2026-05-27,P0049,1.0,1.85
2026-05-27,P0050,2.0,1.36
2026-05-27,P0051,3.0,11.4
2026-05-27,P0054,1.0,1.06
2026-05-27,P0055,1.0,1.27
2026-05-27,P0056,3.0,12.24
2026-05-27,P0058,2.0,7.0
2026-05-27,P0063,3.0,7.38
2026-05-27,P0064,5.0,21.2
2026-05-27,P0065,1.0,3.04
2026-05-27,P0066,2.0,9.72
2026-05-27,P0067,1.0,1.0
2026-05-27,P0068,1.0,3.83
2026-05-27,P0075,2.0,10.84
2026-05-27,P0078,6.0,6.84
2026-05-27,P0079,1.0,5.17
2026-05-27,P0080,1.0,2.0
2026-05-27,P0081,6.0,32.52
2026-05-27,P0084,1.0,2.24
2026-05-27,P0086,2.0,6.5
2026-05-27,P0089,1.0,0.68
2026-05-27,P0091,5.0,17.15
2026-05-27,P0093,1.0,3.5
2026-05-27,P0094,3.0,2.16
2026-05-27,P0095,1.0,3.6
2026-05-27,P0097,3.0,3.36
2026-05-27,P0101,3.0,0.54
2026-05-27,P0103,1.0,2.37
2026-05-27,P0104,1.0,3.05
2026-05-27,P0105,6.0,8.76
2026-05-27,P0108,1.0,2.16
2026-05-27,P0110,2.0,7.82
2026-05-27,P0112,2.0,7.8
2026-05-27,P0117,1.0,5.4
2026-05-27,P0121,2.0,18.88
2026-05-27,P0122,2.0,6.04
2026-05-27,P0123,1.0,3.62
2026-05-27,P0124,1.0,2.37
2026-05-27,P0125,1.0,4.5
2026-05-27,P0127,2.0,3.04
2026-05-28,P0001,2.0,4.86
2026-05-28,P0003,1.0,2.98
2026-05-28,P0005,1.0,2.03
2026-05-28,P0006,1.0,0.39
2026-05-28,P0011,1.0,2.62
2026-05-28,P0012,1.0,2.46
2026-05-28,P0013,1.0,2.78
2026-05-28,P0014,1.0,2.05
2026-05-28,P0015,1.0,1.5
2026-05-28,P0016,1.0,1.66
2026-05-28,P0018,2.0,1.04
2026-05-28,P0020,1.0,1.45
2026-05-28,P0023,3.0,8.61
2026-05-28,P0025,4.0,12.36
2026-05-28,P0027,2.0,2.58
2026-05-28,P0028,5.0,12.1
2026-05-28,P0029,1.0,3.8
2026-05-28,P0030,1.0,2.14
2026-05-28,P0031,1.0,0.93
2026-05-28,P0033,1.0,2.95
2026-05-28,P0035,3.0,37.14
2026-05-28,P0037,2.0,9.52
2026-05-28,P0039,2.0,18.16
2026-05-28,P0042,1.0,14.27
2026-05-28,P0044,1.0,11.65
2026-05-28,P0047,3.0,21.06
2026-05-28,P0048,1.0,4.08
2026-05-28,P0049,1.0,1.85
2026-05-28,P0050,2.0,1.36
2026-05-28,P0052,4.0,2.36
2026-05-28,P0054,1.0,1.06
2026-05-28,P0055,1.0,1.27
2026-05-28,P0057,1.0,3.47
2026-05-28,P0058,1.0,3.5
2026-05-28,P0059,1.0,0.59
2026-05-28,P0061,1.0,2.31
2026-05-28,P0063,3.0,7.38
2026-05-28,P0064,3.0,12.72
2026-05-28,P0065,2.0,6.08
2026-05-28,P0066,1.0,4.86
2026-05-28,P0067,1.0,1.0
2026-05-28,P0070,2.0,3.3
2026-05-28,P0073,1.0,3.99
2026-05-28,P0074,2.0,1.98
2026-05-28,P0075,1.0,5.42
2026-05-28,P0077,1.0,0.51
2026-05-28,P0078,6.0,6.84
2026-05-28,P0079,1.0,5.17
2026-05-28,P0080,1.0,2.0
2026-05-28,P0081,6.0,32.52
2026-05-28,P0084,3.0,6.72
2026-05-28,P0086,1.0,3.25
2026-05-28,P0087,1.0,1.17
2026-05-28,P0088,1.0,1.83
2026-05-28,P0089,1.0,0.68
2026-05-28,P0090,1.0,3.69
2026-05-28,P0091,5.0,17.15
2026-05-28,P0094,1.0,0.72
2026-05-28,P0096,2.0,6.1
2026-05-28,P0097,2.0,2.24
2026-05-28,P0101,2.0,0.36
2026-05-28,P0103,1.0,2.37
2026-05-28,P0104,2.0,6.1
2026-05-28,P0105,5.0,7.3
2026-05-28,P0110,2.0,7.82
2026-05-28,P0115,1.0,1.96
2026-05-28,P0118,1.0,4.49
2026-05-28,P0119,2.0,6.64
2026-05-28,P0121,1.0,9.44
2026-05-28,P0122,3.0,9.06
2026-05-28,P0123,2.0,7.24
2026-05-28,P0124,2.0,4.74
2026-05-28,P0127,1.0,1.52
2026-05-28,P0128,3.0,4.38
2026-05-29,P0001,1.0,2.43
2026-05-29,P0004,1.0,3.08
2026-05-29,P0006,2.0,0.78
2026-05-29,P0011,1.0,2.62
2026-05-29,P0013,1.0,2.78
2026-05-29,P0014,2.0,4.1
2026-05-29,P0016,1.0,1.66
2026-05-29,P0018,1.0,0.52
2026-05-29,P0019,1.0,0.19
2026-05-29,P0020,2.0,2.9
2026-05-29,P0021,1.0,0.52
2026-05-29,P0022,3.0,8.01
2026-05-29,P0023,1.0,2.87
2026-05-29,P0025,3.0,9.27
2026-05-29,P0026,2.0,2.78
2026-05-29,P0027,5.0,6.45
2026-05-29,P0028,5.0,12.1
2026-05-29,P0029,2.0,7.6
2026-05-29,P0031,2.0,1.86
2026-05-29,P0032,3.0,3.09
2026-05-29,P0035,2.0,24.76
2026-05-29,P0037,2.0,9.52
2026-05-29,P0039,1.0,9.08
2026-05-29,P0042,1.0,14.27
2026-05-29,P0045,2.0,26.22
2026-05-29,P0047,1.0,7.02
2026-05-29,P0048,2.0,8.16
2026-05-29,P0049,1.0,1.85
2026-05-29,P0050,1.0,0.68
2026-05-29,P0051,1.0,3.8
2026-05-29,P0052,3.0,1.77
2026-05-29,P0053,2.0,2.26
2026-05-29,P0055,1.0,1.27
2026-05-29,P0056,2.0,8.16
2026-05-29,P0057,3.0,10.41
2026-05-29,P0058,1.0,3.5
2026-05-29,P0059,1.0,0.59
2026-05-29,P0061,1.0,2.31
2026-05-29,P0063,4.0,9.84
2026-05-29,P0064,4.0,16.96
2026-05-29,P0065,1.0,3.04
2026-05-29,P0066,2.0,9.72
2026-05-29,P0067,3.0,3.0
2026-05-29,P0069,1.0,4.67
2026-05-29,P0073,1.0,3.99
2026-05-29,P0074,2.0,1.98
2026-05-29,P0078,6.0,6.84
2026-05-29,P0079,1.0,5.17
2026-05-29,P0080,2.0,4.0
2026-05-29,P0081,6.0,32.52
2026-05-29,P0084,2.0,4.48
2026-05-29,P0086,1.0,3.25
2026-05-29,P0090,1.0,3.69
2026-05-29,P0091,6.0,20.58
2026-05-29,P0095,1.0,3.6
2026-05-29,P0096,1.0,3.05
2026-05-29,P0097,2.0,2.24
2026-05-29,P0098,1.0,0.45
2026-05-29,P0101,1.0,0.18
2026-05-29,P0102,2.0,2.36
2026-05-29,P0104,1.0,3.05
2026-05-29,P0105,6.0,8.76
2026-05-29,P0110,1.0,3.91
2026-05-29,P0111,1.0,3.7
2026-05-29,P0113,1.0,3.35
2026-05-29,P0116,1.0,2.18
2026-05-29,P0117,1.0,5.4
2026-05-29,P0119,2.0,6.64
2026-05-29,P0120,1.0,8.84
2026-05-29,P0121,1.0,9.44
2026-05-29,P0122,3.0,9.06
2026-05-29,P0123,1.0,3.62
2026-05-29,P0124,1.0,2.37
2026-05-29,P0125,1.0,4.5
2026-05-29,P0127,3.0,4.56
2026-05-29,P0128,2.0,2.92
2026-05-30,P0001,1.0,2.43
2026-05-30,P0002,1.0,0.48
2026-05-30,P0003,1.0,2.98
2026-05-30,P0005,2.0,4.06
2026-05-30,P0010,1.0,2.57
2026-05-30,P0014,2.0,4.1
2026-05-30,P0015,1.0,1.5
2026-05-30,P0016,2.0,3.32
2026-05-30,P0018,1.0,0.52
2026-05-30,P0019,1.0,0.19
2026-05-30,P0020,3.0,4.35
2026-05-30,P0022,1.0,2.67
2026-05-30,P0023,1.0,2.87
2026-05-30,P0025,6.0,18.54
2026-05-30,P0026,2.0,2.78
2026-05-30,P0027,2.0,2.58
2026-05-30,P0028,6.0,14.52
2026-05-30,P0029,2.0,7.6
2026-05-30,P0030,2.0,4.28
2026-05-30,P0031,1.0,0.93
2026-05-30,P0032,1.0,1.03
2026-05-30,P0033,1.0,2.95
2026-05-30,P0035,5.0,61.9
2026-05-30,P0037,1.0,4.76
2026-05-30,P0039,1.0,9.08
2026-05-30,P0040,1.0,10.55
2026-05-30,P0042,1.0,14.27
2026-05-30,P0045,1.0,13.11
2026-05-30,P0046,1.0,7.68
2026-05-30,P0048,2.0,8.16
2026-05-30,P0050,1.0,0.68
2026-05-30,P0051,4.0,15.2
2026-05-30,P0052,3.0,1.77
2026-05-30,P0053,1.0,1.13
2026-05-30,P0054,2.0,2.12
2026-05-30,P0055,1.0,1.27
2026-05-30,P0056,4.0,16.32
2026-05-30,P0057,1.0,3.47
2026-05-30,P0058,1.0,3.5
2026-05-30,P0059,1.0,0.59
2026-05-30,P0060,1.0,4.1
2026-05-30,P0063,3.0,7.38
2026-05-30,P0064,5.0,21.2
2026-05-30,P0065,2.0,6.08
2026-05-30,P0066,4.0,19.44
2026-05-30,P0067,1.0,1.0
2026-05-30,P0068,1.0,3.83
2026-05-30,P0069,1.0,4.67
2026-05-30,P0070,1.0,1.65
2026-05-30,P0072,1.0,1.99
2026-05-30,P0073,2.0,7.98
2026-05-30,P0074,1.0,0.99
2026-05-30,P0076,1.0,1.98
2026-05-30,P0078,6.0,6.84
2026-05-30,P0079,1.0,5.17
2026-05-30,P0081,6.0,32.52
2026-05-30,P0084,4.0,8.96
2026-05-30,P0086,1.0,3.25
2026-05-30,P0091,6.0,20.58
2026-05-30,P0094,3.0,2.16
2026-05-30,P0095,1.0,3.6
2026-05-30,P0096,1.0,3.05
2026-05-30,P0097,3.0,3.36
2026-05-30,P0101,1.0,0.18
2026-05-30,P0103,1.0,2.37
2026-05-30,P0104,1.0,3.05
2026-05-30,P0105,6.0,8.76
2026-05-30,P0106,1.0,1.13
2026-05-30,P0109,2.0,3.78
2026-05-30,P0110,2.0,7.82
2026-05-30,P0112,2.0,7.8
2026-05-30,P0113,1.0,3.35
2026-05-30,P0116,1.0,2.18
2026-05-30,P0117,2.0,10.8
2026-05-30,P0119,1.0,3.32
2026-05-30,P0120,1.0,8.84
2026-05-30,P0121,3.0,28.32
2026-05-30,P0122,1.0,3.02
2026-05-30,P0124,2.0,4.74
2026-05-30,P0125,2.0,9.0
2026-05-30,P0127,4.0,6.08
2026-05-30,P0128,3.0,4.38
2026-05-31,P0004,1.0,3.08
2026-05-31,P0005,1.0,2.03
2026-05-31,P0007,1.0,2.07
2026-05-31,P0010,1.0,2.57
2026-05-31,P0012,1.0,2.46
2026-05-31,P0014,2.0,4.1
2026-05-31,P0018,1.0,0.52
2026-05-31,P0020,1.0,1.45
2026-05-31,P0022,1.0,2.67
2026-05-31,P0023,1.0,2.87
2026-05-31,P0025,4.0,12.36
2026-05-31,P0028,4.0,9.68
2026-05-31,P0029,2.0,7.6
2026-05-31,P0031,1.0,0.93
2026-05-31,P0034,1.0,9.5
2026-05-31,P0035,1.0,12.38
2026-05-31,P0037,2.0,9.52
2026-05-31,P0039,2.0,18.16
2026-05-31,P0045,1.0,13.11
2026-05-31,P0046,1.0,7.68
2026-05-31,P0047,2.0,14.04
2026-05-31,P0051,2.0,7.6
2026-05-31,P0052,2.0,1.18
2026-05-31,P0053,1.0,1.13
2026-05-31,P0055,3.0,3.81
2026-05-31,P0056,2.0,8.16
2026-05-31,P0057,1.0,3.47
2026-05-31,P0058,1.0,3.5
2026-05-31,P0059,2.0,1.18
2026-05-31,P0061,1.0,2.31
2026-05-31,P0063,3.0,7.38
2026-05-31,P0064,3.0,12.72
2026-05-31,P0065,3.0,9.12
2026-05-31,P0066,2.0,9.72
2026-05-31,P0067,1.0,1.0
2026-05-31,P0068,2.0,7.66
2026-05-31,P0070,2.0,3.3
2026-05-31,P0072,2.0,3.98
2026-05-31,P0073,2.0,7.98
2026-05-31,P0074,1.0,0.99
2026-05-31,P0077,1.0,0.51
2026-05-31,P0078,6.0,6.84
2026-05-31,P0080,1.0,2.0
2026-05-31,P0081,6.0,32.52
2026-05-31,P0084,1.0,2.24
2026-05-31,P0086,1.0,3.25
2026-05-31,P0089,1.0,0.68
2026-05-31,P0091,6.0,20.58
2026-05-31,P0093,1.0,3.5
2026-05-31,P0101,1.0,0.18
2026-05-31,P0104,1.0,3.05
2026-05-31,P0105,6.0,8.76
2026-05-31,P0110,4.0,15.64
2026-05-31,P0112,2.0,7.8
2026-05-31,P0117,1.0,5.4
2026-05-31,P0118,1.0,4.49
2026-05-31,P0121,1.0,9.44
2026-05-31,P0122,2.0,6.04
2026-05-31,P0124,2.0,4.74
2026-05-31,P0127,2.0,3.04
2026-05-31,P0128,1.0,1.46
2026-06-01,P0001,2.0,4.86
2026-06-01,P0010,1.0,2.57
2026-06-01,P0011,1.0,2.62
2026-06-01,P0012,1.0,2.46
2026-06-01,P0014,2.0,4.1
2026-06-01,P0015,1.0,1.5
2026-06-01,P0017,1.0,3.18
2026-06-01,P0019,1.0,0.19
2026-06-01,P0020,1.0,1.45
2026-06-01,P0023,1.0,2.87
2026-06-01,P0024,1.0,2.05
2026-06-01,P0025,3.0,9.27
2026-06-01,P0026,2.0,2.78
2026-06-01,P0027,2.0,2.58
2026-06-01,P0028,3.0,7.26
2026-06-01,P0029,1.0,3.8
2026-06-01,P0030,1.0,2.14
2026-06-01,P0032,1.0,1.03
2026-06-01,P0035,3.0,37.14
2026-06-01,P0038,2.0,9.9
2026-06-01,P0047,1.0,7.02
2026-06-01,P0051,1.0,3.8
2026-06-01,P0055,3.0,3.81
2026-06-01,P0056,1.0,4.08
2026-06-01,P0057,2.0,6.94
2026-06-01,P0058,1.0,3.5
2026-06-01,P0062,1.0,2.69
2026-06-01,P0063,2.0,4.92
2026-06-01,P0064,5.0,21.2
2026-06-01,P0065,1.0,3.04
2026-06-01,P0066,3.0,14.58
2026-06-01,P0067,2.0,2.0
2026-06-01,P0078,6.0,6.84
2026-06-01,P0081,6.0,32.52
2026-06-01,P0084,1.0,2.24
2026-06-01,P0086,2.0,6.5
2026-06-01,P0089,1.0,0.68
2026-06-01,P0091,5.0,17.15
2026-06-01,P0097,4.0,4.48
2026-06-01,P0104,2.0,6.1
2026-06-01,P0105,5.0,7.3
2026-06-01,P0110,1.0,3.91
2026-06-01,P0113,1.0,3.35
2026-06-01,P0121,1.0,9.44
2026-06-01,P0122,1.0,3.02
2026-06-01,P0123,1.0,3.62
2026-06-01,P0125,1.0,4.5
2026-06-01,P0127,3.0,4.56
2026-06-01,P0128,2.0,2.92
2026-06-02,P0001,1.0,2.43
2026-06-02,P0005,1.0,2.03
2026-06-02,P0014,1.0,2.05
2026-06-02,P0025,4.0,12.36
2026-06-02,P0028,3.0,7.26
2026-06-02,P0031,1.0,0.93
2026-06-02,P0032,1.0,1.03
2026-06-02,P0035,2.0,24.76
2026-06-02,P0042,1.0,14.27
2026-06-02,P0047,1.0,7.02
2026-06-02,P0049,2.0,3.7
2026-06-02,P0050,1.0,0.68
2026-06-02,P0051,4.0,15.2
2026-06-02,P0052,2.0,1.18
2026-06-02,P0056,1.0,4.08
2026-06-02,P0057,4.0,13.88
2026-06-02,P0058,2.0,7.0
2026-06-02,P0059,1.0,0.59
2026-06-02,P0060,1.0,4.1
2026-06-02,P0061,2.0,4.62
2026-06-02,P0063,2.0,4.92
2026-06-02,P0064,1.0,4.24
2026-06-02,P0065,3.0,9.12
2026-06-02,P0066,1.0,4.86
2026-06-02,P0067,2.0,2.0
2026-06-02,P0068,1.0,3.83
2026-06-02,P0069,1.0,4.67
2026-06-02,P0076,1.0,1.98
2026-06-02,P0078,6.0,6.84
2026-06-02,P0080,1.0,2.0
2026-06-02,P0081,6.0,32.52
2026-06-02,P0084,2.0,4.48
2026-06-02,P0091,3.0,10.29
2026-06-02,P0097,2.0,2.24
2026-06-02,P0100,1.0,0.23
2026-06-02,P0101,1.0,0.18
2026-06-02,P0105,3.0,4.38
2026-06-02,P0110,2.0,7.82
2026-06-02,P0111,1.0,3.7
2026-06-02,P0113,1.0,3.35
2026-06-02,P0118,1.0,4.49
2026-06-02,P0121,2.0,18.88
2026-06-02,P0122,2.0,6.04
2026-06-02,P0123,1.0,3.62
2026-06-02,P0124,1.0,2.37
2026-06-02,P0127,1.0,1.52
2026-06-02,P0128,1.0,1.46
2026-06-03,P0001,2.0,4.86
2026-06-03,P0002,1.0,0.48
2026-06-03,P0006,1.0,0.39
2026-06-03,P0014,2.0,4.1
2026-06-03,P0018,1.0,0.52
2026-06-03,P0020,1.0,1.45
2026-06-03,P0024,1.0,2.05
2026-06-03,P0025,3.0,9.27
2026-06-03,P0026,4.0,5.56
2026-06-03,P0027,3.0,3.87
2026-06-03,P0028,3.0,7.26
2026-06-03,P0029,1.0,3.8
2026-06-03,P0031,3.0,2.79
2026-06-03,P0033,1.0,2.95
2026-06-03,P0037,1.0,4.76
2026-06-03,P0040,1.0,10.55
2026-06-03,P0042,2.0,28.54
2026-06-03,P0048,1.0,4.08
2026-06-03,P0050,1.0,0.68
2026-06-03,P0051,2.0,7.6
2026-06-03,P0055,1.0,1.27
2026-06-03,P0056,2.0,8.16
2026-06-03,P0057,1.0,3.47
2026-06-03,P0058,1.0,3.5
2026-06-03,P0059,1.0,0.59
2026-06-03,P0061,1.0,2.31
2026-06-03,P0063,2.0,4.92
2026-06-03,P0064,4.0,16.96
2026-06-03,P0065,1.0,3.04
2026-06-03,P0066,2.0,9.72
2026-06-03,P0067,2.0,2.0
2026-06-03,P0068,1.0,3.83
2026-06-03,P0072,1.0,1.99
2026-06-03,P0076,1.0,1.98
2026-06-03,P0078,6.0,6.84
2026-06-03,P0080,1.0,2.0
2026-06-03,P0081,6.0,32.52
2026-06-03,P0084,1.0,2.24
2026-06-03,P0088,1.0,1.83
2026-06-03,P0089,1.0,0.68
2026-06-03,P0091,4.0,13.72
2026-06-03,P0093,1.0,3.5
2026-06-03,P0094,1.0,0.72
2026-06-03,P0097,1.0,1.12
2026-06-03,P0098,2.0,0.9
2026-06-03,P0100,1.0,0.23
2026-06-03,P0101,5.0,0.9
2026-06-03,P0103,1.0,2.37
2026-06-03,P0104,2.0,6.1
2026-06-03,P0105,6.0,8.76
2026-06-03,P0110,1.0,3.91
2026-06-03,P0113,1.0,3.35
2026-06-03,P0114,1.0,1.85
2026-06-03,P0115,2.0,3.92
2026-06-03,P0117,1.0,5.4
2026-06-03,P0118,1.0,4.49
2026-06-03,P0122,1.0,3.02
2026-06-03,P0124,2.0,4.74
2026-06-03,P0127,3.0,4.56
2026-06-03,P0128,1.0,1.46
2026-06-04,P0003,2.0,5.96
2026-06-04,P0004,2.0,6.16
2026-06-04,P0005,1.0,2.03
2026-06-04,P0014,1.0,2.05
2026-06-04,P0015,4.0,6.0
2026-06-04,P0024,1.0,2.05
2026-06-04,P0025,5.0,15.45
2026-06-04,P0026,1.0,1.39
2026-06-04,P0028,3.0,7.26
2026-06-04,P0029,2.0,7.6
2026-06-04,P0030,1.0,2.14
2026-06-04,P0033,1.0,2.95
2026-06-04,P0037,1.0,4.76
2026-06-04,P0042,2.0,28.54
2026-06-04,P0044,1.0,11.65
2026-06-04,P0047,1.0,7.02
2026-06-04,P0048,1.0,4.08
2026-06-04,P0049,2.0,3.7
2026-06-04,P0050,2.0,1.36
2026-06-04,P0052,1.0,0.59
2026-06-04,P0055,1.0,1.27
2026-06-04,P0056,1.0,4.08
2026-06-04,P0057,1.0,3.47
2026-06-04,P0058,1.0,3.5
2026-06-04,P0063,3.0,7.38
2026-06-04,P0064,3.0,12.72
2026-06-04,P0065,2.0,6.08
2026-06-04,P0066,2.0,9.72
2026-06-04,P0067,1.0,1.0
2026-06-04,P0073,1.0,3.99
2026-06-04,P0076,1.0,1.98
2026-06-04,P0077,1.0,0.51
2026-06-04,P0078,6.0,6.84
2026-06-04,P0080,1.0,2.0
2026-06-04,P0081,6.0,32.52
2026-06-04,P0082,1.0,4.31
2026-06-04,P0083,1.0,1.26
2026-06-04,P0084,2.0,4.48
2026-06-04,P0086,1.0,3.25
2026-06-04,P0091,6.0,20.58
2026-06-04,P0094,1.0,0.72
2026-06-04,P0097,4.0,4.48
2026-06-04,P0101,1.0,0.18
2026-06-04,P0104,1.0,3.05
2026-06-04,P0105,6.0,8.76
2026-06-04,P0110,2.0,7.82
2026-06-04,P0112,4.0,15.6
2026-06-04,P0115,1.0,1.96
2026-06-04,P0120,1.0,8.84
2026-06-04,P0122,2.0,6.04
2026-06-04,P0123,1.0,3.62
2026-06-04,P0125,1.0,4.5
2026-06-04,P0128,2.0,2.92
2026-06-05,P0001,4.0,9.72
2026-06-05,P0003,2.0,5.96
2026-06-05,P0004,1.0,3.08
2026-06-05,P0005,1.0,2.03
2026-06-05,P0012,1.0,2.46
2026-06-05,P0014,2.0,4.1
2026-06-05,P0015,2.0,3.0
2026-06-05,P0025,6.0,18.54
2026-06-05,P0027,1.0,1.29
2026-06-05,P0028,5.0,12.1
2026-06-05,P0030,1.0,2.14
2026-06-05,P0033,1.0,2.95
2026-06-05,P0037,4.0,19.04
2026-06-05,P0038,1.0,4.95
2026-06-05,P0039,2.0,18.16
2026-06-05,P0044,1.0,11.65
2026-06-05,P0045,3.0,39.33
2026-06-05,P0046,1.0,7.68
2026-06-05,P0049,2.0,3.7
2026-06-05,P0050,1.0,0.68
2026-06-05,P0051,4.0,15.2
2026-06-05,P0055,1.0,1.27
2026-06-05,P0056,1.0,4.08
2026-06-05,P0057,1.0,3.47
2026-06-05,P0058,1.0,3.5
2026-06-05,P0059,2.0,1.18
2026-06-05,P0061,1.0,2.31
2026-06-05,P0063,1.0,2.46
2026-06-05,P0064,4.0,16.96
2026-06-05,P0065,2.0,6.08
2026-06-05,P0066,2.0,9.72
2026-06-05,P0067,2.0,2.0
2026-06-05,P0068,1.0,3.83
2026-06-05,P0071,1.0,2.94
2026-06-05,P0072,2.0,3.98
2026-06-05,P0073,1.0,3.99
2026-06-05,P0074,1.0,0.99
2026-06-05,P0075,1.0,5.42
2026-06-05,P0077,1.0,0.51
2026-06-05,P0078,6.0,6.84
2026-06-05,P0081,6.0,32.52
2026-06-05,P0082,1.0,4.31
2026-06-05,P0084,2.0,4.48
2026-06-05,P0089,1.0,0.68
2026-06-05,P0090,1.0,3.69
2026-06-05,P0091,6.0,20.58
2026-06-05,P0094,2.0,1.44
2026-06-05,P0097,2.0,2.24
2026-06-05,P0098,1.0,0.45
2026-06-05,P0099,1.0,0.24
2026-06-05,P0101,1.0,0.18
2026-06-05,P0103,1.0,2.37
2026-06-05,P0104,1.0,3.05
2026-06-05,P0105,6.0,8.76
2026-06-05,P0106,1.0,1.13
2026-06-05,P0109,1.0,1.89
2026-06-05,P0114,1.0,1.85
2026-06-05,P0115,1.0,1.96
2026-06-05,P0119,3.0,9.96
2026-06-05,P0121,1.0,9.44
2026-06-05,P0122,4.0,12.08
2026-06-05,P0123,2.0,7.24
2026-06-05,P0124,1.0,2.37
2026-06-05,P0125,1.0,4.5
2026-06-05,P0127,5.0,7.6
2026-06-05,P0128,2.0,2.92
2026-06-06,P0001,3.0,7.29
2026-06-06,P0003,1.0,2.98
2026-06-06,P0004,1.0,3.08
2026-06-06,P0005,1.0,2.03
2026-06-06,P0007,1.0,2.07
2026-06-06,P0011,1.0,2.62
2026-06-06,P0012,1.0,2.46
2026-06-06,P0014,3.0,6.15
2026-06-06,P0015,2.0,3.0
2026-06-06,P0016,1.0,1.66
2026-06-06,P0019,1.0,0.19
2026-06-06,P0021,1.0,0.52
2026-06-06,P0023,2.0,5.74
2026-06-06,P0025,6.0,18.54
2026-06-06,P0026,2.0,2.78
2026-06-06,P0027,1.0,1.29
2026-06-06,P0028,6.0,14.52
2026-06-06,P0035,2.0,24.76
2026-06-06,P0037,3.0,14.28
2026-06-06,P0038,2.0,9.9
2026-06-06,P0039,1.0,9.08
2026-06-06,P0040,2.0,21.1
2026-06-06,P0041,2.0,19.22
2026-06-06,P0042,1.0,14.27
2026-06-06,P0045,1.0,13.11
2026-06-06,P0046,1.0,7.68
2026-06-06,P0048,1.0,4.08
2026-06-06,P0049,1.0,1.85
2026-06-06,P0050,1.0,0.68
2026-06-06,P0051,1.0,3.8
2026-06-06,P0052,2.0,1.18
2026-06-06,P0054,1.0,1.06
2026-06-06,P0055,2.0,2.54
2026-06-06,P0056,3.0,12.24
2026-06-06,P0057,2.0,6.94
2026-06-06,P0058,1.0,3.5
2026-06-06,P0060,1.0,4.1
2026-06-06,P0063,4.0,9.84
2026-06-06,P0064,6.0,25.44
2026-06-06,P0065,1.0,3.04
2026-06-06,P0066,4.0,19.44
2026-06-06,P0067,3.0,3.0
2026-06-06,P0068,1.0,3.83
2026-06-06,P0070,1.0,1.65
2026-06-06,P0078,6.0,6.84
2026-06-06,P0079,1.0,5.17
2026-06-06,P0081,6.0,32.52
2026-06-06,P0084,2.0,4.48
2026-06-06,P0086,1.0,3.25
2026-06-06,P0088,1.0,1.83
2026-06-06,P0091,6.0,20.58
2026-06-06,P0094,2.0,1.44
2026-06-06,P0095,1.0,3.6
2026-06-06,P0097,2.0,2.24
2026-06-06,P0100,1.0,0.23
2026-06-06,P0101,1.0,0.18
2026-06-06,P0102,1.0,1.18
2026-06-06,P0104,1.0,3.05
2026-06-06,P0105,6.0,8.76
2026-06-06,P0110,4.0,15.64
2026-06-06,P0112,3.0,11.7
2026-06-06,P0116,1.0,2.18
2026-06-06,P0118,1.0,4.49
2026-06-06,P0119,1.0,3.32
2026-06-06,P0122,4.0,12.08
2026-06-06,P0123,3.0,10.86
2026-06-06,P0124,1.0,2.37
2026-06-06,P0125,2.0,9.0
2026-06-06,P0127,2.0,3.04
2026-06-06,P0128,3.0,4.38
2026-06-07,P0001,1.0,2.43
2026-06-07,P0002,1.0,0.48
2026-06-07,P0005,1.0,2.03
2026-06-07,P0006,2.0,0.78
2026-06-07,P0014,1.0,2.05
2026-06-07,P0015,3.0,4.5
2026-06-07,P0016,1.0,1.66
2026-06-07,P0018,1.0,0.52
2026-06-07,P0022,1.0,2.67
2026-06-07,P0025,4.0,12.36
2026-06-07,P0026,1.0,1.39
2026-06-07,P0027,2.0,2.58
2026-06-07,P0028,5.0,12.1
2026-06-07,P0029,1.0,3.8
2026-06-07,P0032,1.0,1.03
2026-06-07,P0033,1.0,2.95
2026-06-07,P0035,1.0,12.38
2026-06-07,P0037,1.0,4.76
2026-06-07,P0041,1.0,9.61
2026-06-07,P0042,1.0,14.27
2026-06-07,P0044,1.0,11.65
2026-06-07,P0045,2.0,26.22
2026-06-07,P0046,1.0,7.68
2026-06-07,P0047,1.0,7.02
2026-06-07,P0048,2.0,8.16
2026-06-07,P0050,1.0,0.68
2026-06-07,P0051,2.0,7.6
2026-06-07,P0052,3.0,1.77
2026-06-07,P0053,1.0,1.13
2026-06-07,P0055,1.0,1.27
2026-06-07,P0056,1.0,4.08
2026-06-07,P0057,1.0,3.47
2026-06-07,P0059,1.0,0.59
2026-06-07,P0063,3.0,7.38
2026-06-07,P0064,2.0,8.48
2026-06-07,P0065,1.0,3.04
2026-06-07,P0066,3.0,14.58
2026-06-07,P0067,2.0,2.0
2026-06-07,P0069,1.0,4.67
2026-06-07,P0070,1.0,1.65
2026-06-07,P0072,1.0,1.99
2026-06-07,P0073,1.0,3.99
2026-06-07,P0074,1.0,0.99
2026-06-07,P0076,1.0,1.98
2026-06-07,P0078,6.0,6.84
2026-06-07,P0079,2.0,10.34
2026-06-07,P0080,1.0,2.0
2026-06-07,P0081,6.0,32.52
2026-06-07,P0082,1.0,4.31
2026-06-07,P0084,2.0,4.48
2026-06-07,P0086,1.0,3.25
2026-06-07,P0087,1.0,1.17
2026-06-07,P0088,1.0,1.83
2026-06-07,P0089,2.0,1.36
2026-06-07,P0091,6.0,20.58
2026-06-07,P0094,2.0,1.44
2026-06-07,P0097,1.0,1.12
2026-06-07,P0098,1.0,0.45
2026-06-07,P0100,1.0,0.23
2026-06-07,P0101,1.0,0.18
2026-06-07,P0103,1.0,2.37
2026-06-07,P0104,2.0,6.1
2026-06-07,P0105,6.0,8.76
2026-06-07,P0106,1.0,1.13
2026-06-07,P0108,1.0,2.16
2026-06-07,P0109,2.0,3.78
2026-06-07,P0110,3.0,11.73
2026-06-07,P0112,1.0,3.9
2026-06-07,P0115,1.0,1.96
2026-06-07,P0116,1.0,2.18
2026-06-07,P0121,2.0,18.88
2026-06-07,P0122,2.0,6.04
2026-06-07,P0123,1.0,3.62
2026-06-07,P0128,2.0,2.92
2026-06-08,P0003,1.0,2.98
2026-06-08,P0005,1.0,2.03
2026-06-08,P0014,1.0,2.05
2026-06-08,P0015,1.0,1.5
2026-06-08,P0016,2.0,3.32
2026-06-08,P0017,1.0,3.18
2026-06-08,P0021,1.0,0.52
2026-06-08,P0025,4.0,12.36
2026-06-08,P0027,1.0,1.29
2026-06-08,P0028,5.0,12.1
2026-06-08,P0029,1.0,3.8
2026-06-08,P0033,1.0,2.95
2026-06-08,P0035,2.0,24.76
2026-06-08,P0037,1.0,4.76
2026-06-08,P0038,1.0,4.95
2026-06-08,P0045,2.0,26.22
2026-06-08,P0047,2.0,14.04
2026-06-08,P0048,1.0,4.08
2026-06-08,P0049,1.0,1.85
2026-06-08,P0051,2.0,7.6
2026-06-08,P0055,3.0,3.81
2026-06-08,P0056,2.0,8.16
2026-06-08,P0057,2.0,6.94
2026-06-08,P0061,1.0,2.31
2026-06-08,P0063,1.0,2.46
2026-06-08,P0064,5.0,21.2
2026-06-08,P0065,1.0,3.04
2026-06-08,P0066,3.0,14.58
2026-06-08,P0067,3.0,3.0
2026-06-08,P0072,1.0,1.99
2026-06-08,P0078,6.0,6.84
2026-06-08,P0080,1.0,2.0
2026-06-08,P0081,6.0,32.52
2026-06-08,P0084,1.0,2.24
2026-06-08,P0087,1.0,1.17
2026-06-08,P0089,1.0,0.68
2026-06-08,P0091,5.0,17.15
2026-06-08,P0095,1.0,3.6
2026-06-08,P0096,1.0,3.05
2026-06-08,P0097,2.0,2.24
2026-06-08,P0098,1.0,0.45
2026-06-08,P0100,3.0,0.69
2026-06-08,P0101,2.0,0.36
2026-06-08,P0105,6.0,8.76
2026-06-08,P0110,1.0,3.91
2026-06-08,P0112,1.0,3.9
2026-06-08,P0118,1.0,4.49
2026-06-08,P0119,1.0,3.32
2026-06-08,P0122,1.0,3.02
2026-06-08,P0123,1.0,3.62
2026-06-08,P0124,1.0,2.37
2026-06-08,P0125,2.0,9.0
2026-06-08,P0126,1.0,2.19
2026-06-08,P0127,1.0,1.52
2026-06-08,P0128,1.0,1.46
2026-06-09,P0006,1.0,0.39
2026-06-09,P0014,2.0,4.1
2026-06-09,P0015,1.0,1.5
2026-06-09,P0019,1.0,0.19
2026-06-09,P0022,1.0,2.67
2026-06-09,P0023,2.0,5.74
2026-06-09,P0025,3.0,9.27
2026-06-09,P0026,2.0,2.78
2026-06-09,P0027,1.0,1.29
2026-06-09,P0028,2.0,4.84
2026-06-09,P0030,1.0,2.14
2026-06-09,P0031,1.0,0.93
2026-06-09,P0034,1.0,9.5
2026-06-09,P0039,1.0,9.08
2026-06-09,P0040,1.0,10.55
2026-06-09,P0047,1.0,7.02
2026-06-09,P0048,1.0,4.08
2026-06-09,P0050,1.0,0.68
2026-06-09,P0055,1.0,1.27
2026-06-09,P0056,2.0,8.16
2026-06-09,P0057,3.0,10.41
2026-06-09,P0059,1.0,0.59
2026-06-09,P0061,2.0,4.62
2026-06-09,P0063,3.0,7.38
2026-06-09,P0064,3.0,12.72
2026-06-09,P0066,2.0,9.72
2026-06-09,P0070,1.0,1.65
2026-06-09,P0072,1.0,1.99
2026-06-09,P0076,1.0,1.98
2026-06-09,P0078,6.0,6.84
2026-06-09,P0080,1.0,2.0
2026-06-09,P0081,6.0,32.52
2026-06-09,P0084,3.0,6.72
2026-06-09,P0086,2.0,6.5
2026-06-09,P0090,1.0,3.69
2026-06-09,P0091,3.0,10.29
2026-06-09,P0094,1.0,0.72
2026-06-09,P0095,1.0,3.6
2026-06-09,P0096,1.0,3.05
2026-06-09,P0097,2.0,2.24
2026-06-09,P0098,1.0,0.45
2026-06-09,P0101,3.0,0.54
2026-06-09,P0103,2.0,4.74
2026-06-09,P0104,3.0,9.15
2026-06-09,P0105,6.0,8.76
2026-06-09,P0110,1.0,3.91
2026-06-09,P0112,1.0,3.9
2026-06-09,P0113,1.0,3.35
2026-06-09,P0116,1.0,2.18
2026-06-09,P0119,3.0,9.96
2026-06-09,P0122,4.0,12.08
2026-06-09,P0124,1.0,2.37
2026-06-09,P0127,2.0,3.04
2026-06-09,P0128,2.0,2.92
2026-06-10,P0004,1.0,3.08
2026-06-10,P0005,1.0,2.03
2026-06-10,P0014,3.0,6.15
2026-06-10,P0015,1.0,1.5
2026-06-10,P0018,1.0,0.52
2026-06-10,P0020,2.0,2.9
2026-06-10,P0023,1.0,2.87
2026-06-10,P0025,5.0,15.45
2026-06-10,P0026,1.0,1.39
2026-06-10,P0027,1.0,1.29
2026-06-10,P0028,3.0,7.26
2026-06-10,P0029,1.0,3.8
2026-06-10,P0031,1.0,0.93
2026-06-10,P0033,1.0,2.95
2026-06-10,P0035,2.0,24.76
2026-06-10,P0037,1.0,4.76
2026-06-10,P0039,1.0,9.08
2026-06-10,P0049,1.0,1.85
2026-06-10,P0051,2.0,7.6
2026-06-10,P0052,1.0,0.59
2026-06-10,P0053,1.0,1.13
2026-06-10,P0056,1.0,4.08
2026-06-10,P0057,2.0,6.94
2026-06-10,P0058,1.0,3.5
2026-06-10,P0063,3.0,7.38
2026-06-10,P0064,4.0,16.96
2026-06-10,P0065,2.0,6.08
2026-06-10,P0066,3.0,14.58
2026-06-10,P0067,1.0,1.0
2026-06-10,P0076,1.0,1.98
2026-06-10,P0077,1.0,0.51
2026-06-10,P0078,6.0,6.84
2026-06-10,P0080,1.0,2.0
2026-06-10,P0081,6.0,32.52
2026-06-10,P0084,1.0,2.24
2026-06-10,P0090,1.0,3.69
2026-06-10,P0091,6.0,20.58
2026-06-10,P0095,1.0,3.6
2026-06-10,P0097,3.0,3.36
2026-06-10,P0103,1.0,2.37
2026-06-10,P0104,1.0,3.05
2026-06-10,P0105,6.0,8.76
2026-06-10,P0110,2.0,7.82
2026-06-10,P0112,3.0,11.7
2026-06-10,P0114,2.0,3.7
2026-06-10,P0121,1.0,9.44
2026-06-10,P0122,1.0,3.02
2026-06-10,P0123,1.0,3.62
2026-06-10,P0124,1.0,2.37
2026-06-10,P0125,1.0,4.5
2026-06-10,P0127,2.0,3.04
2026-06-11,P0001,2.0,4.86
2026-06-11,P0004,1.0,3.08
2026-06-11,P0005,1.0,2.03
2026-06-11,P0008,1.0,1.84
2026-06-11,P0011,1.0,2.62
2026-06-11,P0012,1.0,2.46
2026-06-11,P0017,1.0,3.18
2026-06-11,P0018,1.0,0.52
2026-06-11,P0020,3.0,4.35
2026-06-11,P0021,1.0,0.52
2026-06-11,P0022,2.0,5.34
2026-06-11,P0023,1.0,2.87
2026-06-11,P0025,4.0,12.36
2026-06-11,P0027,2.0,2.58
2026-06-11,P0028,5.0,12.1
2026-06-11,P0030,1.0,2.14
2026-06-11,P0031,1.0,0.93
2026-06-11,P0033,2.0,5.9
2026-06-11,P0035,2.0,24.76
2026-06-11,P0037,1.0,4.76
2026-06-11,P0047,1.0,7.02
2026-06-11,P0048,1.0,4.08
2026-06-11,P0050,1.0,0.68
2026-06-11,P0052,1.0,0.59
2026-06-11,P0053,1.0,1.13
2026-06-11,P0056,1.0,4.08
2026-06-11,P0058,2.0,7.0
2026-06-11,P0059,1.0,0.59
2026-06-11,P0061,1.0,2.31
2026-06-11,P0063,2.0,4.92
2026-06-11,P0064,3.0,12.72
2026-06-11,P0065,1.0,3.04
2026-06-11,P0066,3.0,14.58
2026-06-11,P0070,1.0,1.65
2026-06-11,P0072,1.0,1.99
2026-06-11,P0078,6.0,6.84
2026-06-11,P0080,1.0,2.0
2026-06-11,P0081,6.0,32.52
2026-06-11,P0082,1.0,4.31
2026-06-11,P0084,1.0,2.24
2026-06-11,P0088,1.0,1.83
2026-06-11,P0089,1.0,0.68
2026-06-11,P0091,5.0,17.15
2026-06-11,P0093,1.0,3.5
2026-06-11,P0095,1.0,3.6
2026-06-11,P0100,1.0,0.23
2026-06-11,P0101,1.0,0.18
2026-06-11,P0104,2.0,6.1
2026-06-11,P0105,6.0,8.76
2026-06-11,P0110,1.0,3.91
2026-06-11,P0113,1.0,3.35
2026-06-11,P0114,1.0,1.85
2026-06-11,P0116,1.0,2.18
2026-06-11,P0117,1.0,5.4
2026-06-11,P0119,1.0,3.32
2026-06-11,P0121,2.0,18.88
2026-06-11,P0122,3.0,9.06
2026-06-11,P0124,2.0,4.74
2026-06-11,P0125,2.0,9.0
2026-06-11,P0127,2.0,3.04
2026-06-11,P0128,2.0,2.92
2026-06-12,P0001,1.0,2.43
2026-06-12,P0004,2.0,6.16
2026-06-12,P0008,1.0,1.84
2026-06-12,P0010,1.0,2.57
2026-06-12,P0014,2.0,4.1
2026-06-12,P0015,2.0,3.0
2026-06-12,P0022,1.0,2.67
2026-06-12,P0023,1.0,2.87
2026-06-12,P0025,4.0,12.36
2026-06-12,P0026,1.0,1.39
2026-06-12,P0028,5.0,12.1
2026-06-12,P0029,2.0,7.6
2026-06-12,P0030,2.0,4.28
2026-06-12,P0031,1.0,0.93
2026-06-12,P0034,1.0,9.5
2026-06-12,P0035,1.0,12.38
2026-06-12,P0037,2.0,9.52
2026-06-12,P0045,1.0,13.11
2026-06-12,P0047,1.0,7.02
2026-06-12,P0048,3.0,12.24
2026-06-12,P0049,1.0,1.85
2026-06-12,P0051,2.0,7.6
2026-06-12,P0052,5.0,2.95
2026-06-12,P0055,3.0,3.81
2026-06-12,P0056,2.0,8.16
2026-06-12,P0057,1.0,3.47
2026-06-12,P0058,1.0,3.5
2026-06-12,P0060,1.0,4.1
2026-06-12,P0061,2.0,4.62
2026-06-12,P0063,5.0,12.3
2026-06-12,P0064,1.0,4.24
2026-06-12,P0065,3.0,9.12
2026-06-12,P0066,1.0,4.86
2026-06-12,P0067,2.0,2.0
2026-06-12,P0068,2.0,7.66
2026-06-12,P0069,1.0,4.67
2026-06-12,P0075,1.0,5.42
2026-06-12,P0076,1.0,1.98
2026-06-12,P0077,2.0,1.02
2026-06-12,P0078,6.0,6.84
2026-06-12,P0079,2.0,10.34
2026-06-12,P0080,2.0,4.0
2026-06-12,P0081,6.0,32.52
2026-06-12,P0084,1.0,2.24
2026-06-12,P0087,1.0,1.17
2026-06-12,P0091,6.0,20.58
2026-06-12,P0095,1.0,3.6
2026-06-12,P0096,2.0,6.1
2026-06-12,P0097,3.0,3.36
2026-06-12,P0100,2.0,0.46
2026-06-12,P0101,1.0,0.18
2026-06-12,P0103,1.0,2.37
2026-06-12,P0104,2.0,6.1
2026-06-12,P0105,6.0,8.76
2026-06-12,P0106,1.0,1.13
2026-06-12,P0109,1.0,1.89
2026-06-12,P0110,1.0,3.91
2026-06-12,P0111,1.0,3.7
2026-06-12,P0112,2.0,7.8
2026-06-12,P0115,1.0,1.96
2026-06-12,P0117,3.0,16.2
2026-06-12,P0119,1.0,3.32
2026-06-12,P0121,1.0,9.44
2026-06-12,P0122,3.0,9.06
2026-06-12,P0123,1.0,3.62
2026-06-12,P0124,3.0,7.11
2026-06-12,P0127,2.0,3.04
2026-06-12,P0128,2.0,2.92
2026-06-13,P0004,1.0,3.08
2026-06-13,P0007,2.0,4.14
2026-06-13,P0011,1.0,2.62
2026-06-13,P0014,3.0,6.15
2026-06-13,P0015,2.0,3.0
2026-06-13,P0018,1.0,0.52
2026-06-13,P0019,1.0,0.19
2026-06-13,P0020,2.0,2.9
2026-06-13,P0025,6.0,18.54
2026-06-13,P0026,2.0,2.78
2026-06-13,P0027,1.0,1.29
2026-06-13,P0028,6.0,14.52
2026-06-13,P0029,2.0,7.6
2026-06-13,P0030,1.0,2.14
2026-06-13,P0031,1.0,0.93
2026-06-13,P0032,2.0,2.06
2026-06-13,P0033,1.0,2.95
2026-06-13,P0035,3.0,37.14
2026-06-13,P0036,1.0,9.19
2026-06-13,P0037,1.0,4.76
2026-06-13,P0038,1.0,4.95
2026-06-13,P0039,1.0,9.08
2026-06-13,P0045,1.0,13.11
2026-06-13,P0046,1.0,7.68
2026-06-13,P0047,2.0,14.04
2026-06-13,P0049,2.0,3.7
2026-06-13,P0050,1.0,0.68
2026-06-13,P0051,2.0,7.6
2026-06-13,P0052,3.0,1.77
2026-06-13,P0053,2.0,2.26
2026-06-13,P0055,1.0,1.27
2026-06-13,P0056,4.0,16.32
2026-06-13,P0057,3.0,10.41
2026-06-13,P0058,3.0,10.5
2026-06-13,P0059,2.0,1.18
2026-06-13,P0061,5.0,11.55
2026-06-13,P0063,4.0,9.84
2026-06-13,P0064,5.0,21.2
2026-06-13,P0065,3.0,9.12
2026-06-13,P0066,3.0,14.58
2026-06-13,P0067,1.0,1.0
2026-06-13,P0072,1.0,1.99
2026-06-13,P0076,2.0,3.96
2026-06-13,P0078,6.0,6.84
2026-06-13,P0080,1.0,2.0
2026-06-13,P0081,6.0,32.52
2026-06-13,P0082,2.0,8.62
2026-06-13,P0084,2.0,4.48
2026-06-13,P0086,2.0,6.5
2026-06-13,P0088,1.0,1.83
2026-06-13,P0091,6.0,20.58
2026-06-13,P0093,1.0,3.5
2026-06-13,P0094,1.0,0.72
2026-06-13,P0096,1.0,3.05
2026-06-13,P0097,3.0,3.36
2026-06-13,P0098,1.0,0.45
2026-06-13,P0101,3.0,0.54
2026-06-13,P0102,1.0,1.18
2026-06-13,P0104,2.0,6.1
2026-06-13,P0105,6.0,8.76
2026-06-13,P0106,1.0,1.13
2026-06-13,P0110,3.0,11.73
2026-06-13,P0111,1.0,3.7
2026-06-13,P0114,1.0,1.85
2026-06-13,P0117,1.0,5.4
2026-06-13,P0121,3.0,28.32
2026-06-13,P0122,1.0,3.02
2026-06-13,P0123,3.0,10.86
2026-06-13,P0125,2.0,9.0
2026-06-13,P0127,5.0,7.6
2026-06-13,P0128,3.0,4.38
2026-06-14,P0001,2.0,4.86
2026-06-14,P0003,2.0,5.96
2026-06-14,P0004,3.0,9.24
2026-06-14,P0006,1.0,0.39
2026-06-14,P0014,2.0,4.1
2026-06-14,P0015,2.0,3.0
2026-06-14,P0016,2.0,3.32
2026-06-14,P0018,1.0,0.52
2026-06-14,P0025,6.0,18.54
2026-06-14,P0026,2.0,2.78
2026-06-14,P0028,5.0,12.1
2026-06-14,P0030,1.0,2.14
2026-06-14,P0033,3.0,8.85
2026-06-14,P0035,3.0,37.14
2026-06-14,P0040,1.0,10.55
2026-06-14,P0045,1.0,13.11
2026-06-14,P0047,3.0,21.06
2026-06-14,P0049,2.0,3.7
2026-06-14,P0050,2.0,1.36
2026-06-14,P0051,2.0,7.6
2026-06-14,P0052,2.0,1.18
2026-06-14,P0055,2.0,2.54
2026-06-14,P0056,3.0,12.24
2026-06-14,P0057,1.0,3.47
2026-06-14,P0059,1.0,0.59
2026-06-14,P0062,1.0,2.69
2026-06-14,P0063,4.0,9.84
2026-06-14,P0064,3.0,12.72
2026-06-14,P0065,3.0,9.12
2026-06-14,P0066,1.0,4.86
2026-06-14,P0067,3.0,3.0
2026-06-14,P0068,2.0,7.66
2026-06-14,P0069,1.0,4.67
2026-06-14,P0071,1.0,2.94
2026-06-14,P0072,1.0,1.99
2026-06-14,P0076,1.0,1.98
2026-06-14,P0078,6.0,6.84
2026-06-14,P0079,1.0,5.17
2026-06-14,P0080,3.0,6.0
2026-06-14,P0081,6.0,32.52
2026-06-14,P0086,1.0,3.25
2026-06-14,P0090,1.0,3.69
2026-06-14,P0091,5.0,17.15
2026-06-14,P0095,1.0,3.6
2026-06-14,P0096,2.0,6.1
2026-06-14,P0097,5.0,5.6
2026-06-14,P0100,1.0,0.23
2026-06-14,P0101,1.0,0.18
2026-06-14,P0102,1.0,1.18
2026-06-14,P0104,1.0,3.05
2026-06-14,P0105,6.0,8.76
2026-06-14,P0109,1.0,1.89
2026-06-14,P0110,3.0,11.73
2026-06-14,P0112,1.0,3.9
2026-06-14,P0113,1.0,3.35
2026-06-14,P0118,1.0,4.49
2026-06-14,P0119,3.0,9.96
2026-06-14,P0120,1.0,8.84
2026-06-14,P0122,3.0,9.06
2026-06-14,P0123,1.0,3.62
2026-06-14,P0124,1.0,2.37
2026-06-14,P0127,3.0,4.56
2026-06-14,P0128,2.0,2.92
2026-06-15,P0001,4.0,9.72
2026-06-15,P0003,1.0,2.98
2026-06-15,P0004,1.0,3.08
2026-06-15,P0010,1.0,2.57
2026-06-15,P0011,1.0,2.62
2026-06-15,P0014,1.0,2.05
2026-06-15,P0015,2.0,3.0
2026-06-15,P0022,2.0,5.34
2026-06-15,P0025,3.0,9.27
2026-06-15,P0027,2.0,2.58
2026-06-15,P0028,3.0,7.26
2026-06-15,P0029,1.0,3.8
2026-06-15,P0030,1.0,2.14
2026-06-15,P0031,1.0,0.93
2026-06-15,P0033,1.0,2.95
2026-06-15,P0035,1.0,12.38
2026-06-15,P0037,2.0,9.52
2026-06-15,P0046,1.0,7.68
2026-06-15,P0048,1.0,4.08
2026-06-15,P0049,2.0,3.7
2026-06-15,P0051,2.0,7.6
2026-06-15,P0055,1.0,1.27
2026-06-15,P0056,2.0,8.16
2026-06-15,P0057,1.0,3.47
2026-06-15,P0058,1.0,3.5
2026-06-15,P0059,1.0,0.59
2026-06-15,P0061,3.0,6.93
2026-06-15,P0062,1.0,2.69
2026-06-15,P0063,4.0,9.84
2026-06-15,P0064,5.0,21.2
2026-06-15,P0065,3.0,9.12
2026-06-15,P0067,1.0,1.0
2026-06-15,P0069,2.0,9.34
2026-06-15,P0073,1.0,3.99
2026-06-15,P0077,1.0,0.51
2026-06-15,P0078,6.0,6.84
2026-06-15,P0081,6.0,32.52
2026-06-15,P0084,3.0,6.72
2026-06-15,P0088,1.0,1.83
2026-06-15,P0091,4.0,13.72
2026-06-15,P0093,1.0,3.5
2026-06-15,P0094,1.0,0.72
2026-06-15,P0097,3.0,3.36
2026-06-15,P0099,1.0,0.24
2026-06-15,P0101,1.0,0.18
2026-06-15,P0102,1.0,1.18
2026-06-15,P0103,1.0,2.37
2026-06-15,P0104,1.0,3.05
2026-06-15,P0105,5.0,7.3
2026-06-15,P0106,1.0,1.13
2026-06-15,P0109,1.0,1.89
2026-06-15,P0110,1.0,3.91
2026-06-15,P0112,2.0,7.8
2026-06-15,P0116,1.0,2.18
2026-06-15,P0121,4.0,37.76
2026-06-15,P0122,1.0,3.02
2026-06-15,P0123,1.0,3.62
2026-06-15,P0125,1.0,4.5
2026-06-15,P0127,2.0,3.04
2026-06-16,P0001,1.0,2.43
2026-06-16,P0004,1.0,3.08
2026-06-16,P0014,1.0,2.05
2026-06-16,P0016,1.0,1.66
2026-06-16,P0020,1.0,1.45
2026-06-16,P0023,2.0,5.74
2026-06-16,P0025,3.0,9.27
2026-06-16,P0027,2.0,2.58
2026-06-16,P0028,3.0,7.26
2026-06-16,P0029,1.0,3.8
2026-06-16,P0033,1.0,2.95
2026-06-16,P0034,1.0,9.5
2026-06-16,P0037,1.0,4.76
2026-06-16,P0038,1.0,4.95
2026-06-16,P0042,1.0,14.27
2026-06-16,P0045,1.0,13.11
2026-06-16,P0046,1.0,7.68
2026-06-16,P0047,1.0,7.02
2026-06-16,P0050,1.0,0.68
2026-06-16,P0051,1.0,3.8
2026-06-16,P0055,1.0,1.27
2026-06-16,P0056,1.0,4.08
2026-06-16,P0057,1.0,3.47
2026-06-16,P0058,1.0,3.5
2026-06-16,P0061,1.0,2.31
2026-06-16,P0063,2.0,4.92
2026-06-16,P0064,4.0,16.96
2026-06-16,P0066,2.0,9.72
2026-06-16,P0067,2.0,2.0
2026-06-16,P0077,1.0,0.51
2026-06-16,P0078,6.0,6.84
2026-06-16,P0081,6.0,32.52
2026-06-16,P0084,1.0,2.24
2026-06-16,P0089,1.0,0.68
2026-06-16,P0091,5.0,17.15
2026-06-16,P0094,1.0,0.72
2026-06-16,P0096,1.0,3.05
2026-06-16,P0097,1.0,1.12
2026-06-16,P0101,1.0,0.18
2026-06-16,P0104,1.0,3.05
2026-06-16,P0105,5.0,7.3
2026-06-16,P0117,1.0,5.4
2026-06-16,P0121,1.0,9.44
2026-06-16,P0122,1.0,3.02
2026-06-16,P0124,2.0,4.74
2026-06-16,P0127,1.0,1.52
2026-06-16,P0128,3.0,4.38
2026-06-17,P0001,3.0,7.29
2026-06-17,P0004,1.0,3.08
2026-06-17,P0005,1.0,2.03
2026-06-17,P0006,2.0,0.78
2026-06-17,P0009,1.0,2.76
2026-06-17,P0010,1.0,2.57
2026-06-17,P0011,1.0,2.62
2026-06-17,P0012,1.0,2.46
2026-06-17,P0014,1.0,2.05
2026-06-17,P0018,2.0,1.04
2026-06-17,P0021,1.0,0.52
2026-06-17,P0022,1.0,2.67
2026-06-17,P0025,4.0,12.36
2026-06-17,P0027,2.0,2.58
2026-06-17,P0028,3.0,7.26
2026-06-17,P0035,2.0,24.76
2026-06-17,P0038,1.0,4.95
2026-06-17,P0039,1.0,9.08
2026-06-17,P0040,2.0,21.1
2026-06-17,P0045,2.0,26.22
2026-06-17,P0046,2.0,15.36
2026-06-17,P0048,1.0,4.08
2026-06-17,P0050,3.0,2.04
2026-06-17,P0051,2.0,7.6
2026-06-17,P0052,3.0,1.77
2026-06-17,P0055,1.0,1.27
2026-06-17,P0056,4.0,16.32
2026-06-17,P0057,1.0,3.47
2026-06-17,P0058,4.0,14.0
2026-06-17,P0061,1.0,2.31
2026-06-17,P0063,1.0,2.46
2026-06-17,P0064,4.0,16.96
2026-06-17,P0065,2.0,6.08
2026-06-17,P0066,1.0,4.86
2026-06-17,P0067,1.0,1.0
2026-06-17,P0069,1.0,4.67
2026-06-17,P0070,1.0,1.65
2026-06-17,P0074,1.0,0.99
2026-06-17,P0076,1.0,1.98
2026-06-17,P0077,1.0,0.51
2026-06-17,P0078,6.0,6.84
2026-06-17,P0080,2.0,4.0
2026-06-17,P0081,6.0,32.52
2026-06-17,P0088,1.0,1.83
2026-06-17,P0091,3.0,10.29
2026-06-17,P0093,1.0,3.5
2026-06-17,P0096,1.0,3.05
2026-06-17,P0097,2.0,2.24
2026-06-17,P0101,2.0,0.36
2026-06-17,P0104,2.0,6.1
2026-06-17,P0105,6.0,8.76
2026-06-17,P0109,1.0,1.89
2026-06-17,P0110,1.0,3.91
2026-06-17,P0112,2.0,7.8
2026-06-17,P0115,1.0,1.96
2026-06-17,P0116,1.0,2.18
2026-06-17,P0117,3.0,16.2
2026-06-17,P0119,1.0,3.32
2026-06-17,P0121,2.0,18.88
2026-06-17,P0123,1.0,3.62
2026-06-17,P0124,2.0,4.74
2026-06-17,P0127,1.0,1.52
2026-06-17,P0128,5.0,7.3
2026-06-18,P0001,1.0,2.43
2026-06-18,P0003,1.0,2.98
2026-06-18,P0004,1.0,3.08
2026-06-18,P0015,2.0,3.0
2026-06-18,P0016,1.0,1.66
2026-06-18,P0023,1.0,2.87
2026-06-18,P0025,4.0,12.36
2026-06-18,P0026,2.0,2.78
2026-06-18,P0028,6.0,14.52
2026-06-18,P0029,1.0,3.8
2026-06-18,P0030,1.0,2.14
2026-06-18,P0035,3.0,37.14
2026-06-18,P0037,2.0,9.52
2026-06-18,P0038,2.0,9.9
2026-06-18,P0047,1.0,7.02
2026-06-18,P0048,2.0,8.16
2026-06-18,P0051,1.0,3.8
2026-06-18,P0052,2.0,1.18
2026-06-18,P0053,1.0,1.13
2026-06-18,P0055,1.0,1.27
2026-06-18,P0056,2.0,8.16
2026-06-18,P0057,1.0,3.47
2026-06-18,P0058,1.0,3.5
2026-06-18,P0061,3.0,6.93
2026-06-18,P0063,4.0,9.84
2026-06-18,P0064,3.0,12.72
2026-06-18,P0065,1.0,3.04
2026-06-18,P0066,1.0,4.86
2026-06-18,P0067,3.0,3.0
2026-06-18,P0070,2.0,3.3
2026-06-18,P0073,1.0,3.99
2026-06-18,P0078,6.0,6.84
2026-06-18,P0079,1.0,5.17
2026-06-18,P0080,1.0,2.0
2026-06-18,P0081,6.0,32.52
2026-06-18,P0084,2.0,4.48
2026-06-18,P0086,1.0,3.25
2026-06-18,P0091,6.0,20.58
2026-06-18,P0093,1.0,3.5
2026-06-18,P0095,1.0,3.6
2026-06-18,P0096,1.0,3.05
2026-06-18,P0097,3.0,3.36
2026-06-18,P0098,1.0,0.45
2026-06-18,P0100,1.0,0.23
2026-06-18,P0101,2.0,0.36
2026-06-18,P0103,1.0,2.37
2026-06-18,P0104,3.0,9.15
2026-06-18,P0105,6.0,8.76
2026-06-18,P0110,1.0,3.91
2026-06-18,P0112,2.0,7.8
2026-06-18,P0113,1.0,3.35
2026-06-18,P0115,1.0,1.96
2026-06-18,P0116,1.0,2.18
2026-06-18,P0118,1.0,4.49
2026-06-18,P0119,1.0,3.32
2026-06-18,P0121,2.0,18.88
2026-06-18,P0122,1.0,3.02
2026-06-18,P0124,4.0,9.48
2026-06-18,P0127,3.0,4.56
2026-06-18,P0128,1.0,1.46
2026-06-19,P0001,3.0,7.29
2026-06-19,P0003,2.0,5.96
2026-06-19,P0004,1.0,3.08
2026-06-19,P0006,1.0,0.39
2026-06-19,P0008,1.0,1.84
2026-06-19,P0010,1.0,2.57
2026-06-19,P0011,1.0,2.62
2026-06-19,P0014,3.0,6.15
2026-06-19,P0015,2.0,3.0
2026-06-19,P0018,1.0,0.52
2026-06-19,P0023,1.0,2.87
2026-06-19,P0025,6.0,18.54
2026-06-19,P0026,1.0,1.39
2026-06-19,P0027,3.0,3.87
2026-06-19,P0028,5.0,12.1
2026-06-19,P0029,3.0,11.4
2026-06-19,P0031,1.0,0.93
2026-06-19,P0032,1.0,1.03
2026-06-19,P0033,2.0,5.9
2026-06-19,P0035,1.0,12.38
2026-06-19,P0037,1.0,4.76
2026-06-19,P0039,2.0,18.16
2026-06-19,P0042,1.0,14.27
2026-06-19,P0047,2.0,14.04
2026-06-19,P0048,2.0,8.16
2026-06-19,P0050,1.0,0.68
2026-06-19,P0051,1.0,3.8
2026-06-19,P0055,2.0,2.54
2026-06-19,P0056,1.0,4.08
2026-06-19,P0057,2.0,6.94
2026-06-19,P0058,2.0,7.0
2026-06-19,P0059,2.0,1.18
2026-06-19,P0060,1.0,4.1
2026-06-19,P0061,1.0,2.31
2026-06-19,P0062,1.0,2.69
2026-06-19,P0063,4.0,9.84
2026-06-19,P0064,5.0,21.2
2026-06-19,P0065,1.0,3.04
2026-06-19,P0066,2.0,9.72
2026-06-19,P0067,3.0,3.0
2026-06-19,P0071,1.0,2.94
2026-06-19,P0072,1.0,1.99
2026-06-19,P0074,1.0,0.99
2026-06-19,P0075,1.0,5.42
2026-06-19,P0077,2.0,1.02
2026-06-19,P0078,6.0,6.84
2026-06-19,P0080,1.0,2.0
2026-06-19,P0081,6.0,32.52
2026-06-19,P0084,4.0,8.96
2026-06-19,P0085,1.0,1.47
2026-06-19,P0086,2.0,6.5
2026-06-19,P0089,1.0,0.68
2026-06-19,P0091,6.0,20.58
2026-06-19,P0094,3.0,2.16
2026-06-19,P0095,1.0,3.6
2026-06-19,P0097,2.0,2.24
2026-06-19,P0100,1.0,0.23
2026-06-19,P0101,2.0,0.36
2026-06-19,P0104,1.0,3.05
2026-06-19,P0105,6.0,8.76
2026-06-19,P0109,1.0,1.89
2026-06-19,P0110,3.0,11.73
2026-06-19,P0112,2.0,7.8
2026-06-19,P0114,1.0,1.85
2026-06-19,P0117,1.0,5.4
2026-06-19,P0121,4.0,37.76
2026-06-19,P0123,1.0,3.62
2026-06-19,P0124,2.0,4.74
2026-06-19,P0126,1.0,2.19
2026-06-19,P0127,3.0,4.56
2026-06-19,P0128,1.0,1.46
2026-06-20,P0001,1.0,2.43
2026-06-20,P0003,1.0,2.98
2026-06-20,P0011,1.0,2.62
2026-06-20,P0012,2.0,4.92
2026-06-20,P0015,2.0,3.0
2026-06-20,P0016,1.0,1.66
2026-06-20,P0017,2.0,6.36
2026-06-20,P0021,1.0,0.52
2026-06-20,P0023,1.0,2.87
2026-06-20,P0024,1.0,2.05
2026-06-20,P0025,6.0,18.54
2026-06-20,P0026,1.0,1.39
2026-06-20,P0027,4.0,5.16
2026-06-20,P0028,6.0,14.52
2026-06-20,P0032,1.0,1.03
2026-06-20,P0033,2.0,5.9
2026-06-20,P0035,3.0,37.14
2026-06-20,P0037,1.0,4.76
2026-06-20,P0039,1.0,9.08
2026-06-20,P0042,1.0,14.27
2026-06-20,P0045,3.0,39.33
2026-06-20,P0047,2.0,14.04
2026-06-20,P0048,1.0,4.08
2026-06-20,P0049,1.0,1.85
2026-06-20,P0050,2.0,1.36
2026-06-20,P0051,4.0,15.2
2026-06-20,P0052,1.0,0.59
2026-06-20,P0055,2.0,2.54
2026-06-20,P0056,3.0,12.24
2026-06-20,P0057,2.0,6.94
2026-06-20,P0058,2.0,7.0
2026-06-20,P0059,1.0,0.59
2026-06-20,P0061,1.0,2.31
2026-06-20,P0063,4.0,9.84
2026-06-20,P0064,6.0,25.44
2026-06-20,P0065,2.0,6.08
2026-06-20,P0066,2.0,9.72
2026-06-20,P0068,1.0,3.83
2026-06-20,P0069,2.0,9.34
2026-06-20,P0073,1.0,3.99
2026-06-20,P0075,1.0,5.42
2026-06-20,P0076,1.0,1.98
2026-06-20,P0077,2.0,1.02
2026-06-20,P0078,6.0,6.84
2026-06-20,P0079,1.0,5.17
2026-06-20,P0080,1.0,2.0
2026-06-20,P0081,6.0,32.52
2026-06-20,P0084,3.0,6.72
2026-06-20,P0086,1.0,3.25
2026-06-20,P0087,1.0,1.17
2026-06-20,P0089,1.0,0.68
2026-06-20,P0091,6.0,20.58
2026-06-20,P0097,1.0,1.12
2026-06-20,P0098,1.0,0.45
2026-06-20,P0101,3.0,0.54
2026-06-20,P0102,1.0,1.18
2026-06-20,P0104,2.0,6.1
2026-06-20,P0105,6.0,8.76
2026-06-20,P0108,1.0,2.16
2026-06-20,P0110,3.0,11.73
2026-06-20,P0112,1.0,3.9
2026-06-20,P0113,1.0,3.35
2026-06-20,P0117,3.0,16.2
2026-06-20,P0121,1.0,9.44
2026-06-20,P0122,2.0,6.04
2026-06-20,P0123,2.0,7.24
2026-06-20,P0124,2.0,4.74
2026-06-20,P0125,1.0,4.5
2026-06-20,P0127,1.0,1.52
2026-06-20,P0128,3.0,4.38
2026-06-21,P0001,2.0,4.86
2026-06-21,P0003,1.0,2.98
2026-06-21,P0004,1.0,3.08
2026-06-21,P0005,1.0,2.03
2026-06-21,P0009,1.0,2.76
2026-06-21,P0012,1.0,2.46
2026-06-21,P0014,1.0,2.05
2026-06-21,P0018,1.0,0.52
2026-06-21,P0023,1.0,2.87
2026-06-21,P0024,1.0,2.05
2026-06-21,P0025,3.0,9.27
2026-06-21,P0027,3.0,3.87
2026-06-21,P0028,5.0,12.1
2026-06-21,P0030,1.0,2.14
2026-06-21,P0035,2.0,24.76
2026-06-21,P0039,1.0,9.08
2026-06-21,P0047,1.0,7.02
2026-06-21,P0051,2.0,7.6
2026-06-21,P0052,1.0,0.59
2026-06-21,P0055,1.0,1.27
2026-06-21,P0056,2.0,8.16
2026-06-21,P0057,1.0,3.47
2026-06-21,P0058,2.0,7.0
2026-06-21,P0061,1.0,2.31
2026-06-21,P0063,1.0,2.46
2026-06-21,P0064,3.0,12.72
2026-06-21,P0065,2.0,6.08
2026-06-21,P0067,3.0,3.0
2026-06-21,P0068,1.0,3.83
2026-06-21,P0069,1.0,4.67
2026-06-21,P0071,1.0,2.94
2026-06-21,P0074,1.0,0.99
2026-06-21,P0076,1.0,1.98
2026-06-21,P0078,6.0,6.84
2026-06-21,P0081,6.0,32.52
2026-06-21,P0084,2.0,4.48
2026-06-21,P0088,1.0,1.83
2026-06-21,P0091,5.0,17.15
2026-06-21,P0094,2.0,1.44
2026-06-21,P0095,1.0,3.6
2026-06-21,P0097,4.0,4.48
2026-06-21,P0101,1.0,0.18
2026-06-21,P0104,3.0,9.15
2026-06-21,P0105,6.0,8.76
2026-06-21,P0109,1.0,1.89
2026-06-21,P0110,2.0,7.82
2026-06-21,P0112,2.0,7.8
2026-06-21,P0113,1.0,3.35
2026-06-21,P0114,1.0,1.85
2026-06-21,P0115,2.0,3.92
2026-06-21,P0117,2.0,10.8
2026-06-21,P0120,2.0,17.68
2026-06-21,P0121,2.0,18.88
2026-06-21,P0124,3.0,7.11
2026-06-21,P0127,1.0,1.52
2026-06-21,P0128,4.0,5.84
2026-06-22,P0002,1.0,0.48
2026-06-22,P0003,1.0,2.98
2026-06-22,P0004,1.0,3.08
2026-06-22,P0005,1.0,2.03
2026-06-22,P0010,1.0,2.57
2026-06-22,P0011,1.0,2.62
2026-06-22,P0014,1.0,2.05
2026-06-22,P0015,1.0,1.5
2026-06-22,P0018,1.0,0.52
2026-06-22,P0020,3.0,4.35
2026-06-22,P0022,1.0,2.67
2026-06-22,P0023,1.0,2.87
2026-06-22,P0024,1.0,2.05
2026-06-22,P0025,5.0,15.45
2026-06-22,P0026,1.0,1.39
2026-06-22,P0027,1.0,1.29
2026-06-22,P0028,5.0,12.1
2026-06-22,P0035,4.0,49.52
2026-06-22,P0037,1.0,4.76
2026-06-22,P0038,1.0,4.95
2026-06-22,P0039,1.0,9.08
2026-06-22,P0047,2.0,14.04
2026-06-22,P0049,1.0,1.85
2026-06-22,P0050,3.0,2.04
2026-06-22,P0051,2.0,7.6
2026-06-22,P0052,1.0,0.59
2026-06-22,P0055,1.0,1.27
2026-06-22,P0056,3.0,12.24
2026-06-22,P0057,3.0,10.41
2026-06-22,P0058,1.0,3.5
2026-06-22,P0061,1.0,2.31
2026-06-22,P0063,3.0,7.38
2026-06-22,P0064,3.0,12.72
2026-06-22,P0066,1.0,4.86
2026-06-22,P0067,2.0,2.0
2026-06-22,P0068,1.0,3.83
2026-06-22,P0069,1.0,4.67
2026-06-22,P0072,1.0,1.99
2026-06-22,P0074,2.0,1.98
2026-06-22,P0078,6.0,6.84
2026-06-22,P0080,1.0,2.0
2026-06-22,P0081,6.0,32.52
2026-06-22,P0084,3.0,6.72
2026-06-22,P0086,2.0,6.5
2026-06-22,P0089,2.0,1.36
2026-06-22,P0091,4.0,13.72
2026-06-22,P0093,1.0,3.5
2026-06-22,P0094,1.0,0.72
2026-06-22,P0097,4.0,4.48
2026-06-22,P0101,1.0,0.18
2026-06-22,P0103,1.0,2.37
2026-06-22,P0105,6.0,8.76
2026-06-22,P0108,1.0,2.16
2026-06-22,P0109,1.0,1.89
2026-06-22,P0110,4.0,15.64
2026-06-22,P0113,1.0,3.35
2026-06-22,P0114,1.0,1.85
2026-06-22,P0115,1.0,1.96
2026-06-22,P0117,2.0,10.8
2026-06-22,P0118,1.0,4.49
2026-06-22,P0121,1.0,9.44
2026-06-22,P0122,1.0,3.02
2026-06-22,P0123,2.0,7.24
2026-06-22,P0124,2.0,4.74
2026-06-22,P0127,2.0,3.04
2026-06-23,P0001,2.0,4.86
2026-06-23,P0003,2.0,5.96
2026-06-23,P0004,2.0,6.16
2026-06-23,P0005,1.0,2.03
2026-06-23,P0008,1.0,1.84
2026-06-23,P0011,1.0,2.62
2026-06-23,P0015,1.0,1.5
2026-06-23,P0020,2.0,2.9
2026-06-23,P0025,4.0,12.36
2026-06-23,P0026,2.0,2.78
2026-06-23,P0027,2.0,2.58
2026-06-23,P0028,2.0,4.84
2026-06-23,P0032,1.0,1.03
2026-06-23,P0035,1.0,12.38
2026-06-23,P0045,1.0,13.11
2026-06-23,P0048,1.0,4.08
2026-06-23,P0049,2.0,3.7
2026-06-23,P0051,2.0,7.6
2026-06-23,P0052,3.0,1.77
2026-06-23,P0053,1.0,1.13
2026-06-23,P0055,2.0,2.54
2026-06-23,P0056,1.0,4.08
2026-06-23,P0057,1.0,3.47
2026-06-23,P0058,3.0,10.5
2026-06-23,P0059,1.0,0.59
2026-06-23,P0063,1.0,2.46
2026-06-23,P0064,3.0,12.72
2026-06-23,P0065,1.0,3.04
2026-06-23,P0067,2.0,2.0
2026-06-23,P0068,1.0,3.83
2026-06-23,P0070,1.0,1.65
2026-06-23,P0075,1.0,5.42
2026-06-23,P0078,6.0,6.84
2026-06-23,P0079,1.0,5.17
2026-06-23,P0080,1.0,2.0
2026-06-23,P0081,6.0,32.52
2026-06-23,P0086,1.0,3.25
2026-06-23,P0091,4.0,13.72
2026-06-23,P0094,3.0,2.16
2026-06-23,P0096,1.0,3.05
2026-06-23,P0097,1.0,1.12
2026-06-23,P0100,1.0,0.23
2026-06-23,P0101,2.0,0.36
2026-06-23,P0105,4.0,5.84
2026-06-23,P0108,1.0,2.16
2026-06-23,P0109,1.0,1.89
2026-06-23,P0110,2.0,7.82
2026-06-23,P0114,2.0,3.7
2026-06-23,P0116,1.0,2.18
2026-06-23,P0117,2.0,10.8
2026-06-23,P0118,1.0,4.49
2026-06-23,P0123,2.0,7.24
2026-06-23,P0124,2.0,4.74
2026-06-23,P0125,1.0,4.5
2026-06-23,P0127,1.0,1.52
2026-06-23,P0128,2.0,2.92
2026-06-24,P0003,2.0,5.96
2026-06-24,P0006,1.0,0.39
2026-06-24,P0010,1.0,2.57
2026-06-24,P0015,1.0,1.5
2026-06-24,P0016,2.0,3.32
2026-06-24,P0021,1.0,0.52
2026-06-24,P0025,4.0,12.36
2026-06-24,P0026,1.0,1.39
2026-06-24,P0027,2.0,2.58
2026-06-24,P0028,3.0,7.26
2026-06-24,P0030,1.0,2.14
2026-06-24,P0032,1.0,1.03
2026-06-24,P0035,1.0,12.38
2026-06-24,P0037,1.0,4.76
2026-06-24,P0045,1.0,13.11
2026-06-24,P0047,2.0,14.04
2026-06-24,P0048,1.0,4.08
2026-06-24,P0050,1.0,0.68
2026-06-24,P0051,3.0,11.4
2026-06-24,P0053,1.0,1.13
2026-06-24,P0055,1.0,1.27
2026-06-24,P0056,3.0,12.24
2026-06-24,P0058,3.0,10.5
2026-06-24,P0059,1.0,0.59
2026-06-24,P0061,1.0,2.31
2026-06-24,P0063,5.0,12.3
2026-06-24,P0064,4.0,16.96
2026-06-24,P0065,1.0,3.04
2026-06-24,P0066,1.0,4.86
2026-06-24,P0067,2.0,2.0
2026-06-24,P0069,1.0,4.67
2026-06-24,P0070,1.0,1.65
2026-06-24,P0076,1.0,1.98
2026-06-24,P0077,2.0,1.02
2026-06-24,P0078,6.0,6.84
2026-06-24,P0080,1.0,2.0
2026-06-24,P0081,6.0,32.52
2026-06-24,P0082,2.0,8.62
2026-06-24,P0088,2.0,3.66
2026-06-24,P0090,1.0,3.69
2026-06-24,P0091,5.0,17.15
2026-06-24,P0097,2.0,2.24
2026-06-24,P0101,2.0,0.36
2026-06-24,P0103,2.0,4.74
2026-06-24,P0105,6.0,8.76
2026-06-24,P0106,1.0,1.13
2026-06-24,P0115,2.0,3.92
2026-06-24,P0118,1.0,4.49
2026-06-24,P0121,1.0,9.44
2026-06-24,P0122,1.0,3.02
2026-06-24,P0123,1.0,3.62
2026-06-24,P0125,1.0,4.5
2026-06-24,P0127,1.0,1.52
2026-06-24,P0128,1.0,1.46
2026-06-25,P0001,2.0,4.86
2026-06-25,P0014,1.0,2.05
2026-06-25,P0015,2.0,3.0
2026-06-25,P0020,2.0,2.9
2026-06-25,P0021,1.0,0.52
2026-06-25,P0022,1.0,2.67
2026-06-25,P0023,1.0,2.87
2026-06-25,P0025,3.0,9.27
2026-06-25,P0026,2.0,2.78
2026-06-25,P0027,3.0,3.87
2026-06-25,P0028,5.0,12.1
2026-06-25,P0029,2.0,7.6
2026-06-25,P0031,1.0,0.93
2026-06-25,P0035,1.0,12.38
2026-06-25,P0037,1.0,4.76
2026-06-25,P0038,1.0,4.95
2026-06-25,P0045,1.0,13.11
2026-06-25,P0048,2.0,8.16
2026-06-25,P0050,1.0,0.68
2026-06-25,P0051,3.0,11.4
2026-06-25,P0052,4.0,2.36
2026-06-25,P0056,2.0,8.16
2026-06-25,P0058,1.0,3.5
2026-06-25,P0061,1.0,2.31
2026-06-25,P0063,2.0,4.92
2026-06-25,P0064,4.0,16.96
2026-06-25,P0065,2.0,6.08
2026-06-25,P0066,2.0,9.72
2026-06-25,P0067,2.0,2.0
2026-06-25,P0068,1.0,3.83
2026-06-25,P0069,1.0,4.67
2026-06-25,P0070,1.0,1.65
2026-06-25,P0077,1.0,0.51
2026-06-25,P0078,6.0,6.84
2026-06-25,P0079,1.0,5.17
2026-06-25,P0080,1.0,2.0
2026-06-25,P0081,6.0,32.52
2026-06-25,P0084,3.0,6.72
2026-06-25,P0086,1.0,3.25
2026-06-25,P0090,1.0,3.69
2026-06-25,P0091,6.0,20.58
2026-06-25,P0097,2.0,2.24
2026-06-25,P0100,1.0,0.23
2026-06-25,P0101,3.0,0.54
2026-06-25,P0104,1.0,3.05
2026-06-25,P0105,6.0,8.76
2026-06-25,P0110,2.0,7.82
2026-06-25,P0112,2.0,7.8
2026-06-25,P0114,1.0,1.85
2026-06-25,P0116,1.0,2.18
2026-06-25,P0118,2.0,8.98
2026-06-25,P0121,1.0,9.44
2026-06-25,P0122,2.0,6.04
2026-06-25,P0123,1.0,3.62
2026-06-25,P0124,1.0,2.37
2026-06-25,P0125,1.0,4.5
2026-06-25,P0127,1.0,1.52
2026-06-26,P0003,2.0,5.96
2026-06-26,P0004,2.0,6.16
2026-06-26,P0005,1.0,2.03
2026-06-26,P0008,1.0,1.84
2026-06-26,P0012,3.0,7.38
2026-06-26,P0015,1.0,1.5
2026-06-26,P0016,1.0,1.66
2026-06-26,P0020,1.0,1.45
2026-06-26,P0022,2.0,5.34
2026-06-26,P0023,1.0,2.87
2026-06-26,P0025,6.0,18.54
2026-06-26,P0026,1.0,1.39
2026-06-26,P0027,1.0,1.29
2026-06-26,P0028,6.0,14.52
2026-06-26,P0029,1.0,3.8
2026-06-26,P0030,2.0,4.28
2026-06-26,P0031,1.0,0.93
2026-06-26,P0032,1.0,1.03
2026-06-26,P0033,1.0,2.95
2026-06-26,P0035,4.0,49.52
2026-06-26,P0037,1.0,4.76
2026-06-26,P0043,1.0,8.55
2026-06-26,P0044,1.0,11.65
2026-06-26,P0045,3.0,39.33
2026-06-26,P0048,1.0,4.08
2026-06-26,P0049,2.0,3.7
2026-06-26,P0050,2.0,1.36
2026-06-26,P0051,5.0,19.0
2026-06-26,P0052,2.0,1.18
2026-06-26,P0055,1.0,1.27
2026-06-26,P0056,1.0,4.08
2026-06-26,P0057,3.0,10.41
2026-06-26,P0058,2.0,7.0
2026-06-26,P0063,4.0,9.84
2026-06-26,P0064,5.0,21.2
2026-06-26,P0065,2.0,6.08
2026-06-26,P0066,3.0,14.58
2026-06-26,P0067,3.0,3.0
2026-06-26,P0070,2.0,3.3
2026-06-26,P0071,1.0,2.94
2026-06-26,P0072,1.0,1.99
2026-06-26,P0073,2.0,7.98
2026-06-26,P0076,1.0,1.98
2026-06-26,P0077,1.0,0.51
2026-06-26,P0078,6.0,6.84
2026-06-26,P0081,6.0,32.52
2026-06-26,P0082,1.0,4.31
2026-06-26,P0084,1.0,2.24
2026-06-26,P0086,2.0,6.5
2026-06-26,P0089,2.0,1.36
2026-06-26,P0091,6.0,20.58
2026-06-26,P0096,1.0,3.05
2026-06-26,P0097,2.0,2.24
2026-06-26,P0100,1.0,0.23
2026-06-26,P0101,2.0,0.36
2026-06-26,P0103,2.0,4.74
2026-06-26,P0105,6.0,8.76
2026-06-26,P0107,1.0,3.48
2026-06-26,P0110,3.0,11.73
2026-06-26,P0112,1.0,3.9
2026-06-26,P0114,2.0,3.7
2026-06-26,P0117,4.0,21.6
2026-06-26,P0119,1.0,3.32
2026-06-26,P0121,1.0,9.44
2026-06-26,P0122,1.0,3.02
2026-06-26,P0123,2.0,7.24
2026-06-26,P0124,1.0,2.37
2026-06-26,P0127,2.0,3.04
2026-06-26,P0128,1.0,1.46
2026-06-27,P0003,1.0,2.98
2026-06-27,P0004,1.0,3.08
2026-06-27,P0005,1.0,2.03
2026-06-27,P0006,1.0,0.39
2026-06-27,P0015,1.0,1.5
2026-06-27,P0017,1.0,3.18
2026-06-27,P0020,1.0,1.45
2026-06-27,P0024,1.0,2.05
2026-06-27,P0025,6.0,18.54
2026-06-27,P0026,1.0,1.39
2026-06-27,P0027,1.0,1.29
2026-06-27,P0028,6.0,14.52
2026-06-27,P0029,3.0,11.4
2026-06-27,P0031,1.0,0.93
2026-06-27,P0032,1.0,1.03
2026-06-27,P0033,1.0,2.95
2026-06-27,P0035,2.0,24.76
2026-06-27,P0036,1.0,9.19
2026-06-27,P0037,1.0,4.76
2026-06-27,P0038,2.0,9.9
2026-06-27,P0039,2.0,18.16
2026-06-27,P0040,2.0,21.1
2026-06-27,P0041,1.0,9.61
2026-06-27,P0048,1.0,4.08
2026-06-27,P0049,2.0,3.7
2026-06-27,P0051,4.0,15.2
2026-06-27,P0055,2.0,2.54
2026-06-27,P0056,6.0,24.48
2026-06-27,P0063,4.0,9.84
2026-06-27,P0064,6.0,25.44
2026-06-27,P0066,2.0,9.72
2026-06-27,P0071,1.0,2.94
2026-06-27,P0072,1.0,1.99
2026-06-27,P0077,1.0,0.51
2026-06-27,P0078,6.0,6.84
2026-06-27,P0080,1.0,2.0
2026-06-27,P0081,6.0,32.52
2026-06-27,P0084,3.0,6.72
2026-06-27,P0087,1.0,1.17
2026-06-27,P0089,2.0,1.36
2026-06-27,P0091,6.0,20.58
2026-06-27,P0094,3.0,2.16
2026-06-27,P0095,3.0,10.8
2026-06-27,P0097,3.0,3.36
2026-06-27,P0098,1.0,0.45
2026-06-27,P0101,2.0,0.36
2026-06-27,P0103,3.0,7.11
2026-06-27,P0104,2.0,6.1
2026-06-27,P0105,6.0,8.76
2026-06-27,P0106,1.0,1.13
2026-06-27,P0109,1.0,1.89
2026-06-27,P0110,4.0,15.64
2026-06-27,P0112,1.0,3.9
2026-06-27,P0113,1.0,3.35
2026-06-27,P0114,2.0,3.7
2026-06-27,P0115,1.0,1.96
2026-06-27,P0117,1.0,5.4
2026-06-27,P0118,1.0,4.49
2026-06-27,P0121,1.0,9.44
2026-06-27,P0122,3.0,9.06
2026-06-27,P0123,3.0,10.86
2026-06-27,P0124,2.0,4.74
2026-06-27,P0127,4.0,6.08
2026-06-27,P0128,3.0,4.38
2026-06-28,P0001,1.0,2.43
2026-06-28,P0004,1.0,3.08
2026-06-28,P0006,1.0,0.39
2026-06-28,P0014,2.0,4.1
2026-06-28,P0016,1.0,1.66
2026-06-28,P0018,1.0,0.52
2026-06-28,P0020,2.0,2.9
2026-06-28,P0023,1.0,2.87
2026-06-28,P0025,6.0,18.54
2026-06-28,P0026,1.0,1.39
2026-06-28,P0027,5.0,6.45
2026-06-28,P0028,5.0,12.1
2026-06-28,P0031,2.0,1.86
2026-06-28,P0034,1.0,9.5
2026-06-28,P0035,3.0,37.14
2026-06-28,P0038,2.0,9.9
2026-06-28,P0045,1.0,13.11
2026-06-28,P0047,1.0,7.02
2026-06-28,P0048,2.0,8.16
2026-06-28,P0049,1.0,1.85
2026-06-28,P0051,3.0,11.4
2026-06-28,P0052,1.0,0.59
2026-06-28,P0055,1.0,1.27
2026-06-28,P0056,4.0,16.32
2026-06-28,P0057,4.0,13.88
2026-06-28,P0058,2.0,7.0
2026-06-28,P0060,1.0,4.1
2026-06-28,P0061,1.0,2.31
2026-06-28,P0062,1.0,2.69
2026-06-28,P0063,4.0,9.84
2026-06-28,P0064,6.0,25.44
2026-06-28,P0065,2.0,6.08
2026-06-28,P0066,3.0,14.58
2026-06-28,P0067,1.0,1.0
2026-06-28,P0068,3.0,11.49
2026-06-28,P0072,1.0,1.99
2026-06-28,P0075,1.0,5.42
2026-06-28,P0076,1.0,1.98
2026-06-28,P0078,6.0,6.84
2026-06-28,P0079,1.0,5.17
2026-06-28,P0080,1.0,2.0
2026-06-28,P0081,6.0,32.52
2026-06-28,P0083,1.0,1.26
2026-06-28,P0084,3.0,6.72
2026-06-28,P0086,1.0,3.25
2026-06-28,P0089,1.0,0.68
2026-06-28,P0091,6.0,20.58
2026-06-28,P0096,1.0,3.05
2026-06-28,P0099,1.0,0.24
2026-06-28,P0101,3.0,0.54
2026-06-28,P0104,3.0,9.15
2026-06-28,P0105,6.0,8.76
2026-06-28,P0108,1.0,2.16
2026-06-28,P0110,2.0,7.82
2026-06-28,P0115,1.0,1.96
2026-06-28,P0117,1.0,5.4
2026-06-28,P0120,1.0,8.84
2026-06-28,P0121,2.0,18.88
2026-06-28,P0122,3.0,9.06
2026-06-28,P0123,3.0,10.86
2026-06-28,P0124,2.0,4.74
2026-06-28,P0125,1.0,4.5
2026-06-28,P0127,4.0,6.08
2026-06-28,P0128,3.0,4.38
2026-06-29,P0001,1.0,2.43
2026-06-29,P0004,1.0,3.08
2026-06-29,P0005,1.0,2.03
2026-06-29,P0013,1.0,2.78
2026-06-29,P0014,1.0,2.05
2026-06-29,P0015,1.0,1.5
2026-06-29,P0016,1.0,1.66
2026-06-29,P0017,1.0,3.18
2026-06-29,P0025,2.0,6.18
2026-06-29,P0026,1.0,1.39
2026-06-29,P0027,2.0,2.58
2026-06-29,P0028,3.0,7.26
2026-06-29,P0029,1.0,3.8
2026-06-29,P0030,4.0,8.56
2026-06-29,P0031,2.0,1.86
2026-06-29,P0033,1.0,2.95
2026-06-29,P0037,1.0,4.76
2026-06-29,P0038,1.0,4.95
2026-06-29,P0039,1.0,9.08
2026-06-29,P0040,1.0,10.55
2026-06-29,P0041,2.0,19.22
2026-06-29,P0042,1.0,14.27
2026-06-29,P0045,1.0,13.11
2026-06-29,P0047,1.0,7.02
2026-06-29,P0049,2.0,3.7
2026-06-29,P0050,2.0,1.36
2026-06-29,P0051,3.0,11.4
2026-06-29,P0052,1.0,0.59
2026-06-29,P0055,2.0,2.54
2026-06-29,P0056,2.0,8.16
2026-06-29,P0057,3.0,10.41
2026-06-29,P0058,1.0,3.5
2026-06-29,P0061,1.0,2.31
2026-06-29,P0063,3.0,7.38
2026-06-29,P0064,2.0,8.48
2026-06-29,P0065,2.0,6.08
2026-06-29,P0066,3.0,14.58
2026-06-29,P0067,2.0,2.0
2026-06-29,P0073,2.0,7.98
2026-06-29,P0074,1.0,0.99
2026-06-29,P0075,1.0,5.42
2026-06-29,P0078,6.0,6.84
2026-06-29,P0081,6.0,32.52
2026-06-29,P0084,1.0,2.24
2026-06-29,P0088,1.0,1.83
2026-06-29,P0089,1.0,0.68
2026-06-29,P0090,2.0,7.38
2026-06-29,P0091,4.0,13.72
2026-06-29,P0093,2.0,7.0
2026-06-29,P0094,2.0,1.44
2026-06-29,P0097,5.0,5.6
2026-06-29,P0098,1.0,0.45
2026-06-29,P0100,1.0,0.23
2026-06-29,P0101,3.0,0.54
2026-06-29,P0103,1.0,2.37
2026-06-29,P0104,3.0,9.15
2026-06-29,P0105,6.0,8.76
2026-06-29,P0108,1.0,2.16
2026-06-29,P0110,1.0,3.91
2026-06-29,P0111,1.0,3.7
2026-06-29,P0112,2.0,7.8
2026-06-29,P0117,2.0,10.8
2026-06-29,P0122,1.0,3.02
2026-06-29,P0123,2.0,7.24
2026-06-29,P0124,1.0,2.37
2026-06-29,P0127,1.0,1.52
2026-06-29,P0128,2.0,2.92
2026-06-30,P0001,1.0,2.43
2026-06-30,P0003,1.0,2.98
2026-06-30,P0004,1.0,3.08
2026-06-30,P0010,1.0,2.57
2026-06-30,P0015,1.0,1.5
2026-06-30,P0018,1.0,0.52
2026-06-30,P0025,2.0,6.18
2026-06-30,P0026,2.0,2.78
2026-06-30,P0027,2.0,2.58
2026-06-30,P0028,3.0,7.26
2026-06-30,P0029,3.0,11.4
2026-06-30,P0035,2.0,24.76
2026-06-30,P0036,1.0,9.19
2026-06-30,P0037,1.0,4.76
2026-06-30,P0038,1.0,4.95
2026-06-30,P0048,2.0,8.16
2026-06-30,P0049,2.0,3.7
2026-06-30,P0050,1.0,0.68
2026-06-30,P0051,3.0,11.4
2026-06-30,P0052,3.0,1.77
2026-06-30,P0056,1.0,4.08
2026-06-30,P0057,1.0,3.47
2026-06-30,P0063,3.0,7.38
2026-06-30,P0064,3.0,12.72
2026-06-30,P0065,2.0,6.08
2026-06-30,P0066,1.0,4.86
2026-06-30,P0068,1.0,3.83
2026-06-30,P0074,2.0,1.98
2026-06-30,P0078,6.0,6.84
2026-06-30,P0081,6.0,32.52
2026-06-30,P0083,1.0,1.26
2026-06-30,P0084,3.0,6.72
2026-06-30,P0087,1.0,1.17
2026-06-30,P0088,2.0,3.66
2026-06-30,P0089,1.0,0.68
2026-06-30,P0091,2.0,6.86
2026-06-30,P0094,1.0,0.72
2026-06-30,P0096,1.0,3.05
2026-06-30,P0097,2.0,2.24
2026-06-30,P0101,4.0,0.72
2026-06-30,P0104,2.0,6.1
2026-06-30,P0105,5.0,7.3
2026-06-30,P0110,2.0,7.82
2026-06-30,P0116,1.0,2.18
2026-06-30,P0117,1.0,5.4
2026-06-30,P0121,1.0,9.44
2026-06-30,P0123,1.0,3.62
2026-06-30,P0124,2.0,4.74
2026-06-30,P0127,1.0,1.52
2026-06-30,P0128,2.0,2.92
2026-07-01,P0001,1.0,2.43
2026-07-01,P0003,2.0,5.96
2026-07-01,P0014,1.0,2.05
2026-07-01,P0015,1.0,1.5
2026-07-01,P0016,1.0,1.66
2026-07-01,P0017,1.0,3.18
2026-07-01,P0022,1.0,2.67
2026-07-01,P0025,4.0,12.36
2026-07-01,P0027,1.0,1.29
2026-07-01,P0028,4.0,9.68
2026-07-01,P0029,2.0,7.6
2026-07-01,P0032,1.0,1.03
2026-07-01,P0034,1.0,9.5
2026-07-01,P0035,1.0,12.38
2026-07-01,P0037,1.0,4.76
2026-07-01,P0038,2.0,9.9
2026-07-01,P0040,1.0,10.55
2026-07-01,P0045,3.0,39.33
2026-07-01,P0046,1.0,7.68
2026-07-01,P0047,2.0,14.04
2026-07-01,P0050,1.0,0.68
2026-07-01,P0051,2.0,7.6
2026-07-01,P0052,1.0,0.59
2026-07-01,P0055,2.0,2.54
2026-07-01,P0056,4.0,16.32
2026-07-01,P0057,2.0,6.94
2026-07-01,P0058,1.0,3.5
2026-07-01,P0062,1.0,2.69
2026-07-01,P0063,1.0,2.46
2026-07-01,P0064,3.0,12.72
2026-07-01,P0066,3.0,14.58
2026-07-01,P0067,2.0,2.0
2026-07-01,P0068,1.0,3.83
2026-07-01,P0073,1.0,3.99
2026-07-01,P0074,1.0,0.99
2026-07-01,P0075,1.0,5.42
2026-07-01,P0076,1.0,1.98
2026-07-01,P0078,6.0,6.84
2026-07-01,P0080,1.0,2.0
2026-07-01,P0081,6.0,32.52
2026-07-01,P0082,1.0,4.31
2026-07-01,P0084,1.0,2.24
2026-07-01,P0086,1.0,3.25
2026-07-01,P0088,1.0,1.83
2026-07-01,P0089,2.0,1.36
2026-07-01,P0090,1.0,3.69
2026-07-01,P0091,5.0,17.15
2026-07-01,P0093,1.0,3.5
2026-07-01,P0094,1.0,0.72
2026-07-01,P0096,1.0,3.05
2026-07-01,P0097,4.0,4.48
2026-07-01,P0098,1.0,0.45
2026-07-01,P0105,4.0,5.84
2026-07-01,P0108,1.0,2.16
2026-07-01,P0109,1.0,1.89
2026-07-01,P0110,2.0,7.82
2026-07-01,P0112,1.0,3.9
2026-07-01,P0114,1.0,1.85
2026-07-01,P0118,2.0,8.98
2026-07-01,P0121,2.0,18.88
2026-07-01,P0122,2.0,6.04
2026-07-01,P0123,1.0,3.62
2026-07-01,P0124,1.0,2.37
2026-07-01,P0125,1.0,4.5
2026-07-01,P0126,1.0,2.19
2026-07-01,P0127,2.0,3.04
2026-07-01,P0128,4.0,5.84
2026-07-02,P0001,5.0,12.15
2026-07-02,P0003,1.0,2.98
2026-07-02,P0004,1.0,3.08
2026-07-02,P0005,2.0,4.06
2026-07-02,P0015,1.0,1.5
2026-07-02,P0017,1.0,3.18
2026-07-02,P0023,1.0,2.87
2026-07-02,P0025,4.0,12.36
2026-07-02,P0026,3.0,4.17
2026-07-02,P0028,6.0,14.52
2026-07-02,P0029,1.0,3.8
2026-07-02,P0030,1.0,2.14
2026-07-02,P0031,1.0,0.93
2026-07-02,P0032,2.0,2.06
2026-07-02,P0035,2.0,24.76
2026-07-02,P0037,1.0,4.76
2026-07-02,P0038,2.0,9.9
2026-07-02,P0041,1.0,9.61
2026-07-02,P0047,2.0,14.04
2026-07-02,P0048,1.0,4.08
2026-07-02,P0049,1.0,1.85
2026-07-02,P0051,1.0,3.8
2026-07-02,P0052,2.0,1.18
2026-07-02,P0055,2.0,2.54
2026-07-02,P0056,2.0,8.16
2026-07-02,P0057,3.0,10.41
2026-07-02,P0058,2.0,7.0
2026-07-02,P0059,1.0,0.59
2026-07-02,P0062,1.0,2.69
2026-07-02,P0063,2.0,4.92
2026-07-02,P0064,4.0,16.96
2026-07-02,P0066,2.0,9.72
2026-07-02,P0067,2.0,2.0
2026-07-02,P0072,1.0,1.99
2026-07-02,P0076,1.0,1.98
2026-07-02,P0078,6.0,6.84
2026-07-02,P0081,6.0,32.52
2026-07-02,P0082,1.0,4.31
2026-07-02,P0084,1.0,2.24
2026-07-02,P0091,6.0,20.58
2026-07-02,P0094,2.0,1.44
2026-07-02,P0097,2.0,2.24
2026-07-02,P0104,2.0,6.1
2026-07-02,P0105,6.0,8.76
2026-07-02,P0109,1.0,1.89
2026-07-02,P0110,1.0,3.91
2026-07-02,P0111,2.0,7.4
2026-07-02,P0112,1.0,3.9
2026-07-02,P0114,1.0,1.85
2026-07-02,P0117,3.0,16.2
2026-07-02,P0119,1.0,3.32
2026-07-02,P0120,1.0,8.84
2026-07-02,P0121,2.0,18.88
2026-07-02,P0122,1.0,3.02
2026-07-02,P0125,3.0,13.5
2026-07-02,P0128,2.0,2.92
2026-07-03,P0001,3.0,7.29
2026-07-03,P0006,1.0,0.39
2026-07-03,P0011,1.0,2.62
2026-07-03,P0014,1.0,2.05
2026-07-03,P0015,4.0,6.0
2026-07-03,P0016,1.0,1.66
2026-07-03,P0018,1.0,0.52
2026-07-03,P0020,1.0,1.45
2026-07-03,P0025,6.0,18.54
2026-07-03,P0026,1.0,1.39
2026-07-03,P0027,2.0,2.58
2026-07-03,P0028,5.0,12.1
2026-07-03,P0029,1.0,3.8
2026-07-03,P0031,1.0,0.93
2026-07-03,P0034,1.0,9.5
2026-07-03,P0035,2.0,24.76
2026-07-03,P0037,1.0,4.76
2026-07-03,P0039,1.0,9.08
2026-07-03,P0044,2.0,23.3
2026-07-03,P0047,2.0,14.04
2026-07-03,P0048,2.0,8.16
2026-07-03,P0049,1.0,1.85
2026-07-03,P0050,1.0,0.68
2026-07-03,P0051,3.0,11.4
2026-07-03,P0052,2.0,1.18
2026-07-03,P0053,2.0,2.26
2026-07-03,P0056,3.0,12.24
2026-07-03,P0057,2.0,6.94
2026-07-03,P0058,3.0,10.5
2026-07-03,P0060,1.0,4.1
2026-07-03,P0063,3.0,7.38
2026-07-03,P0064,5.0,21.2
2026-07-03,P0065,1.0,3.04
2026-07-03,P0066,1.0,4.86
2026-07-03,P0067,2.0,2.0
2026-07-03,P0068,1.0,3.83
2026-07-03,P0070,1.0,1.65
2026-07-03,P0073,1.0,3.99
2026-07-03,P0076,1.0,1.98
2026-07-03,P0078,6.0,6.84
2026-07-03,P0080,1.0,2.0
2026-07-03,P0081,6.0,32.52
2026-07-03,P0084,3.0,6.72
2026-07-03,P0086,1.0,3.25
2026-07-03,P0088,1.0,1.83
2026-07-03,P0090,1.0,3.69
2026-07-03,P0091,6.0,20.58
2026-07-03,P0092,1.0,3.81
2026-07-03,P0094,2.0,1.44
2026-07-03,P0095,2.0,7.2
2026-07-03,P0096,1.0,3.05
2026-07-03,P0097,2.0,2.24
2026-07-03,P0098,1.0,0.45
2026-07-03,P0101,3.0,0.54
2026-07-03,P0103,1.0,2.37
2026-07-03,P0104,1.0,3.05
2026-07-03,P0105,6.0,8.76
2026-07-03,P0109,1.0,1.89
2026-07-03,P0110,1.0,3.91
2026-07-03,P0111,1.0,3.7
2026-07-03,P0112,1.0,3.9
2026-07-03,P0113,1.0,3.35
2026-07-03,P0115,1.0,1.96
2026-07-03,P0116,2.0,4.36
2026-07-03,P0117,2.0,10.8
2026-07-03,P0118,1.0,4.49
2026-07-03,P0119,2.0,6.64
2026-07-03,P0121,2.0,18.88
2026-07-03,P0122,2.0,6.04
2026-07-03,P0124,1.0,2.37
2026-07-03,P0125,1.0,4.5
2026-07-03,P0127,2.0,3.04
2026-07-03,P0128,1.0,1.46
2026-07-04,P0001,3.0,7.29
2026-07-04,P0003,1.0,2.98
2026-07-04,P0004,2.0,6.16
2026-07-04,P0006,3.0,1.17
2026-07-04,P0010,1.0,2.57
2026-07-04,P0012,1.0,2.46
2026-07-04,P0014,3.0,6.15
2026-07-04,P0020,1.0,1.45
2026-07-04,P0021,1.0,0.52
2026-07-04,P0022,1.0,2.67
2026-07-04,P0024,1.0,2.05
2026-07-04,P0025,6.0,18.54
2026-07-04,P0026,1.0,1.39
2026-07-04,P0027,3.0,3.87
2026-07-04,P0028,6.0,14.52
2026-07-04,P0029,1.0,3.8
2026-07-04,P0032,2.0,2.06
2026-07-04,P0033,1.0,2.95
2026-07-04,P0035,3.0,37.14
2026-07-04,P0037,1.0,4.76
2026-07-04,P0039,1.0,9.08
2026-07-04,P0044,1.0,11.65
2026-07-04,P0045,1.0,13.11
2026-07-04,P0046,1.0,7.68
2026-07-04,P0047,1.0,7.02
2026-07-04,P0048,2.0,8.16
2026-07-04,P0050,3.0,2.04
2026-07-04,P0051,3.0,11.4
2026-07-04,P0054,1.0,1.06
2026-07-04,P0056,5.0,20.4
2026-07-04,P0057,4.0,13.88
2026-07-04,P0058,1.0,3.5
2026-07-04,P0061,1.0,2.31
2026-07-04,P0063,2.0,4.92
2026-07-04,P0064,6.0,25.44
2026-07-04,P0065,4.0,12.16
2026-07-04,P0066,3.0,14.58
2026-07-04,P0067,3.0,3.0
2026-07-04,P0070,1.0,1.65
2026-07-04,P0072,1.0,1.99
2026-07-04,P0074,1.0,0.99
2026-07-04,P0076,1.0,1.98
2026-07-04,P0078,6.0,6.84
2026-07-04,P0079,2.0,10.34
2026-07-04,P0081,6.0,32.52
2026-07-04,P0084,4.0,8.96
2026-07-04,P0088,1.0,1.83
2026-07-04,P0089,2.0,1.36
2026-07-04,P0090,1.0,3.69
2026-07-04,P0091,6.0,20.58
2026-07-04,P0094,3.0,2.16
2026-07-04,P0095,2.0,7.2
2026-07-04,P0097,4.0,4.48
2026-07-04,P0101,4.0,0.72
2026-07-04,P0103,3.0,7.11
2026-07-04,P0104,1.0,3.05
2026-07-04,P0105,6.0,8.76
2026-07-04,P0107,1.0,3.48
2026-07-04,P0109,1.0,1.89
2026-07-04,P0110,4.0,15.64
2026-07-04,P0112,3.0,11.7
2026-07-04,P0114,2.0,3.7
2026-07-04,P0115,3.0,5.88
2026-07-04,P0116,1.0,2.18
2026-07-04,P0119,1.0,3.32
2026-07-04,P0121,4.0,37.76
2026-07-04,P0124,3.0,7.11
2026-07-04,P0125,3.0,13.5
2026-07-04,P0128,3.0,4.38
2026-07-05,P0001,1.0,2.43
2026-07-05,P0003,1.0,2.98
2026-07-05,P0004,1.0,3.08
2026-07-05,P0008,1.0,1.84
2026-07-05,P0012,1.0,2.46
2026-07-05,P0014,1.0,2.05
2026-07-05,P0015,2.0,3.0
2026-07-05,P0018,1.0,0.52
2026-07-05,P0022,2.0,5.34
2026-07-05,P0023,1.0,2.87
2026-07-05,P0025,2.0,6.18
2026-07-05,P0026,3.0,4.17
2026-07-05,P0027,1.0,1.29
2026-07-05,P0028,4.0,9.68
2026-07-05,P0032,1.0,1.03
2026-07-05,P0033,1.0,2.95
2026-07-05,P0035,1.0,12.38
2026-07-05,P0037,2.0,9.52
2026-07-05,P0040,1.0,10.55
2026-07-05,P0044,1.0,11.65
2026-07-05,P0045,4.0,52.44
2026-07-05,P0048,2.0,8.16
2026-07-05,P0049,3.0,5.55
2026-07-05,P0050,1.0,0.68
2026-07-05,P0051,4.0,15.2
2026-07-05,P0052,4.0,2.36
2026-07-05,P0055,2.0,2.54
2026-07-05,P0056,2.0,8.16
2026-07-05,P0057,3.0,10.41
2026-07-05,P0058,1.0,3.5
2026-07-05,P0059,2.0,1.18
2026-07-05,P0060,1.0,4.1
2026-07-05,P0061,2.0,4.62
2026-07-05,P0063,3.0,7.38
2026-07-05,P0064,5.0,21.2
2026-07-05,P0065,2.0,6.08
2026-07-05,P0066,2.0,9.72
2026-07-05,P0067,2.0,2.0
2026-07-05,P0068,1.0,3.83
2026-07-05,P0069,1.0,4.67
2026-07-05,P0078,6.0,6.84
2026-07-05,P0079,1.0,5.17
2026-07-05,P0081,6.0,32.52
2026-07-05,P0084,2.0,4.48
2026-07-05,P0086,2.0,6.5
2026-07-05,P0087,1.0,1.17
2026-07-05,P0090,2.0,7.38
2026-07-05,P0091,6.0,20.58
2026-07-05,P0094,2.0,1.44
2026-07-05,P0097,4.0,4.48
2026-07-05,P0100,1.0,0.23
2026-07-05,P0103,1.0,2.37
2026-07-05,P0104,3.0,9.15
2026-07-05,P0105,6.0,8.76
2026-07-05,P0106,1.0,1.13
2026-07-05,P0110,2.0,7.82
2026-07-05,P0117,1.0,5.4
2026-07-05,P0121,2.0,18.88
2026-07-05,P0122,1.0,3.02
2026-07-05,P0124,2.0,4.74
2026-07-05,P0126,1.0,2.19
2026-07-05,P0127,1.0,1.52
2026-07-05,P0128,1.0,1.46
2026-07-06,P0001,3.0,7.29
2026-07-06,P0004,1.0,3.08
2026-07-06,P0005,1.0,2.03
2026-07-06,P0014,4.0,8.2
2026-07-06,P0017,1.0,3.18
2026-07-06,P0022,1.0,2.67
2026-07-06,P0023,1.0,2.87
2026-07-06,P0025,3.0,9.27
2026-07-06,P0027,3.0,3.87
2026-07-06,P0028,3.0,7.26
2026-07-06,P0029,1.0,3.8
2026-07-06,P0030,1.0,2.14
2026-07-06,P0031,1.0,0.93
2026-07-06,P0033,1.0,2.95
2026-07-06,P0035,2.0,24.76
2026-07-06,P0037,1.0,4.76
2026-07-06,P0042,1.0,14.27
2026-07-06,P0049,1.0,1.85
2026-07-06,P0051,4.0,15.2
2026-07-06,P0052,2.0,1.18
2026-07-06,P0055,1.0,1.27
2026-07-06,P0056,2.0,8.16
2026-07-06,P0057,3.0,10.41
2026-07-06,P0058,1.0,3.5
2026-07-06,P0059,1.0,0.59
2026-07-06,P0061,3.0,6.93
2026-07-06,P0063,1.0,2.46
2026-07-06,P0064,3.0,12.72
2026-07-06,P0065,3.0,9.12
2026-07-06,P0067,3.0,3.0
2026-07-06,P0068,2.0,7.66
2026-07-06,P0072,2.0,3.98
2026-07-06,P0074,1.0,0.99
2026-07-06,P0078,6.0,6.84
2026-07-06,P0081,6.0,32.52
2026-07-06,P0083,1.0,1.26
2026-07-06,P0084,1.0,2.24
2026-07-06,P0088,1.0,1.83
2026-07-06,P0091,6.0,20.58
2026-07-06,P0092,1.0,3.81
2026-07-06,P0094,2.0,1.44
2026-07-06,P0096,1.0,3.05
2026-07-06,P0097,3.0,3.36
2026-07-06,P0098,1.0,0.45
2026-07-06,P0100,1.0,0.23
2026-07-06,P0101,4.0,0.72
2026-07-06,P0103,1.0,2.37
2026-07-06,P0104,2.0,6.1
2026-07-06,P0105,6.0,8.76
2026-07-06,P0110,2.0,7.82
2026-07-06,P0111,1.0,3.7
2026-07-06,P0112,1.0,3.9
2026-07-06,P0113,1.0,3.35
2026-07-06,P0119,2.0,6.64
2026-07-06,P0121,1.0,9.44
2026-07-06,P0122,2.0,6.04
2026-07-06,P0123,2.0,7.24
2026-07-06,P0124,2.0,4.74
2026-07-06,P0128,1.0,1.46
2026-07-07,P0001,2.0,4.86
2026-07-07,P0003,1.0,2.98
2026-07-07,P0012,1.0,2.46
2026-07-07,P0013,1.0,2.78
2026-07-07,P0015,2.0,3.0
2026-07-07,P0017,1.0,3.18
2026-07-07,P0023,1.0,2.87
2026-07-07,P0025,3.0,9.27
2026-07-07,P0026,3.0,4.17
2026-07-07,P0027,3.0,3.87
2026-07-07,P0028,4.0,9.68
2026-07-07,P0032,1.0,1.03
2026-07-07,P0037,1.0,4.76
2026-07-07,P0038,1.0,4.95
2026-07-07,P0044,1.0,11.65
2026-07-07,P0047,3.0,21.06
2026-07-07,P0048,2.0,8.16
2026-07-07,P0050,2.0,1.36
2026-07-07,P0051,1.0,3.8
2026-07-07,P0056,1.0,4.08
2026-07-07,P0061,2.0,4.62
2026-07-07,P0063,2.0,4.92
2026-07-07,P0064,4.0,16.96
2026-07-07,P0066,1.0,4.86
2026-07-07,P0067,2.0,2.0
2026-07-07,P0078,6.0,6.84
2026-07-07,P0081,6.0,32.52
2026-07-07,P0084,1.0,2.24
2026-07-07,P0086,1.0,3.25
2026-07-07,P0091,5.0,17.15
2026-07-07,P0094,1.0,0.72
2026-07-07,P0096,1.0,3.05
2026-07-07,P0097,1.0,1.12
2026-07-07,P0101,2.0,0.36
2026-07-07,P0103,2.0,4.74
2026-07-07,P0104,1.0,3.05
2026-07-07,P0105,5.0,7.3
2026-07-07,P0106,1.0,1.13
2026-07-07,P0107,1.0,3.48
2026-07-07,P0110,1.0,3.91
2026-07-07,P0115,2.0,3.92
2026-07-07,P0116,1.0,2.18
2026-07-07,P0121,1.0,9.44
2026-07-07,P0122,3.0,9.06
2026-07-07,P0123,1.0,3.62
2026-07-07,P0124,1.0,2.37
2026-07-07,P0127,1.0,1.52
2026-07-07,P0128,2.0,2.92
2026-07-08,P0001,2.0,4.86
2026-07-08,P0008,1.0,1.84
2026-07-08,P0015,2.0,3.0
2026-07-08,P0023,1.0,2.87
2026-07-08,P0025,3.0,9.27
2026-07-08,P0026,1.0,1.39
2026-07-08,P0027,3.0,3.87
2026-07-08,P0028,6.0,14.52
2026-07-08,P0029,1.0,3.8
2026-07-08,P0031,1.0,0.93
2026-07-08,P0033,2.0,5.9
2026-07-08,P0034,1.0,9.5
2026-07-08,P0035,1.0,12.38
2026-07-08,P0037,2.0,9.52
2026-07-08,P0038,1.0,4.95
2026-07-08,P0044,1.0,11.65
2026-07-08,P0045,1.0,13.11
2026-07-08,P0047,1.0,7.02
2026-07-08,P0048,1.0,4.08
2026-07-08,P0049,2.0,3.7
2026-07-08,P0050,2.0,1.36
2026-07-08,P0051,3.0,11.4
2026-07-08,P0052,2.0,1.18
2026-07-08,P0055,1.0,1.27
2026-07-08,P0056,2.0,8.16
2026-07-08,P0058,3.0,10.5
2026-07-08,P0061,1.0,2.31
2026-07-08,P0062,1.0,2.69
2026-07-08,P0063,3.0,7.38
2026-07-08,P0064,1.0,4.24
2026-07-08,P0065,1.0,3.04
2026-07-08,P0067,2.0,2.0
2026-07-08,P0076,2.0,3.96
2026-07-08,P0078,6.0,6.84
2026-07-08,P0080,3.0,6.0
2026-07-08,P0081,6.0,32.52
2026-07-08,P0082,1.0,4.31
2026-07-08,P0088,1.0,1.83
2026-07-08,P0089,1.0,0.68
2026-07-08,P0091,4.0,13.72
2026-07-08,P0094,1.0,0.72
2026-07-08,P0095,1.0,3.6
2026-07-08,P0097,3.0,3.36
2026-07-08,P0098,1.0,0.45
2026-07-08,P0099,1.0,0.24
2026-07-08,P0100,1.0,0.23
2026-07-08,P0101,1.0,0.18
2026-07-08,P0104,2.0,6.1
2026-07-08,P0105,6.0,8.76
2026-07-08,P0108,1.0,2.16
2026-07-08,P0109,2.0,3.78
2026-07-08,P0110,2.0,7.82
2026-07-08,P0112,2.0,7.8
2026-07-08,P0114,1.0,1.85
2026-07-08,P0115,1.0,1.96
2026-07-08,P0119,1.0,3.32
2026-07-08,P0121,1.0,9.44
2026-07-08,P0122,1.0,3.02
2026-07-08,P0123,1.0,3.62
2026-07-08,P0124,1.0,2.37
2026-07-08,P0125,1.0,4.5
2026-07-08,P0126,1.0,2.19
2026-07-08,P0127,1.0,1.52
2026-07-08,P0128,1.0,1.46
2026-07-09,P0001,1.0,2.43
2026-07-09,P0005,1.0,2.03
2026-07-09,P0009,1.0,2.76
2026-07-09,P0011,1.0,2.62
2026-07-09,P0014,1.0,2.05
2026-07-09,P0015,1.0,1.5
2026-07-09,P0020,1.0,1.45
2026-07-09,P0023,1.0,2.87
2026-07-09,P0025,4.0,12.36
2026-07-09,P0026,1.0,1.39
2026-07-09,P0027,2.0,2.58
2026-07-09,P0028,6.0,14.52
2026-07-09,P0029,2.0,7.6
2026-07-09,P0030,1.0,2.14
2026-07-09,P0031,1.0,0.93
2026-07-09,P0032,2.0,2.06
2026-07-09,P0035,2.0,24.76
2026-07-09,P0037,1.0,4.76
2026-07-09,P0038,1.0,4.95
2026-07-09,P0039,1.0,9.08
2026-07-09,P0040,1.0,10.55
2026-07-09,P0046,1.0,7.68
2026-07-09,P0047,2.0,14.04
2026-07-09,P0049,1.0,1.85
2026-07-09,P0050,1.0,0.68
2026-07-09,P0051,1.0,3.8
2026-07-09,P0052,1.0,0.59
2026-07-09,P0056,1.0,4.08
2026-07-09,P0057,3.0,10.41
2026-07-09,P0058,1.0,3.5
2026-07-09,P0059,1.0,0.59
2026-07-09,P0060,1.0,4.1
2026-07-09,P0063,1.0,2.46
2026-07-09,P0064,4.0,16.96
2026-07-09,P0065,3.0,9.12
2026-07-09,P0066,3.0,14.58
2026-07-09,P0067,3.0,3.0
2026-07-09,P0069,1.0,4.67
2026-07-09,P0073,1.0,3.99
2026-07-09,P0074,1.0,0.99
2026-07-09,P0078,6.0,6.84
2026-07-09,P0079,1.0,5.17
2026-07-09,P0080,1.0,2.0
2026-07-09,P0081,6.0,32.52
2026-07-09,P0084,3.0,6.72
2026-07-09,P0086,1.0,3.25
2026-07-09,P0088,1.0,1.83
2026-07-09,P0090,1.0,3.69
2026-07-09,P0091,6.0,20.58
2026-07-09,P0096,1.0,3.05
2026-07-09,P0097,2.0,2.24
2026-07-09,P0101,1.0,0.18
2026-07-09,P0103,1.0,2.37
2026-07-09,P0104,1.0,3.05
2026-07-09,P0105,6.0,8.76
2026-07-09,P0106,1.0,1.13
2026-07-09,P0110,2.0,7.82
2026-07-09,P0112,1.0,3.9
2026-07-09,P0113,1.0,3.35
2026-07-09,P0117,2.0,10.8
2026-07-09,P0119,2.0,6.64
2026-07-09,P0121,1.0,9.44
2026-07-09,P0122,2.0,6.04
2026-07-09,P0127,2.0,3.04
2026-07-10,P0001,2.0,4.86
2026-07-10,P0004,1.0,3.08
2026-07-10,P0005,1.0,2.03
2026-07-10,P0008,1.0,1.84
2026-07-10,P0011,1.0,2.62
2026-07-10,P0013,1.0,2.78
2026-07-10,P0014,1.0,2.05
2026-07-10,P0015,2.0,3.0
2026-07-10,P0016,1.0,1.66
2026-07-10,P0017,1.0,3.18
2026-07-10,P0018,2.0,1.04
2026-07-10,P0021,1.0,0.52
2026-07-10,P0023,3.0,8.61
2026-07-10,P0024,1.0,2.05
2026-07-10,P0025,5.0,15.45
2026-07-10,P0027,3.0,3.87
2026-07-10,P0028,6.0,14.52
2026-07-10,P0029,3.0,11.4
2026-07-10,P0035,2.0,24.76
2026-07-10,P0037,1.0,4.76
2026-07-10,P0039,1.0,9.08
2026-07-10,P0045,2.0,26.22
2026-07-10,P0047,1.0,7.02
2026-07-10,P0048,2.0,8.16
2026-07-10,P0049,1.0,1.85
2026-07-10,P0050,1.0,0.68
2026-07-10,P0051,1.0,3.8
2026-07-10,P0052,2.0,1.18
2026-07-10,P0055,2.0,2.54
2026-07-10,P0056,3.0,12.24
2026-07-10,P0057,3.0,10.41
2026-07-10,P0062,1.0,2.69
2026-07-10,P0063,5.0,12.3
2026-07-10,P0064,5.0,21.2
2026-07-10,P0066,3.0,14.58
2026-07-10,P0067,1.0,1.0
2026-07-10,P0070,1.0,1.65
2026-07-10,P0072,1.0,1.99
2026-07-10,P0075,3.0,16.26
2026-07-10,P0076,1.0,1.98
2026-07-10,P0078,6.0,6.84
2026-07-10,P0081,6.0,32.52
2026-07-10,P0084,2.0,4.48
2026-07-10,P0090,1.0,3.69
2026-07-10,P0091,6.0,20.58
2026-07-10,P0093,1.0,3.5
2026-07-10,P0094,1.0,0.72
2026-07-10,P0096,1.0,3.05
2026-07-10,P0097,4.0,4.48
2026-07-10,P0099,1.0,0.24
2026-07-10,P0101,1.0,0.18
2026-07-10,P0104,2.0,6.1
2026-07-10,P0105,6.0,8.76
2026-07-10,P0107,1.0,3.48
2026-07-10,P0108,1.0,2.16
2026-07-10,P0110,2.0,7.82
2026-07-10,P0112,1.0,3.9
2026-07-10,P0114,1.0,1.85
2026-07-10,P0115,2.0,3.92
2026-07-10,P0117,4.0,21.6
2026-07-10,P0120,1.0,8.84
2026-07-10,P0121,1.0,9.44
2026-07-10,P0122,4.0,12.08
2026-07-10,P0123,2.0,7.24
2026-07-10,P0124,3.0,7.11
2026-07-10,P0125,1.0,4.5
2026-07-10,P0127,3.0,4.56
2026-07-10,P0128,1.0,1.46
2026-07-11,P0001,2.0,4.86
2026-07-11,P0004,1.0,3.08
2026-07-11,P0005,1.0,2.03
2026-07-11,P0006,1.0,0.39
2026-07-11,P0007,1.0,2.07
2026-07-11,P0008,1.0,1.84
2026-07-11,P0012,1.0,2.46
2026-07-11,P0013,1.0,2.78
2026-07-11,P0014,4.0,8.2
2026-07-11,P0015,3.0,4.5
2026-07-11,P0020,3.0,4.35
2026-07-11,P0022,2.0,5.34
2026-07-11,P0025,6.0,18.54
2026-07-11,P0026,2.0,2.78
2026-07-11,P0027,4.0,5.16
2026-07-11,P0028,6.0,14.52
2026-07-11,P0029,3.0,11.4
2026-07-11,P0031,2.0,1.86
2026-07-11,P0032,1.0,1.03
2026-07-11,P0035,2.0,24.76
2026-07-11,P0037,1.0,4.76
2026-07-11,P0039,1.0,9.08
2026-07-11,P0040,1.0,10.55
2026-07-11,P0041,1.0,9.61
2026-07-11,P0045,1.0,13.11
2026-07-11,P0048,1.0,4.08
2026-07-11,P0049,4.0,7.4
2026-07-11,P0050,4.0,2.72
2026-07-11,P0051,3.0,11.4
2026-07-11,P0052,2.0,1.18
2026-07-11,P0053,1.0,1.13
2026-07-11,P0054,1.0,1.06
2026-07-11,P0055,1.0,1.27
2026-07-11,P0056,3.0,12.24
2026-07-11,P0057,3.0,10.41
2026-07-11,P0059,1.0,0.59
2026-07-11,P0061,1.0,2.31
2026-07-11,P0063,4.0,9.84
2026-07-11,P0064,6.0,25.44
2026-07-11,P0065,2.0,6.08
2026-07-11,P0066,5.0,24.3
2026-07-11,P0067,1.0,1.0
2026-07-11,P0068,1.0,3.83
2026-07-11,P0070,1.0,1.65
2026-07-11,P0072,1.0,1.99
2026-07-11,P0075,1.0,5.42
2026-07-11,P0076,1.0,1.98
2026-07-11,P0077,1.0,0.51
2026-07-11,P0078,6.0,6.84
2026-07-11,P0080,2.0,4.0
2026-07-11,P0081,6.0,32.52
2026-07-11,P0082,2.0,8.62
2026-07-11,P0084,4.0,8.96
2026-07-11,P0090,1.0,3.69
2026-07-11,P0091,6.0,20.58
2026-07-11,P0093,1.0,3.5
2026-07-11,P0095,1.0,3.6
2026-07-11,P0097,5.0,5.6
2026-07-11,P0099,1.0,0.24
2026-07-11,P0100,1.0,0.23
2026-07-11,P0101,3.0,0.54
2026-07-11,P0104,1.0,3.05
2026-07-11,P0105,6.0,8.76
2026-07-11,P0110,2.0,7.82
2026-07-11,P0111,2.0,7.4
2026-07-11,P0112,1.0,3.9
2026-07-11,P0115,1.0,1.96
2026-07-11,P0117,2.0,10.8
2026-07-11,P0118,1.0,4.49
2026-07-11,P0121,2.0,18.88
2026-07-11,P0122,4.0,12.08
2026-07-11,P0123,1.0,3.62
2026-07-11,P0124,2.0,4.74
2026-07-11,P0125,1.0,4.5
2026-07-11,P0127,4.0,6.08
2026-07-11,P0128,6.0,8.76
2026-07-12,P0001,2.0,4.86
2026-07-12,P0003,2.0,5.96
2026-07-12,P0005,1.0,2.03
2026-07-12,P0006,2.0,0.78
2026-07-12,P0012,1.0,2.46
2026-07-12,P0014,1.0,2.05
2026-07-12,P0015,2.0,3.0
2026-07-12,P0016,1.0,1.66
2026-07-12,P0018,1.0,0.52
2026-07-12,P0023,1.0,2.87
2026-07-12,P0025,5.0,15.45
2026-07-12,P0026,2.0,2.78
2026-07-12,P0028,6.0,14.52
2026-07-12,P0029,2.0,7.6
2026-07-12,P0033,2.0,5.9
2026-07-12,P0034,1.0,9.5
2026-07-12,P0038,1.0,4.95
2026-07-12,P0039,2.0,18.16
2026-07-12,P0045,2.0,26.22
2026-07-12,P0046,1.0,7.68
2026-07-12,P0047,2.0,14.04
2026-07-12,P0048,2.0,8.16
2026-07-12,P0051,2.0,7.6
2026-07-12,P0052,1.0,0.59
2026-07-12,P0055,2.0,2.54
2026-07-12,P0056,2.0,8.16
2026-07-12,P0057,2.0,6.94
2026-07-12,P0059,1.0,0.59
2026-07-12,P0063,4.0,9.84
2026-07-12,P0064,2.0,8.48
2026-07-12,P0065,2.0,6.08
2026-07-12,P0066,1.0,4.86
2026-07-12,P0067,3.0,3.0
2026-07-12,P0072,2.0,3.98
2026-07-12,P0073,1.0,3.99
2026-07-12,P0075,1.0,5.42
2026-07-12,P0076,1.0,1.98
2026-07-12,P0078,6.0,6.84
2026-07-12,P0079,1.0,5.17
2026-07-12,P0081,6.0,32.52
2026-07-12,P0083,1.0,1.26
2026-07-12,P0088,1.0,1.83
2026-07-12,P0091,6.0,20.58
2026-07-12,P0093,1.0,3.5
2026-07-12,P0097,2.0,2.24
2026-07-12,P0099,1.0,0.24
2026-07-12,P0103,1.0,2.37
2026-07-12,P0104,1.0,3.05
2026-07-12,P0105,6.0,8.76
2026-07-12,P0110,4.0,15.64
2026-07-12,P0112,1.0,3.9
2026-07-12,P0114,1.0,1.85
2026-07-12,P0117,2.0,10.8
2026-07-12,P0119,1.0,3.32
2026-07-12,P0121,2.0,18.88
2026-07-12,P0122,3.0,9.06
2026-07-12,P0124,3.0,7.11
2026-07-12,P0125,1.0,4.5
2026-07-12,P0126,1.0,2.19
2026-07-12,P0127,1.0,1.52
2026-07-12,P0128,2.0,2.92
2026-07-13,P0001,2.0,4.86
2026-07-13,P0003,3.0,8.94
2026-07-13,P0004,1.0,3.08
2026-07-13,P0005,1.0,2.03
2026-07-13,P0010,2.0,5.14
2026-07-13,P0011,1.0,2.62
2026-07-13,P0012,1.0,2.46
2026-07-13,P0015,1.0,1.5
2026-07-13,P0016,1.0,1.66
2026-07-13,P0018,1.0,0.52
2026-07-13,P0023,2.0,5.74
2026-07-13,P0025,4.0,12.36
2026-07-13,P0026,2.0,2.78
2026-07-13,P0027,2.0,2.58
2026-07-13,P0028,4.0,9.68
2026-07-13,P0029,1.0,3.8
2026-07-13,P0031,2.0,1.86
2026-07-13,P0033,1.0,2.95
2026-07-13,P0034,1.0,9.5
2026-07-13,P0035,1.0,12.38
2026-07-13,P0037,2.0,9.52
2026-07-13,P0041,1.0,9.61
2026-07-13,P0049,2.0,3.7
2026-07-13,P0050,1.0,0.68
2026-07-13,P0051,1.0,3.8
2026-07-13,P0052,2.0,1.18
2026-07-13,P0053,1.0,1.13
2026-07-13,P0057,1.0,3.47
2026-07-13,P0059,1.0,0.59
2026-07-13,P0061,1.0,2.31
2026-07-13,P0064,1.0,4.24
2026-07-13,P0065,1.0,3.04
2026-07-13,P0066,1.0,4.86
2026-07-13,P0067,3.0,3.0
2026-07-13,P0069,1.0,4.67
2026-07-13,P0072,1.0,1.99
2026-07-13,P0073,1.0,3.99
2026-07-13,P0076,1.0,1.98
2026-07-13,P0077,1.0,0.51
2026-07-13,P0078,6.0,6.84
2026-07-13,P0081,6.0,32.52
2026-07-13,P0084,2.0,4.48
2026-07-13,P0087,1.0,1.17
2026-07-13,P0091,4.0,13.72
2026-07-13,P0094,1.0,0.72
2026-07-13,P0096,1.0,3.05
2026-07-13,P0097,3.0,3.36
2026-07-13,P0100,1.0,0.23
2026-07-13,P0101,1.0,0.18
2026-07-13,P0105,6.0,8.76
2026-07-13,P0108,2.0,4.32
2026-07-13,P0109,1.0,1.89
2026-07-13,P0110,2.0,7.82
2026-07-13,P0112,1.0,3.9
2026-07-13,P0113,1.0,3.35
2026-07-13,P0115,1.0,1.96
2026-07-13,P0117,2.0,10.8
2026-07-13,P0118,1.0,4.49
2026-07-13,P0122,3.0,9.06
2026-07-13,P0123,3.0,10.86
2026-07-13,P0124,1.0,2.37
2026-07-13,P0128,1.0,1.46
2026-07-14,P0003,2.0,5.96
2026-07-14,P0004,1.0,3.08
2026-07-14,P0014,2.0,4.1
2026-07-14,P0015,1.0,1.5
2026-07-14,P0020,1.0,1.45
2026-07-14,P0025,6.0,18.54
2026-07-14,P0026,3.0,4.17
2026-07-14,P0027,2.0,2.58
2026-07-14,P0028,4.0,9.68
2026-07-14,P0029,3.0,11.4
2026-07-14,P0031,1.0,0.93
2026-07-14,P0034,1.0,9.5
2026-07-14,P0035,3.0,37.14
2026-07-14,P0037,1.0,4.76
2026-07-14,P0039,2.0,18.16
2026-07-14,P0047,1.0,7.02
2026-07-14,P0051,2.0,7.6
2026-07-14,P0052,1.0,0.59
2026-07-14,P0055,1.0,1.27
2026-07-14,P0056,3.0,12.24
2026-07-14,P0057,1.0,3.47
2026-07-14,P0063,1.0,2.46
2026-07-14,P0064,4.0,16.96
2026-07-14,P0066,2.0,9.72
2026-07-14,P0073,1.0,3.99
2026-07-14,P0074,1.0,0.99
2026-07-14,P0076,1.0,1.98
2026-07-14,P0077,1.0,0.51
2026-07-14,P0078,6.0,6.84
2026-07-14,P0081,6.0,32.52
2026-07-14,P0082,1.0,4.31
2026-07-14,P0084,2.0,4.48
2026-07-14,P0086,1.0,3.25
2026-07-14,P0089,1.0,0.68
2026-07-14,P0091,4.0,13.72
2026-07-14,P0097,1.0,1.12
2026-07-14,P0101,5.0,0.9
2026-07-14,P0103,1.0,2.37
2026-07-14,P0104,2.0,6.1
2026-07-14,P0105,6.0,8.76
2026-07-14,P0107,1.0,3.48
2026-07-14,P0110,1.0,3.91
2026-07-14,P0112,1.0,3.9
2026-07-14,P0117,1.0,5.4
2026-07-14,P0118,1.0,4.49
2026-07-14,P0121,1.0,9.44
2026-07-14,P0122,2.0,6.04
2026-07-14,P0123,2.0,7.24
2026-07-14,P0124,2.0,4.74
2026-07-14,P0127,2.0,3.04
2026-07-14,P0128,1.0,1.46
2026-07-15,P0001,3.0,7.29
2026-07-15,P0005,1.0,2.03
2026-07-15,P0011,1.0,2.62
2026-07-15,P0014,3.0,6.15
2026-07-15,P0015,1.0,1.5
2026-07-15,P0016,1.0,1.66
2026-07-15,P0017,1.0,3.18
2026-07-15,P0022,1.0,2.67
2026-07-15,P0023,2.0,5.74
2026-07-15,P0024,1.0,2.05
2026-07-15,P0025,6.0,18.54
2026-07-15,P0026,1.0,1.39
2026-07-15,P0028,6.0,14.52
2026-07-15,P0029,1.0,3.8
2026-07-15,P0030,1.0,2.14
2026-07-15,P0033,1.0,2.95
2026-07-15,P0038,1.0,4.95
2026-07-15,P0039,1.0,9.08
2026-07-15,P0040,1.0,10.55
2026-07-15,P0045,2.0,26.22
2026-07-15,P0047,1.0,7.02
2026-07-15,P0049,2.0,3.7
2026-07-15,P0050,1.0,0.68
2026-07-15,P0051,2.0,7.6
2026-07-15,P0052,2.0,1.18
2026-07-15,P0055,1.0,1.27
2026-07-15,P0058,1.0,3.5
2026-07-15,P0059,2.0,1.18
2026-07-15,P0061,2.0,4.62
2026-07-15,P0063,2.0,4.92
2026-07-15,P0064,5.0,21.2
2026-07-15,P0065,2.0,6.08
2026-07-15,P0066,2.0,9.72
2026-07-15,P0067,2.0,2.0
2026-07-15,P0068,1.0,3.83
2026-07-15,P0071,1.0,2.94
2026-07-15,P0077,1.0,0.51
2026-07-15,P0078,6.0,6.84
2026-07-15,P0079,1.0,5.17
2026-07-15,P0081,6.0,32.52
2026-07-15,P0084,3.0,6.72
2026-07-15,P0088,1.0,1.83
2026-07-15,P0089,2.0,1.36
2026-07-15,P0091,5.0,17.15
2026-07-15,P0092,1.0,3.81
2026-07-15,P0095,2.0,7.2
2026-07-15,P0097,1.0,1.12
2026-07-15,P0099,1.0,0.24
2026-07-15,P0101,1.0,0.18
2026-07-15,P0104,3.0,9.15
2026-07-15,P0105,6.0,8.76
2026-07-15,P0112,2.0,7.8
2026-07-15,P0113,1.0,3.35
2026-07-15,P0114,1.0,1.85
2026-07-15,P0115,1.0,1.96
2026-07-15,P0117,1.0,5.4
2026-07-15,P0121,2.0,18.88
2026-07-15,P0122,1.0,3.02
2026-07-15,P0123,1.0,3.62
2026-07-15,P0124,3.0,7.11
2026-07-15,P0125,1.0,4.5
2026-07-15,P0126,1.0,2.19
2026-07-15,P0127,4.0,6.08
2026-07-15,P0128,3.0,4.38
2026-07-16,P0003,1.0,2.98
2026-07-16,P0006,1.0,0.39
2026-07-16,P0014,1.0,2.05
2026-07-16,P0015,1.0,1.5
2026-07-16,P0016,1.0,1.66
2026-07-16,P0017,1.0,3.18
2026-07-16,P0020,1.0,1.45
2026-07-16,P0022,1.0,2.67
2026-07-16,P0023,1.0,2.87
2026-07-16,P0025,6.0,18.54
2026-07-16,P0026,1.0,1.39
2026-07-16,P0027,2.0,2.58
2026-07-16,P0028,4.0,9.68
2026-07-16,P0030,1.0,2.14
2026-07-16,P0031,2.0,1.86
2026-07-16,P0032,1.0,1.03
2026-07-16,P0033,1.0,2.95
2026-07-16,P0035,3.0,37.14
2026-07-16,P0037,2.0,9.52
2026-07-16,P0040,1.0,10.55
2026-07-16,P0042,1.0,14.27
2026-07-16,P0045,1.0,13.11
2026-07-16,P0047,1.0,7.02
2026-07-16,P0048,2.0,8.16
2026-07-16,P0049,3.0,5.55
2026-07-16,P0051,3.0,11.4
2026-07-16,P0052,1.0,0.59
2026-07-16,P0055,1.0,1.27
2026-07-16,P0056,2.0,8.16
2026-07-16,P0057,2.0,6.94
2026-07-16,P0058,1.0,3.5
2026-07-16,P0059,1.0,0.59
2026-07-16,P0061,3.0,6.93
2026-07-16,P0062,1.0,2.69
2026-07-16,P0063,2.0,4.92
2026-07-16,P0064,2.0,8.48
2026-07-16,P0065,3.0,9.12
2026-07-16,P0066,2.0,9.72
2026-07-16,P0067,1.0,1.0
2026-07-16,P0070,2.0,3.3
2026-07-16,P0076,1.0,1.98
2026-07-16,P0078,6.0,6.84
2026-07-16,P0080,1.0,2.0
2026-07-16,P0081,6.0,32.52
2026-07-16,P0083,1.0,1.26
2026-07-16,P0084,2.0,4.48
2026-07-16,P0087,1.0,1.17
2026-07-16,P0088,1.0,1.83
2026-07-16,P0090,1.0,3.69
2026-07-16,P0091,6.0,20.58
2026-07-16,P0094,2.0,1.44
2026-07-16,P0097,2.0,2.24
2026-07-16,P0101,2.0,0.36
2026-07-16,P0103,1.0,2.37
2026-07-16,P0105,6.0,8.76
2026-07-16,P0110,2.0,7.82
2026-07-16,P0111,1.0,3.7
2026-07-16,P0114,1.0,1.85
2026-07-16,P0117,1.0,5.4
2026-07-16,P0122,1.0,3.02
2026-07-16,P0123,1.0,3.62
2026-07-16,P0124,1.0,2.37
2026-07-16,P0127,2.0,3.04
2026-07-16,P0128,2.0,2.92
2026-07-17,P0003,1.0,2.98
2026-07-17,P0004,1.0,3.08
2026-07-17,P0005,1.0,2.03
2026-07-17,P0006,1.0,0.39
2026-07-17,P0008,1.0,1.84
2026-07-17,P0009,1.0,2.76
2026-07-17,P0011,1.0,2.62
2026-07-17,P0012,1.0,2.46
2026-07-17,P0015,2.0,3.0
2026-07-17,P0017,1.0,3.18
2026-07-17,P0020,1.0,1.45
2026-07-17,P0021,1.0,0.52
2026-07-17,P0023,1.0,2.87
2026-07-17,P0025,5.0,15.45
2026-07-17,P0026,3.0,4.17
2026-07-17,P0027,3.0,3.87
2026-07-17,P0028,6.0,14.52
2026-07-17,P0030,1.0,2.14
2026-07-17,P0033,1.0,2.95
2026-07-17,P0035,3.0,37.14
2026-07-17,P0041,1.0,9.61
2026-07-17,P0045,3.0,39.33
2026-07-17,P0048,3.0,12.24
2026-07-17,P0049,3.0,5.55
2026-07-17,P0050,1.0,0.68
2026-07-17,P0051,5.0,19.0
2026-07-17,P0052,3.0,1.77
2026-07-17,P0053,1.0,1.13
2026-07-17,P0055,2.0,2.54
2026-07-17,P0056,2.0,8.16
2026-07-17,P0057,1.0,3.47
2026-07-17,P0058,2.0,7.0
2026-07-17,P0061,2.0,4.62
2026-07-17,P0062,1.0,2.69
2026-07-17,P0063,2.0,4.92
2026-07-17,P0064,4.0,16.96
2026-07-17,P0066,2.0,9.72
2026-07-17,P0067,3.0,3.0
2026-07-17,P0068,2.0,7.66
2026-07-17,P0075,1.0,5.42
2026-07-17,P0076,1.0,1.98
2026-07-17,P0078,6.0,6.84
2026-07-17,P0081,6.0,32.52
2026-07-17,P0083,1.0,1.26
2026-07-17,P0084,3.0,6.72
2026-07-17,P0086,2.0,6.5
2026-07-17,P0088,1.0,1.83
2026-07-17,P0090,1.0,3.69
2026-07-17,P0091,6.0,20.58
2026-07-17,P0094,1.0,0.72
2026-07-17,P0095,2.0,7.2
2026-07-17,P0097,4.0,4.48
2026-07-17,P0100,1.0,0.23
2026-07-17,P0101,1.0,0.18
2026-07-17,P0103,1.0,2.37
2026-07-17,P0105,6.0,8.76
2026-07-17,P0107,1.0,3.48
2026-07-17,P0110,2.0,7.82
2026-07-17,P0111,1.0,3.7
2026-07-17,P0112,1.0,3.9
2026-07-17,P0113,1.0,3.35
2026-07-17,P0114,2.0,3.7
2026-07-17,P0117,3.0,16.2
2026-07-17,P0119,2.0,6.64
2026-07-17,P0121,4.0,37.76
2026-07-17,P0122,2.0,6.04
2026-07-17,P0123,1.0,3.62
2026-07-17,P0127,4.0,6.08
2026-07-17,P0128,2.0,2.92
2026-07-18,P0001,3.0,7.29
2026-07-18,P0002,1.0,0.48
2026-07-18,P0003,1.0,2.98
2026-07-18,P0004,3.0,9.24
2026-07-18,P0008,1.0,1.84
2026-07-18,P0012,1.0,2.46
2026-07-18,P0014,2.0,4.1
2026-07-18,P0015,2.0,3.0
2026-07-18,P0016,2.0,3.32
2026-07-18,P0017,1.0,3.18
2026-07-18,P0019,1.0,0.19
2026-07-18,P0020,3.0,4.35
2026-07-18,P0022,2.0,5.34
2026-07-18,P0023,2.0,5.74
2026-07-18,P0025,6.0,18.54
2026-07-18,P0027,2.0,2.58
2026-07-18,P0028,6.0,14.52
2026-07-18,P0029,3.0,11.4
2026-07-18,P0030,1.0,2.14
2026-07-18,P0031,1.0,0.93
2026-07-18,P0035,2.0,24.76
2026-07-18,P0038,2.0,9.9
2026-07-18,P0045,1.0,13.11
2026-07-18,P0047,1.0,7.02
2026-07-18,P0048,1.0,4.08
2026-07-18,P0049,2.0,3.7
2026-07-18,P0050,2.0,1.36
2026-07-18,P0051,2.0,7.6
2026-07-18,P0052,3.0,1.77
2026-07-18,P0055,3.0,3.81
2026-07-18,P0056,3.0,12.24
2026-07-18,P0057,1.0,3.47
2026-07-18,P0058,2.0,7.0
2026-07-18,P0060,1.0,4.1
2026-07-18,P0061,1.0,2.31
2026-07-18,P0062,1.0,2.69
2026-07-18,P0063,4.0,9.84
2026-07-18,P0064,6.0,25.44
2026-07-18,P0065,2.0,6.08
2026-07-18,P0066,4.0,19.44
2026-07-18,P0067,3.0,3.0
2026-07-18,P0070,1.0,1.65
2026-07-18,P0072,1.0,1.99
2026-07-18,P0073,1.0,3.99
2026-07-18,P0076,1.0,1.98
2026-07-18,P0078,6.0,6.84
2026-07-18,P0079,1.0,5.17
2026-07-18,P0080,1.0,2.0
2026-07-18,P0081,6.0,32.52
2026-07-18,P0083,1.0,1.26
2026-07-18,P0084,1.0,2.24
2026-07-18,P0085,1.0,1.47
2026-07-18,P0086,1.0,3.25
2026-07-18,P0087,1.0,1.17
2026-07-18,P0088,1.0,1.83
2026-07-18,P0089,1.0,0.68
2026-07-18,P0091,6.0,20.58
2026-07-18,P0093,2.0,7.0
2026-07-18,P0094,1.0,0.72
2026-07-18,P0095,2.0,7.2
2026-07-18,P0097,3.0,3.36
2026-07-18,P0100,1.0,0.23
2026-07-18,P0101,2.0,0.36
2026-07-18,P0104,5.0,15.25
2026-07-18,P0105,6.0,8.76
2026-07-18,P0106,1.0,1.13
2026-07-18,P0108,1.0,2.16
2026-07-18,P0110,1.0,3.91
2026-07-18,P0112,2.0,7.8
2026-07-18,P0117,3.0,16.2
2026-07-18,P0118,1.0,4.49
2026-07-18,P0122,3.0,9.06
2026-07-18,P0124,1.0,2.37
2026-07-18,P0125,2.0,9.0
2026-07-18,P0127,3.0,4.56
2026-07-18,P0128,3.0,4.38
2026-07-19,P0001,3.0,7.29
2026-07-19,P0003,1.0,2.98
2026-07-19,P0004,2.0,6.16
2026-07-19,P0005,1.0,2.03
2026-07-19,P0006,1.0,0.39
2026-07-19,P0014,1.0,2.05
2026-07-19,P0015,3.0,4.5
2026-07-19,P0017,1.0,3.18
2026-07-19,P0022,1.0,2.67
2026-07-19,P0023,2.0,5.74
2026-07-19,P0025,6.0,18.54
2026-07-19,P0027,4.0,5.16
2026-07-19,P0028,6.0,14.52
2026-07-19,P0029,3.0,11.4
2026-07-19,P0030,1.0,2.14
2026-07-19,P0031,2.0,1.86
2026-07-19,P0032,1.0,1.03
2026-07-19,P0033,1.0,2.95
2026-07-19,P0035,2.0,24.76
2026-07-19,P0037,1.0,4.76
2026-07-19,P0038,1.0,4.95
2026-07-19,P0042,1.0,14.27
2026-07-19,P0047,1.0,7.02
2026-07-19,P0048,1.0,4.08
2026-07-19,P0050,1.0,0.68
2026-07-19,P0051,3.0,11.4
2026-07-19,P0052,2.0,1.18
2026-07-19,P0055,3.0,3.81
2026-07-19,P0057,3.0,10.41
2026-07-19,P0058,2.0,7.0
2026-07-19,P0061,1.0,2.31
2026-07-19,P0062,1.0,2.69
2026-07-19,P0063,2.0,4.92
2026-07-19,P0064,3.0,12.72
2026-07-19,P0065,1.0,3.04
2026-07-19,P0066,1.0,4.86
2026-07-19,P0067,2.0,2.0
2026-07-19,P0068,1.0,3.83
2026-07-19,P0069,1.0,4.67
2026-07-19,P0073,2.0,7.98
2026-07-19,P0077,1.0,0.51
2026-07-19,P0078,6.0,6.84
2026-07-19,P0080,1.0,2.0
2026-07-19,P0081,6.0,32.52
2026-07-19,P0082,1.0,4.31
2026-07-19,P0084,2.0,4.48
2026-07-19,P0086,1.0,3.25
2026-07-19,P0089,2.0,1.36
2026-07-19,P0091,6.0,20.58
2026-07-19,P0093,1.0,3.5
2026-07-19,P0094,1.0,0.72
2026-07-19,P0097,1.0,1.12
2026-07-19,P0100,2.0,0.46
2026-07-19,P0101,3.0,0.54
2026-07-19,P0103,1.0,2.37
2026-07-19,P0104,3.0,9.15
2026-07-19,P0105,6.0,8.76
2026-07-19,P0110,3.0,11.73
2026-07-19,P0112,3.0,11.7
2026-07-19,P0115,1.0,1.96
2026-07-19,P0121,3.0,28.32
2026-07-19,P0122,3.0,9.06
2026-07-19,P0124,3.0,7.11
2026-07-19,P0125,1.0,4.5
2026-07-19,P0127,3.0,4.56
2026-07-19,P0128,1.0,1.46
2026-07-20,P0001,3.0,7.29
2026-07-20,P0006,1.0,0.39
2026-07-20,P0011,1.0,2.62
2026-07-20,P0016,2.0,3.32
2026-07-20,P0018,1.0,0.52
2026-07-20,P0023,1.0,2.87
2026-07-20,P0025,3.0,9.27
2026-07-20,P0026,1.0,1.39
2026-07-20,P0027,3.0,3.87
2026-07-20,P0028,5.0,12.1
2026-07-20,P0029,1.0,3.8
2026-07-20,P0035,1.0,12.38
2026-07-20,P0037,1.0,4.76
2026-07-20,P0038,1.0,4.95
2026-07-20,P0039,1.0,9.08
2026-07-20,P0047,1.0,7.02
2026-07-20,P0049,2.0,3.7
2026-07-20,P0050,1.0,0.68
2026-07-20,P0052,1.0,0.59
2026-07-20,P0055,1.0,1.27
2026-07-20,P0056,4.0,16.32
2026-07-20,P0057,1.0,3.47
2026-07-20,P0058,2.0,7.0
2026-07-20,P0061,3.0,6.93
2026-07-20,P0063,3.0,7.38
2026-07-20,P0064,2.0,8.48
2026-07-20,P0065,2.0,6.08
2026-07-20,P0066,3.0,14.58
2026-07-20,P0070,1.0,1.65
2026-07-20,P0073,1.0,3.99
2026-07-20,P0075,1.0,5.42
2026-07-20,P0076,1.0,1.98
2026-07-20,P0078,6.0,6.84
2026-07-20,P0080,2.0,4.0
2026-07-20,P0081,6.0,32.52
2026-07-20,P0084,3.0,6.72
2026-07-20,P0086,1.0,3.25
2026-07-20,P0089,1.0,0.68
2026-07-20,P0091,6.0,20.58
2026-07-20,P0096,1.0,3.05
2026-07-20,P0097,2.0,2.24
2026-07-20,P0101,3.0,0.54
2026-07-20,P0103,1.0,2.37
2026-07-20,P0104,2.0,6.1
2026-07-20,P0105,6.0,8.76
2026-07-20,P0106,1.0,1.13
2026-07-20,P0110,2.0,7.82
2026-07-20,P0111,1.0,3.7
2026-07-20,P0112,1.0,3.9
2026-07-20,P0114,1.0,1.85
2026-07-20,P0116,1.0,2.18
2026-07-20,P0121,1.0,9.44
2026-07-20,P0124,1.0,2.37
2026-07-20,P0125,1.0,4.5
2026-07-20,P0128,1.0,1.46
2026-07-21,P0003,1.0,2.98
2026-07-21,P0004,1.0,3.08
2026-07-21,P0012,1.0,2.46
2026-07-21,P0014,1.0,2.05
2026-07-21,P0017,1.0,3.18
2026-07-21,P0021,2.0,1.04
2026-07-21,P0025,3.0,9.27
2026-07-21,P0026,2.0,2.78
2026-07-21,P0027,1.0,1.29
2026-07-21,P0028,4.0,9.68
2026-07-21,P0029,2.0,7.6
2026-07-21,P0031,3.0,2.79
2026-07-21,P0037,1.0,4.76
2026-07-21,P0040,1.0,10.55
2026-07-21,P0045,1.0,13.11
2026-07-21,P0048,2.0,8.16
2026-07-21,P0049,1.0,1.85
2026-07-21,P0050,1.0,0.68
2026-07-21,P0051,2.0,7.6
2026-07-21,P0052,1.0,0.59
2026-07-21,P0055,2.0,2.54
2026-07-21,P0056,1.0,4.08
2026-07-21,P0057,3.0,10.41
2026-07-21,P0058,1.0,3.5
2026-07-21,P0059,1.0,0.59
2026-07-21,P0061,1.0,2.31
2026-07-21,P0063,5.0,12.3
2026-07-21,P0064,4.0,16.96
2026-07-21,P0065,1.0,3.04
2026-07-21,P0066,3.0,14.58
2026-07-21,P0067,3.0,3.0
2026-07-21,P0068,2.0,7.66
2026-07-21,P0078,6.0,6.84
2026-07-21,P0081,6.0,32.52
2026-07-21,P0091,2.0,6.86
2026-07-21,P0095,1.0,3.6
2026-07-21,P0097,1.0,1.12
2026-07-21,P0098,1.0,0.45
2026-07-21,P0100,1.0,0.23
2026-07-21,P0101,2.0,0.36
2026-07-21,P0103,1.0,2.37
2026-07-21,P0104,1.0,3.05
2026-07-21,P0105,4.0,5.84
2026-07-21,P0108,1.0,2.16
2026-07-21,P0110,2.0,7.82
2026-07-21,P0112,1.0,3.9
2026-07-21,P0115,1.0,1.96
2026-07-21,P0121,2.0,18.88
2026-07-21,P0122,2.0,6.04
2026-07-21,P0123,3.0,10.86
2026-07-21,P0125,1.0,4.5
2026-07-21,P0127,1.0,1.52
2026-07-22,P0001,1.0,2.43
2026-07-22,P0002,1.0,0.48
2026-07-22,P0003,1.0,2.98
2026-07-22,P0006,2.0,0.78
2026-07-22,P0008,1.0,1.84
2026-07-22,P0013,1.0,2.78
2026-07-22,P0014,2.0,4.1
2026-07-22,P0015,1.0,1.5
2026-07-22,P0016,1.0,1.66
2026-07-22,P0018,1.0,0.52
2026-07-22,P0023,1.0,2.87
2026-07-22,P0025,4.0,12.36
2026-07-22,P0026,2.0,2.78
2026-07-22,P0027,1.0,1.29
2026-07-22,P0028,4.0,9.68
2026-07-22,P0029,1.0,3.8
2026-07-22,P0030,1.0,2.14
2026-07-22,P0032,1.0,1.03
2026-07-22,P0035,1.0,12.38
2026-07-22,P0038,2.0,9.9
2026-07-22,P0042,1.0,14.27
2026-07-22,P0044,1.0,11.65
2026-07-22,P0047,1.0,7.02
2026-07-22,P0048,1.0,4.08
2026-07-22,P0049,1.0,1.85
2026-07-22,P0051,3.0,11.4
2026-07-22,P0052,1.0,0.59
2026-07-22,P0055,2.0,2.54
2026-07-22,P0056,1.0,4.08
2026-07-22,P0057,1.0,3.47
2026-07-22,P0058,1.0,3.5
2026-07-22,P0059,1.0,0.59
2026-07-22,P0060,2.0,8.2
2026-07-22,P0061,1.0,2.31
2026-07-22,P0063,1.0,2.46
2026-07-22,P0064,3.0,12.72
2026-07-22,P0065,1.0,3.04
2026-07-22,P0066,1.0,4.86
2026-07-22,P0067,3.0,3.0
2026-07-22,P0068,1.0,3.83
2026-07-22,P0071,1.0,2.94
2026-07-22,P0072,1.0,1.99
2026-07-22,P0078,6.0,6.84
2026-07-22,P0079,1.0,5.17
2026-07-22,P0080,1.0,2.0
2026-07-22,P0081,6.0,32.52
2026-07-22,P0084,1.0,2.24
2026-07-22,P0086,1.0,3.25
2026-07-22,P0088,1.0,1.83
2026-07-22,P0091,6.0,20.58
2026-07-22,P0094,1.0,0.72
2026-07-22,P0096,1.0,3.05
2026-07-22,P0097,2.0,2.24
2026-07-22,P0101,1.0,0.18
2026-07-22,P0103,1.0,2.37
2026-07-22,P0104,1.0,3.05
2026-07-22,P0105,5.0,7.3
2026-07-22,P0110,3.0,11.73
2026-07-22,P0112,3.0,11.7
2026-07-22,P0117,1.0,5.4
2026-07-22,P0121,1.0,9.44
2026-07-22,P0122,1.0,3.02
2026-07-22,P0123,3.0,10.86
2026-07-22,P0124,2.0,4.74
2026-07-22,P0125,1.0,4.5
2026-07-22,P0127,2.0,3.04
2026-07-22,P0128,1.0,1.46
2026-07-23,P0008,1.0,1.84
2026-07-23,P0011,1.0,2.62
2026-07-23,P0014,1.0,2.05
2026-07-23,P0015,2.0,3.0
2026-07-23,P0020,1.0,1.45
2026-07-23,P0022,1.0,2.67
2026-07-23,P0023,1.0,2.87
2026-07-23,P0025,5.0,15.45
2026-07-23,P0026,2.0,2.78
2026-07-23,P0027,2.0,2.58
2026-07-23,P0028,5.0,12.1
2026-07-23,P0031,1.0,0.93
2026-07-23,P0032,1.0,1.03
2026-07-23,P0035,1.0,12.38
2026-07-23,P0039,1.0,9.08
2026-07-23,P0045,1.0,13.11
2026-07-23,P0047,1.0,7.02
2026-07-23,P0049,2.0,3.7
2026-07-23,P0051,3.0,11.4
2026-07-23,P0056,2.0,8.16
2026-07-23,P0057,1.0,3.47
2026-07-23,P0058,2.0,7.0
2026-07-23,P0061,1.0,2.31
2026-07-23,P0062,1.0,2.69
2026-07-23,P0063,2.0,4.92
2026-07-23,P0064,3.0,12.72
2026-07-23,P0065,2.0,6.08
2026-07-23,P0067,4.0,4.0
2026-07-23,P0069,1.0,4.67
2026-07-23,P0072,1.0,1.99
2026-07-23,P0075,1.0,5.42
2026-07-23,P0077,1.0,0.51
2026-07-23,P0078,6.0,6.84
2026-07-23,P0081,6.0,32.52
2026-07-23,P0082,1.0,4.31
2026-07-23,P0086,1.0,3.25
2026-07-23,P0089,1.0,0.68
2026-07-23,P0091,6.0,20.58
2026-07-23,P0093,1.0,3.5
2026-07-23,P0094,2.0,1.44
2026-07-23,P0095,1.0,3.6
2026-07-23,P0096,1.0,3.05
2026-07-23,P0097,4.0,4.48
2026-07-23,P0098,1.0,0.45
2026-07-23,P0100,2.0,0.46
2026-07-23,P0101,1.0,0.18
2026-07-23,P0103,1.0,2.37
2026-07-23,P0104,2.0,6.1
2026-07-23,P0105,6.0,8.76
2026-07-23,P0106,1.0,1.13
2026-07-23,P0110,4.0,15.64
2026-07-23,P0112,2.0,7.8
2026-07-23,P0113,2.0,6.7
2026-07-23,P0115,1.0,1.96
2026-07-23,P0120,1.0,8.84
2026-07-23,P0121,1.0,9.44
2026-07-23,P0122,2.0,6.04
2026-07-23,P0123,1.0,3.62
2026-07-23,P0124,3.0,7.11
2026-07-23,P0128,1.0,1.46
2026-07-24,P0001,3.0,7.29
2026-07-24,P0004,1.0,3.08
2026-07-24,P0006,2.0,0.78
2026-07-24,P0012,1.0,2.46
2026-07-24,P0014,3.0,6.15
2026-07-24,P0019,1.0,0.19
2026-07-24,P0023,1.0,2.87
2026-07-24,P0025,6.0,18.54
2026-07-24,P0027,3.0,3.87
2026-07-24,P0028,6.0,14.52
2026-07-24,P0029,2.0,7.6
2026-07-24,P0030,2.0,4.28
2026-07-24,P0031,4.0,3.72
2026-07-24,P0033,2.0,5.9
2026-07-24,P0035,4.0,49.52
2026-07-24,P0037,1.0,4.76
2026-07-24,P0038,2.0,9.9
2026-07-24,P0039,1.0,9.08
2026-07-24,P0041,1.0,9.61
2026-07-24,P0043,1.0,8.55
2026-07-24,P0044,1.0,11.65
2026-07-24,P0045,1.0,13.11
2026-07-24,P0046,1.0,7.68
2026-07-24,P0048,1.0,4.08
2026-07-24,P0049,2.0,3.7
2026-07-24,P0050,3.0,2.04
2026-07-24,P0051,4.0,15.2
2026-07-24,P0052,1.0,0.59
2026-07-24,P0054,1.0,1.06
2026-07-24,P0055,2.0,2.54
2026-07-24,P0056,3.0,12.24
2026-07-24,P0057,3.0,10.41
2026-07-24,P0063,4.0,9.84
2026-07-24,P0064,6.0,25.44
2026-07-24,P0065,2.0,6.08
2026-07-24,P0066,5.0,24.3
2026-07-24,P0067,4.0,4.0
2026-07-24,P0068,1.0,3.83
2026-07-24,P0070,1.0,1.65
2026-07-24,P0072,1.0,1.99
2026-07-24,P0073,2.0,7.98
2026-07-24,P0075,1.0,5.42
2026-07-24,P0077,1.0,0.51
2026-07-24,P0078,6.0,6.84
2026-07-24,P0080,3.0,6.0
2026-07-24,P0081,6.0,32.52
2026-07-24,P0082,1.0,4.31
2026-07-24,P0084,3.0,6.72
2026-07-24,P0088,2.0,3.66
2026-07-24,P0091,6.0,20.58
2026-07-24,P0092,1.0,3.81
2026-07-24,P0094,1.0,0.72
2026-07-24,P0096,1.0,3.05
2026-07-24,P0097,2.0,2.24
2026-07-24,P0101,3.0,0.54
2026-07-24,P0103,2.0,4.74
2026-07-24,P0104,4.0,12.2
2026-07-24,P0105,6.0,8.76
2026-07-24,P0110,5.0,19.55
2026-07-24,P0112,3.0,11.7
2026-07-24,P0113,1.0,3.35
2026-07-24,P0114,1.0,1.85
2026-07-24,P0116,1.0,2.18
2026-07-24,P0117,1.0,5.4
2026-07-24,P0118,1.0,4.49
2026-07-24,P0120,1.0,8.84
2026-07-24,P0121,1.0,9.44
2026-07-24,P0122,4.0,12.08
2026-07-24,P0127,2.0,3.04
2026-07-24,P0128,3.0,4.38
2026-07-25,P0001,2.0,4.86
2026-07-25,P0005,1.0,2.03
2026-07-25,P0008,1.0,1.84
2026-07-25,P0012,2.0,4.92
2026-07-25,P0014,3.0,6.15
2026-07-25,P0015,2.0,3.0
2026-07-25,P0020,2.0,2.9
2026-07-25,P0021,2.0,1.04
2026-07-25,P0022,3.0,8.01
2026-07-25,P0023,1.0,2.87
2026-07-25,P0025,6.0,18.54
2026-07-25,P0026,2.0,2.78
2026-07-25,P0027,3.0,3.87
2026-07-25,P0028,6.0,14.52
2026-07-25,P0029,2.0,7.6
2026-07-25,P0030,1.0,2.14
2026-07-25,P0031,1.0,0.93
2026-07-25,P0032,1.0,1.03
2026-07-25,P0035,3.0,37.14
2026-07-25,P0037,1.0,4.76
2026-07-25,P0045,2.0,26.22
2026-07-25,P0046,1.0,7.68
2026-07-25,P0047,2.0,14.04
2026-07-25,P0048,2.0,8.16
2026-07-25,P0049,1.0,1.85
2026-07-25,P0050,2.0,1.36
2026-07-25,P0051,5.0,19.0
2026-07-25,P0052,2.0,1.18
2026-07-25,P0055,2.0,2.54
2026-07-25,P0056,2.0,8.16
2026-07-25,P0057,1.0,3.47
2026-07-25,P0058,1.0,3.5
2026-07-25,P0059,2.0,1.18
2026-07-25,P0060,1.0,4.1
2026-07-25,P0062,1.0,2.69
2026-07-25,P0063,2.0,4.92
2026-07-25,P0064,5.0,21.2
2026-07-25,P0065,3.0,9.12
2026-07-25,P0066,2.0,9.72
2026-07-25,P0067,1.0,1.0
2026-07-25,P0068,2.0,7.66
2026-07-25,P0070,1.0,1.65
2026-07-25,P0072,2.0,3.98
2026-07-25,P0073,1.0,3.99
2026-07-25,P0074,1.0,0.99
2026-07-25,P0075,1.0,5.42
2026-07-25,P0077,1.0,0.51
2026-07-25,P0078,6.0,6.84
2026-07-25,P0079,1.0,5.17
2026-07-25,P0080,1.0,2.0
2026-07-25,P0081,6.0,32.52
2026-07-25,P0084,3.0,6.72
2026-07-25,P0089,2.0,1.36
2026-07-25,P0090,1.0,3.69
2026-07-25,P0091,6.0,20.58
2026-07-25,P0094,2.0,1.44
2026-07-25,P0096,1.0,3.05
2026-07-25,P0097,4.0,4.48
2026-07-25,P0101,3.0,0.54
2026-07-25,P0104,3.0,9.15
2026-07-25,P0105,6.0,8.76
2026-07-25,P0106,1.0,1.13
2026-07-25,P0109,1.0,1.89
2026-07-25,P0110,4.0,15.64
2026-07-25,P0111,1.0,3.7
2026-07-25,P0114,2.0,3.7
2026-07-25,P0115,2.0,3.92
2026-07-25,P0117,3.0,16.2
2026-07-25,P0119,1.0,3.32
2026-07-25,P0120,1.0,8.84
2026-07-25,P0121,3.0,28.32
2026-07-25,P0122,3.0,9.06
2026-07-25,P0123,2.0,7.24
2026-07-25,P0124,2.0,4.74
2026-07-25,P0125,1.0,4.5
2026-07-25,P0127,2.0,3.04
2026-07-25,P0128,3.0,4.38
2026-07-26,P0001,1.0,2.43
2026-07-26,P0002,1.0,0.48
2026-07-26,P0005,1.0,2.03
2026-07-26,P0006,1.0,0.39
2026-07-26,P0007,1.0,2.07
2026-07-26,P0015,2.0,3.0
2026-07-26,P0017,1.0,3.18
2026-07-26,P0022,1.0,2.67
2026-07-26,P0023,1.0,2.87
2026-07-26,P0025,4.0,12.36
2026-07-26,P0028,4.0,9.68
2026-07-26,P0030,2.0,4.28
2026-07-26,P0031,1.0,0.93
2026-07-26,P0034,1.0,9.5
2026-07-26,P0035,1.0,12.38
2026-07-26,P0037,1.0,4.76
2026-07-26,P0039,1.0,9.08
2026-07-26,P0040,1.0,10.55
2026-07-26,P0045,1.0,13.11
2026-07-26,P0047,2.0,14.04
2026-07-26,P0048,2.0,8.16
2026-07-26,P0049,2.0,3.7
2026-07-26,P0051,3.0,11.4
2026-07-26,P0052,2.0,1.18
2026-07-26,P0055,2.0,2.54
2026-07-26,P0056,2.0,8.16
2026-07-26,P0057,1.0,3.47
2026-07-26,P0058,1.0,3.5
2026-07-26,P0059,1.0,0.59
2026-07-26,P0061,2.0,4.62
2026-07-26,P0063,2.0,4.92
2026-07-26,P0064,4.0,16.96
2026-07-26,P0065,1.0,3.04
2026-07-26,P0066,2.0,9.72
2026-07-26,P0067,3.0,3.0
2026-07-26,P0068,1.0,3.83
2026-07-26,P0073,1.0,3.99
2026-07-26,P0074,1.0,0.99
2026-07-26,P0077,2.0,1.02
2026-07-26,P0078,6.0,6.84
2026-07-26,P0081,6.0,32.52
2026-07-26,P0082,1.0,4.31
2026-07-26,P0084,2.0,4.48
2026-07-26,P0086,1.0,3.25
2026-07-26,P0091,6.0,20.58
2026-07-26,P0093,1.0,3.5
2026-07-26,P0095,1.0,3.6
2026-07-26,P0096,1.0,3.05
2026-07-26,P0097,2.0,2.24
2026-07-26,P0101,1.0,0.18
2026-07-26,P0104,2.0,6.1
2026-07-26,P0105,6.0,8.76
2026-07-26,P0108,1.0,2.16
2026-07-26,P0109,1.0,1.89
2026-07-26,P0110,3.0,11.73
2026-07-26,P0115,1.0,1.96
2026-07-26,P0118,1.0,4.49
2026-07-26,P0119,2.0,6.64
2026-07-26,P0121,4.0,37.76
2026-07-26,P0122,3.0,9.06
2026-07-26,P0124,1.0,2.37
2026-07-26,P0125,1.0,4.5
2026-07-26,P0127,1.0,1.52
2026-07-26,P0128,2.0,2.92
2026-07-27,P0001,2.0,4.86
2026-07-27,P0003,1.0,2.98
2026-07-27,P0005,1.0,2.03
2026-07-27,P0006,1.0,0.39
2026-07-27,P0007,1.0,2.07
2026-07-27,P0012,1.0,2.46
2026-07-27,P0014,2.0,4.1
2026-07-27,P0015,2.0,3.0
2026-07-27,P0016,1.0,1.66
2026-07-27,P0018,1.0,0.52
2026-07-27,P0020,1.0,1.45
2026-07-27,P0022,2.0,5.34
2026-07-27,P0025,5.0,15.45
2026-07-27,P0027,2.0,2.58
2026-07-27,P0028,4.0,9.68
2026-07-27,P0029,1.0,3.8
2026-07-27,P0030,1.0,2.14
2026-07-27,P0031,1.0,0.93
2026-07-27,P0035,1.0,12.38
2026-07-27,P0038,2.0,9.9
2026-07-27,P0039,1.0,9.08
2026-07-27,P0041,1.0,9.61
2026-07-27,P0045,2.0,26.22
2026-07-27,P0049,2.0,3.7
2026-07-27,P0050,1.0,0.68
2026-07-27,P0051,1.0,3.8
2026-07-27,P0052,2.0,1.18
2026-07-27,P0054,1.0,1.06
2026-07-27,P0055,1.0,1.27
2026-07-27,P0056,2.0,8.16
2026-07-27,P0057,1.0,3.47
2026-07-27,P0061,1.0,2.31
2026-07-27,P0063,4.0,9.84
2026-07-27,P0064,2.0,8.48
2026-07-27,P0065,1.0,3.04
2026-07-27,P0066,2.0,9.72
2026-07-27,P0067,1.0,1.0
2026-07-27,P0068,2.0,7.66
2026-07-27,P0070,2.0,3.3
2026-07-27,P0072,2.0,3.98
2026-07-27,P0078,6.0,6.84
2026-07-27,P0079,3.0,15.51
2026-07-27,P0080,1.0,2.0
2026-07-27,P0081,6.0,32.52
2026-07-27,P0082,2.0,8.62
2026-07-27,P0084,1.0,2.24
2026-07-27,P0086,1.0,3.25
2026-07-27,P0091,5.0,17.15
2026-07-27,P0094,1.0,0.72
2026-07-27,P0095,1.0,3.6
2026-07-27,P0097,3.0,3.36
2026-07-27,P0101,1.0,0.18
2026-07-27,P0102,1.0,1.18
2026-07-27,P0104,2.0,6.1
2026-07-27,P0105,5.0,7.3
2026-07-27,P0109,1.0,1.89
2026-07-27,P0110,3.0,11.73
2026-07-27,P0112,2.0,7.8
2026-07-27,P0114,1.0,1.85
2026-07-27,P0116,1.0,2.18
2026-07-27,P0121,1.0,9.44
2026-07-27,P0122,2.0,6.04
2026-07-27,P0123,1.0,3.62
2026-07-27,P0124,1.0,2.37
2026-07-27,P0127,2.0,3.04
2026-07-27,P0128,1.0,1.46
2026-07-28,P0001,1.0,2.43
2026-07-28,P0003,2.0,5.96
2026-07-28,P0004,2.0,6.16
2026-07-28,P0011,1.0,2.62
2026-07-28,P0014,1.0,2.05
2026-07-28,P0015,2.0,3.0
2026-07-28,P0016,1.0,1.66
2026-07-28,P0017,1.0,3.18
2026-07-28,P0018,1.0,0.52
2026-07-28,P0020,2.0,2.9
2026-07-28,P0022,1.0,2.67
2026-07-28,P0023,1.0,2.87
2026-07-28,P0025,2.0,6.18
2026-07-28,P0026,2.0,2.78
2026-07-28,P0027,1.0,1.29
2026-07-28,P0028,3.0,7.26
2026-07-28,P0029,1.0,3.8
2026-07-28,P0033,1.0,2.95
2026-07-28,P0035,1.0,12.38
2026-07-28,P0041,1.0,9.61
2026-07-28,P0043,1.0,8.55
2026-07-28,P0046,1.0,7.68
2026-07-28,P0047,1.0,7.02
2026-07-28,P0049,1.0,1.85
2026-07-28,P0051,2.0,7.6
2026-07-28,P0052,1.0,0.59
2026-07-28,P0056,2.0,8.16
2026-07-28,P0057,2.0,6.94
2026-07-28,P0058,3.0,10.5
2026-07-28,P0061,1.0,2.31
2026-07-28,P0062,2.0,5.38
2026-07-28,P0063,2.0,4.92
2026-07-28,P0064,2.0,8.48
2026-07-28,P0065,1.0,3.04
2026-07-28,P0066,4.0,19.44
2026-07-28,P0067,1.0,1.0
2026-07-28,P0068,2.0,7.66
2026-07-28,P0072,2.0,3.98
2026-07-28,P0073,1.0,3.99
2026-07-28,P0076,1.0,1.98
2026-07-28,P0078,6.0,6.84
2026-07-28,P0080,2.0,4.0
2026-07-28,P0081,6.0,32.52
2026-07-28,P0083,1.0,1.26
2026-07-28,P0084,1.0,2.24
2026-07-28,P0085,1.0,1.47
2026-07-28,P0086,1.0,3.25
2026-07-28,P0089,1.0,0.68
2026-07-28,P0091,5.0,17.15
2026-07-28,P0094,1.0,0.72
2026-07-28,P0095,1.0,3.6
2026-07-28,P0096,1.0,3.05
2026-07-28,P0097,2.0,2.24
2026-07-28,P0101,2.0,0.36
2026-07-28,P0102,1.0,1.18
2026-07-28,P0103,1.0,2.37
2026-07-28,P0105,5.0,7.3
2026-07-28,P0106,1.0,1.13
2026-07-28,P0109,1.0,1.89
2026-07-28,P0110,3.0,11.73
2026-07-28,P0111,1.0,3.7
2026-07-28,P0112,2.0,7.8
2026-07-28,P0115,1.0,1.96
2026-07-28,P0117,1.0,5.4
2026-07-28,P0119,1.0,3.32
2026-07-28,P0120,1.0,8.84
2026-07-28,P0121,3.0,28.32
2026-07-28,P0122,1.0,3.02
2026-07-28,P0123,1.0,3.62
2026-07-28,P0124,2.0,4.74
2026-07-28,P0126,1.0,2.19
2026-07-28,P0127,1.0,1.52
2026-07-28,P0128,1.0,1.46
2026-07-29,P0001,2.0,4.86
2026-07-29,P0006,2.0,0.78
2026-07-29,P0011,1.0,2.62
2026-07-29,P0014,1.0,2.05
2026-07-29,P0015,1.0,1.5
2026-07-29,P0019,1.0,0.19
2026-07-29,P0020,3.0,4.35
2026-07-29,P0021,1.0,0.52
2026-07-29,P0022,1.0,2.67
2026-07-29,P0023,2.0,5.74
2026-07-29,P0025,6.0,18.54
2026-07-29,P0027,1.0,1.29
2026-07-29,P0028,5.0,12.1
2026-07-29,P0029,2.0,7.6
2026-07-29,P0031,1.0,0.93
2026-07-29,P0035,4.0,49.52
2026-07-29,P0039,1.0,9.08
2026-07-29,P0042,1.0,14.27
2026-07-29,P0045,5.0,65.55
2026-07-29,P0050,1.0,0.68
2026-07-29,P0051,3.0,11.4
2026-07-29,P0052,2.0,1.18
2026-07-29,P0055,1.0,1.27
2026-07-29,P0056,3.0,12.24
2026-07-29,P0057,3.0,10.41
2026-07-29,P0058,1.0,3.5
2026-07-29,P0063,3.0,7.38
2026-07-29,P0064,4.0,16.96
2026-07-29,P0066,1.0,4.86
2026-07-29,P0067,2.0,2.0
2026-07-29,P0068,1.0,3.83
2026-07-29,P0076,2.0,3.96
2026-07-29,P0077,1.0,0.51
2026-07-29,P0078,6.0,6.84
2026-07-29,P0080,1.0,2.0
2026-07-29,P0081,6.0,32.52
2026-07-29,P0086,1.0,3.25
2026-07-29,P0090,1.0,3.69
2026-07-29,P0091,6.0,20.58
2026-07-29,P0092,1.0,3.81
2026-07-29,P0094,1.0,0.72
2026-07-29,P0096,1.0,3.05
2026-07-29,P0097,2.0,2.24
2026-07-29,P0098,1.0,0.45
2026-07-29,P0100,1.0,0.23
2026-07-29,P0101,5.0,0.9
2026-07-29,P0104,2.0,6.1
2026-07-29,P0105,6.0,8.76
2026-07-29,P0108,1.0,2.16
2026-07-29,P0109,1.0,1.89
2026-07-29,P0110,1.0,3.91
2026-07-29,P0114,1.0,1.85
2026-07-29,P0117,1.0,5.4
2026-07-29,P0119,2.0,6.64
2026-07-29,P0121,2.0,18.88
2026-07-29,P0122,3.0,9.06
2026-07-29,P0123,2.0,7.24
2026-07-29,P0125,1.0,4.5
2026-07-29,P0127,4.0,6.08
2026-07-29,P0128,1.0,1.46
2026-07-30,P0001,2.0,4.86
2026-07-30,P0002,2.0,0.96
2026-07-30,P0004,3.0,9.24
2026-07-30,P0014,2.0,4.1
2026-07-30,P0015,1.0,1.5
2026-07-30,P0022,1.0,2.67
2026-07-30,P0025,4.0,12.36
2026-07-30,P0026,3.0,4.17
2026-07-30,P0027,1.0,1.29
2026-07-30,P0028,5.0,12.1
2026-07-30,P0029,1.0,3.8
2026-07-30,P0031,1.0,0.93
2026-07-30,P0034,1.0,9.5
2026-07-30,P0035,1.0,12.38
2026-07-30,P0039,1.0,9.08
2026-07-30,P0047,1.0,7.02
2026-07-30,P0048,1.0,4.08
2026-07-30,P0049,3.0,5.55
2026-07-30,P0050,2.0,1.36
2026-07-30,P0051,2.0,7.6
2026-07-30,P0055,1.0,1.27
2026-07-30,P0056,3.0,12.24
2026-07-30,P0057,2.0,6.94
2026-07-30,P0061,1.0,2.31
2026-07-30,P0063,5.0,12.3
2026-07-30,P0064,5.0,21.2
2026-07-30,P0065,2.0,6.08
2026-07-30,P0066,3.0,14.58
2026-07-30,P0067,1.0,1.0
2026-07-30,P0068,1.0,3.83
2026-07-30,P0075,1.0,5.42
2026-07-30,P0076,1.0,1.98
2026-07-30,P0078,6.0,6.84
2026-07-30,P0081,6.0,32.52
2026-07-30,P0084,4.0,8.96
2026-07-30,P0087,1.0,1.17
2026-07-30,P0089,1.0,0.68
2026-07-30,P0090,1.0,3.69
2026-07-30,P0091,6.0,20.58
2026-07-30,P0096,1.0,3.05
2026-07-30,P0097,4.0,4.48
2026-07-30,P0098,2.0,0.9
2026-07-30,P0100,1.0,0.23
2026-07-30,P0101,4.0,0.72
2026-07-30,P0103,1.0,2.37
2026-07-30,P0105,6.0,8.76
2026-07-30,P0110,3.0,11.73
2026-07-30,P0112,2.0,7.8
2026-07-30,P0118,4.0,17.96
2026-07-30,P0121,2.0,18.88
2026-07-30,P0122,2.0,6.04
2026-07-30,P0124,1.0,2.37
2026-07-30,P0125,1.0,4.5
2026-07-30,P0128,2.0,2.92
2026-07-31,P0001,2.0,4.86
2026-07-31,P0004,1.0,3.08
2026-07-31,P0006,1.0,0.39
2026-07-31,P0010,2.0,5.14
2026-07-31,P0013,1.0,2.78
2026-07-31,P0014,2.0,4.1
2026-07-31,P0015,1.0,1.5
2026-07-31,P0016,1.0,1.66
2026-07-31,P0017,2.0,6.36
2026-07-31,P0020,2.0,2.9
2026-07-31,P0023,1.0,2.87
2026-07-31,P0025,6.0,18.54
2026-07-31,P0026,1.0,1.39
2026-07-31,P0027,4.0,5.16
2026-07-31,P0028,6.0,14.52
2026-07-31,P0031,1.0,0.93
2026-07-31,P0032,1.0,1.03
2026-07-31,P0033,1.0,2.95
2026-07-31,P0035,1.0,12.38
2026-07-31,P0038,3.0,14.85
2026-07-31,P0042,1.0,14.27
2026-07-31,P0045,1.0,13.11
2026-07-31,P0047,1.0,7.02
2026-07-31,P0048,3.0,12.24
2026-07-31,P0049,2.0,3.7
2026-07-31,P0050,2.0,1.36
2026-07-31,P0051,3.0,11.4
2026-07-31,P0052,3.0,1.77
2026-07-31,P0055,2.0,2.54
2026-07-31,P0056,5.0,20.4
2026-07-31,P0057,2.0,6.94
2026-07-31,P0058,2.0,7.0
2026-07-31,P0059,1.0,0.59
2026-07-31,P0060,1.0,4.1
2026-07-31,P0061,1.0,2.31
2026-07-31,P0062,1.0,2.69
2026-07-31,P0063,3.0,7.38
2026-07-31,P0064,4.0,16.96
2026-07-31,P0065,3.0,9.12
2026-07-31,P0066,2.0,9.72
2026-07-31,P0067,2.0,2.0
2026-07-31,P0068,1.0,3.83
2026-07-31,P0070,2.0,3.3
2026-07-31,P0075,1.0,5.42
2026-07-31,P0076,2.0,3.96
2026-07-31,P0077,1.0,0.51
2026-07-31,P0078,6.0,6.84
2026-07-31,P0081,6.0,32.52
2026-07-31,P0082,1.0,4.31
2026-07-31,P0084,3.0,6.72
2026-07-31,P0085,2.0,2.94
2026-07-31,P0087,1.0,1.17
2026-07-31,P0090,1.0,3.69
2026-07-31,P0091,6.0,20.58
2026-07-31,P0094,1.0,0.72
2026-07-31,P0095,1.0,3.6
2026-07-31,P0097,2.0,2.24
2026-07-31,P0099,1.0,0.24
2026-07-31,P0100,2.0,0.46
2026-07-31,P0101,1.0,0.18
2026-07-31,P0103,1.0,2.37
2026-07-31,P0104,1.0,3.05
2026-07-31,P0105,6.0,8.76
2026-07-31,P0108,1.0,2.16
2026-07-31,P0110,2.0,7.82
2026-07-31,P0111,1.0,3.7
2026-07-31,P0117,1.0,5.4
2026-07-31,P0119,1.0,3.32
2026-07-31,P0121,3.0,28.32
2026-07-31,P0122,2.0,6.04
2026-07-31,P0123,1.0,3.62
2026-07-31,P0124,3.0,7.11
2026-07-31,P0125,2.0,9.0
2026-07-31,P0127,2.0,3.04
2026-07-31,P0128,2.0,2.92
2026-08-01,P0001,1.0,2.43
2026-08-01,P0003,1.0,2.98
2026-08-01,P0004,2.0,6.16
2026-08-01,P0005,1.0,2.03
2026-08-01,P0011,1.0,2.62
2026-08-01,P0012,1.0,2.46
2026-08-01,P0013,1.0,2.78
2026-08-01,P0014,2.0,4.1
2026-08-01,P0015,2.0,3.0
2026-08-01,P0020,1.0,1.45
2026-08-01,P0022,1.0,2.67
2026-08-01,P0023,2.0,5.74
2026-08-01,P0024,1.0,2.05
2026-08-01,P0025,6.0,18.54
2026-08-01,P0026,4.0,5.56
2026-08-01,P0027,5.0,6.45
2026-08-01,P0028,6.0,14.52
2026-08-01,P0029,3.0,11.4
2026-08-01,P0030,3.0,6.42
2026-08-01,P0032,1.0,1.03
2026-08-01,P0033,2.0,5.9
2026-08-01,P0034,2.0,19.0
2026-08-01,P0035,1.0,12.38
2026-08-01,P0037,1.0,4.76
2026-08-01,P0038,2.0,9.9
2026-08-01,P0043,1.0,8.55
2026-08-01,P0045,2.0,26.22
2026-08-01,P0047,1.0,7.02
2026-08-01,P0048,1.0,4.08
2026-08-01,P0049,2.0,3.7
2026-08-01,P0050,2.0,1.36
2026-08-01,P0051,4.0,15.2
2026-08-01,P0052,4.0,2.36
2026-08-01,P0055,2.0,2.54
2026-08-01,P0056,1.0,4.08
2026-08-01,P0057,2.0,6.94
2026-08-01,P0060,1.0,4.1
2026-08-01,P0062,1.0,2.69
2026-08-01,P0063,3.0,7.38
2026-08-01,P0064,6.0,25.44
2026-08-01,P0067,4.0,4.0
2026-08-01,P0068,1.0,3.83
2026-08-01,P0072,1.0,1.99
2026-08-01,P0073,2.0,7.98
2026-08-01,P0076,2.0,3.96
2026-08-01,P0077,3.0,1.53
2026-08-01,P0078,6.0,6.84
2026-08-01,P0081,6.0,32.52
2026-08-01,P0082,1.0,4.31
2026-08-01,P0084,2.0,4.48
2026-08-01,P0088,1.0,1.83
2026-08-01,P0091,6.0,20.58
2026-08-01,P0093,1.0,3.5
2026-08-01,P0094,3.0,2.16
2026-08-01,P0097,2.0,2.24
2026-08-01,P0098,2.0,0.9
2026-08-01,P0100,1.0,0.23
2026-08-01,P0101,3.0,0.54
2026-08-01,P0103,2.0,4.74
2026-08-01,P0104,2.0,6.1
2026-08-01,P0105,6.0,8.76
2026-08-01,P0110,4.0,15.64
2026-08-01,P0111,1.0,3.7
2026-08-01,P0112,1.0,3.9
2026-08-01,P0115,1.0,1.96
2026-08-01,P0117,1.0,5.4
2026-08-01,P0118,1.0,4.49
2026-08-01,P0119,1.0,3.32
2026-08-01,P0121,4.0,37.76
2026-08-01,P0122,3.0,9.06
2026-08-01,P0123,2.0,7.24
2026-08-01,P0124,3.0,7.11
2026-08-01,P0125,1.0,4.5
2026-08-01,P0127,3.0,4.56
2026-08-01,P0128,2.0,2.92
2026-08-02,P0001,2.0,4.86
2026-08-02,P0002,1.0,0.48
2026-08-02,P0003,2.0,5.96
2026-08-02,P0004,1.0,3.08
2026-08-02,P0014,1.0,2.05
2026-08-02,P0016,1.0,1.66
2026-08-02,P0017,1.0,3.18
2026-08-02,P0018,2.0,1.04
2026-08-02,P0023,1.0,2.87
2026-08-02,P0025,6.0,18.54
2026-08-02,P0026,1.0,1.39
2026-08-02,P0027,1.0,1.29
2026-08-02,P0028,5.0,12.1
2026-08-02,P0029,2.0,7.6
2026-08-02,P0031,1.0,0.93
2026-08-02,P0035,2.0,24.76
2026-08-02,P0042,1.0,14.27
2026-08-02,P0045,3.0,39.33
2026-08-02,P0050,1.0,0.68
2026-08-02,P0051,2.0,7.6
2026-08-02,P0055,2.0,2.54
2026-08-02,P0057,3.0,10.41
2026-08-02,P0058,1.0,3.5
2026-08-02,P0061,1.0,2.31
2026-08-02,P0063,4.0,9.84
2026-08-02,P0064,3.0,12.72
2026-08-02,P0065,1.0,3.04
2026-08-02,P0066,3.0,14.58
2026-08-02,P0067,1.0,1.0
2026-08-02,P0068,1.0,3.83
2026-08-02,P0071,2.0,5.88
2026-08-02,P0072,1.0,1.99
2026-08-02,P0075,1.0,5.42
2026-08-02,P0078,6.0,6.84
2026-08-02,P0080,1.0,2.0
2026-08-02,P0081,6.0,32.52
2026-08-02,P0084,3.0,6.72
2026-08-02,P0085,1.0,1.47
2026-08-02,P0087,1.0,1.17
2026-08-02,P0088,1.0,1.83
2026-08-02,P0089,1.0,0.68
2026-08-02,P0091,6.0,20.58
2026-08-02,P0095,1.0,3.6
2026-08-02,P0097,5.0,5.6
2026-08-02,P0101,2.0,0.36
2026-08-02,P0103,2.0,4.74
2026-08-02,P0104,2.0,6.1
2026-08-02,P0105,6.0,8.76
2026-08-02,P0110,2.0,7.82
2026-08-02,P0112,2.0,7.8
2026-08-02,P0114,2.0,3.7
2026-08-02,P0117,1.0,5.4
2026-08-02,P0118,1.0,4.49
2026-08-02,P0121,2.0,18.88
2026-08-02,P0122,4.0,12.08
2026-08-02,P0123,3.0,10.86
2026-08-02,P0124,2.0,4.74
2026-08-02,P0125,1.0,4.5
2026-08-02,P0127,2.0,3.04
2026-08-02,P0128,2.0,2.92
2026-08-03,P0001,2.0,4.86
2026-08-03,P0005,1.0,2.03
2026-08-03,P0014,2.0,4.1
2026-08-03,P0018,1.0,0.52
2026-08-03,P0025,4.0,12.36
2026-08-03,P0028,5.0,12.1
2026-08-03,P0029,1.0,3.8
2026-08-03,P0031,2.0,1.86
2026-08-03,P0033,1.0,2.95
2026-08-03,P0035,3.0,37.14
2026-08-03,P0038,1.0,4.95
2026-08-03,P0040,1.0,10.55
2026-08-03,P0045,1.0,13.11
2026-08-03,P0047,1.0,7.02
2026-08-03,P0050,1.0,0.68
2026-08-03,P0051,1.0,3.8
2026-08-03,P0052,1.0,0.59
2026-08-03,P0055,1.0,1.27
2026-08-03,P0056,1.0,4.08
2026-08-03,P0057,2.0,6.94
2026-08-03,P0063,1.0,2.46
2026-08-03,P0064,3.0,12.72
2026-08-03,P0065,2.0,6.08
2026-08-03,P0067,2.0,2.0
2026-08-03,P0068,1.0,3.83
2026-08-03,P0069,2.0,9.34
2026-08-03,P0070,1.0,1.65
2026-08-03,P0073,1.0,3.99
2026-08-03,P0077,1.0,0.51
2026-08-03,P0078,6.0,6.84
2026-08-03,P0080,1.0,2.0
2026-08-03,P0081,6.0,32.52
2026-08-03,P0084,2.0,4.48
2026-08-03,P0086,1.0,3.25
2026-08-03,P0088,1.0,1.83
2026-08-03,P0089,1.0,0.68
2026-08-03,P0091,5.0,17.15
2026-08-03,P0093,1.0,3.5
2026-08-03,P0095,1.0,3.6
2026-08-03,P0096,1.0,3.05
2026-08-03,P0097,1.0,1.12
2026-08-03,P0101,1.0,0.18
2026-08-03,P0103,1.0,2.37
2026-08-03,P0104,3.0,9.15
2026-08-03,P0105,5.0,7.3
2026-08-03,P0110,3.0,11.73
2026-08-03,P0111,1.0,3.7
2026-08-03,P0112,2.0,7.8
2026-08-03,P0113,1.0,3.35
2026-08-03,P0115,1.0,1.96
2026-08-03,P0117,3.0,16.2
2026-08-03,P0118,1.0,4.49
2026-08-03,P0121,2.0,18.88
2026-08-03,P0122,2.0,6.04
2026-08-03,P0123,1.0,3.62
2026-08-03,P0125,1.0,4.5
2026-08-03,P0128,4.0,5.84
2026-08-04,P0003,1.0,2.98
2026-08-04,P0014,1.0,2.05
2026-08-04,P0018,1.0,0.52
2026-08-04,P0020,1.0,1.45
2026-08-04,P0022,2.0,5.34
2026-08-04,P0025,4.0,12.36
2026-08-04,P0028,5.0,12.1
2026-08-04,P0030,2.0,4.28
2026-08-04,P0033,1.0,2.95
2026-08-04,P0034,2.0,19.0
2026-08-04,P0035,1.0,12.38
2026-08-04,P0037,2.0,9.52
2026-08-04,P0042,1.0,14.27
2026-08-04,P0045,2.0,26.22
2026-08-04,P0048,1.0,4.08
2026-08-04,P0049,2.0,3.7
2026-08-04,P0052,2.0,1.18
2026-08-04,P0053,1.0,1.13
2026-08-04,P0055,1.0,1.27
2026-08-04,P0056,1.0,4.08
2026-08-04,P0057,2.0,6.94
2026-08-04,P0058,1.0,3.5
2026-08-04,P0060,1.0,4.1
2026-08-04,P0062,2.0,5.38
2026-08-04,P0063,2.0,4.92
2026-08-04,P0064,3.0,12.72
2026-08-04,P0065,2.0,6.08
2026-08-04,P0066,1.0,4.86
2026-08-04,P0067,2.0,2.0
2026-08-04,P0068,2.0,7.66
2026-08-04,P0073,1.0,3.99
2026-08-04,P0075,1.0,5.42
2026-08-04,P0077,1.0,0.51
2026-08-04,P0078,6.0,6.84
2026-08-04,P0080,2.0,4.0
2026-08-04,P0081,6.0,32.52
2026-08-04,P0082,1.0,4.31
2026-08-04,P0084,2.0,4.48
2026-08-04,P0086,1.0,3.25
2026-08-04,P0088,1.0,1.83
2026-08-04,P0091,4.0,13.72
2026-08-04,P0094,1.0,0.72
2026-08-04,P0096,1.0,3.05
2026-08-04,P0097,1.0,1.12
2026-08-04,P0099,1.0,0.24
2026-08-04,P0101,1.0,0.18
2026-08-04,P0103,2.0,4.74
2026-08-04,P0104,3.0,9.15
2026-08-04,P0105,3.0,4.38
2026-08-04,P0109,1.0,1.89
2026-08-04,P0110,4.0,15.64
2026-08-04,P0113,1.0,3.35
2026-08-04,P0114,1.0,1.85
2026-08-04,P0115,2.0,3.92
2026-08-04,P0117,1.0,5.4
2026-08-04,P0118,1.0,4.49
2026-08-04,P0122,1.0,3.02
2026-08-04,P0123,2.0,7.24
2026-08-04,P0124,1.0,2.37
2026-08-04,P0127,1.0,1.52
2026-08-04,P0128,1.0,1.46
2026-08-05,P0001,2.0,4.86
2026-08-05,P0006,1.0,0.39
2026-08-05,P0010,1.0,2.57
2026-08-05,P0014,3.0,6.15
2026-08-05,P0017,1.0,3.18
2026-08-05,P0020,1.0,1.45
2026-08-05,P0021,1.0,0.52
2026-08-05,P0022,1.0,2.67
2026-08-05,P0025,5.0,15.45
2026-08-05,P0026,1.0,1.39
2026-08-05,P0027,1.0,1.29
2026-08-05,P0028,5.0,12.1
2026-08-05,P0029,2.0,7.6
2026-08-05,P0033,1.0,2.95
2026-08-05,P0034,1.0,9.5
2026-08-05,P0035,1.0,12.38
2026-08-05,P0037,1.0,4.76
2026-08-05,P0038,1.0,4.95
2026-08-05,P0039,1.0,9.08
2026-08-05,P0045,3.0,39.33
2026-08-05,P0047,1.0,7.02
2026-08-05,P0049,2.0,3.7
2026-08-05,P0050,1.0,0.68
2026-08-05,P0051,4.0,15.2
2026-08-05,P0052,1.0,0.59
2026-08-05,P0053,1.0,1.13
2026-08-05,P0055,1.0,1.27
2026-08-05,P0056,1.0,4.08
2026-08-05,P0057,1.0,3.47
2026-08-05,P0058,2.0,7.0
2026-08-05,P0059,1.0,0.59
2026-08-05,P0061,2.0,4.62
2026-08-05,P0064,5.0,21.2
2026-08-05,P0065,3.0,9.12
2026-08-05,P0066,2.0,9.72
2026-08-05,P0067,2.0,2.0
2026-08-05,P0068,1.0,3.83
2026-08-05,P0069,1.0,4.67
2026-08-05,P0071,1.0,2.94
2026-08-05,P0073,2.0,7.98
2026-08-05,P0078,6.0,6.84
2026-08-05,P0081,6.0,32.52
2026-08-05,P0082,1.0,4.31
2026-08-05,P0083,1.0,1.26
2026-08-05,P0087,1.0,1.17
2026-08-05,P0088,1.0,1.83
2026-08-05,P0089,1.0,0.68
2026-08-05,P0091,4.0,13.72
2026-08-05,P0094,1.0,0.72
2026-08-05,P0096,1.0,3.05
2026-08-05,P0097,3.0,3.36
2026-08-05,P0101,2.0,0.36
2026-08-05,P0103,1.0,2.37
2026-08-05,P0104,2.0,6.1
2026-08-05,P0105,6.0,8.76
2026-08-05,P0110,1.0,3.91
2026-08-05,P0112,1.0,3.9
2026-08-05,P0114,3.0,5.55
2026-08-05,P0116,1.0,2.18
2026-08-05,P0117,1.0,5.4
2026-08-05,P0118,1.0,4.49
2026-08-05,P0121,3.0,28.32
2026-08-05,P0123,2.0,7.24
2026-08-05,P0124,2.0,4.74
2026-08-05,P0127,1.0,1.52
2026-08-06,P0001,2.0,4.86
2026-08-06,P0006,1.0,0.39
2026-08-06,P0013,1.0,2.78
2026-08-06,P0014,1.0,2.05
2026-08-06,P0015,2.0,3.0
2026-08-06,P0016,1.0,1.66
2026-08-06,P0018,1.0,0.52
2026-08-06,P0022,2.0,5.34
2026-08-06,P0023,1.0,2.87
2026-08-06,P0025,3.0,9.27
2026-08-06,P0026,1.0,1.39
2026-08-06,P0027,1.0,1.29
2026-08-06,P0028,6.0,14.52
2026-08-06,P0031,1.0,0.93
2026-08-06,P0032,1.0,1.03
2026-08-06,P0033,1.0,2.95
2026-08-06,P0035,3.0,37.14
2026-08-06,P0037,1.0,4.76
2026-08-06,P0045,3.0,39.33
2026-08-06,P0048,1.0,4.08
2026-08-06,P0049,1.0,1.85
2026-08-06,P0050,1.0,0.68
2026-08-06,P0051,3.0,11.4
2026-08-06,P0052,3.0,1.77
2026-08-06,P0055,1.0,1.27
2026-08-06,P0056,2.0,8.16
2026-08-06,P0057,1.0,3.47
2026-08-06,P0061,2.0,4.62
2026-08-06,P0063,1.0,2.46
2026-08-06,P0064,3.0,12.72
2026-08-06,P0065,2.0,6.08
2026-08-06,P0066,3.0,14.58
2026-08-06,P0067,2.0,2.0
2026-08-06,P0069,1.0,4.67
2026-08-06,P0070,1.0,1.65
2026-08-06,P0076,1.0,1.98
2026-08-06,P0077,1.0,0.51
2026-08-06,P0078,6.0,6.84
2026-08-06,P0080,1.0,2.0
2026-08-06,P0081,6.0,32.52
2026-08-06,P0084,2.0,4.48
2026-08-06,P0086,2.0,6.5
2026-08-06,P0090,1.0,3.69
2026-08-06,P0091,5.0,17.15
2026-08-06,P0094,3.0,2.16
2026-08-06,P0095,1.0,3.6
2026-08-06,P0096,1.0,3.05
2026-08-06,P0097,4.0,4.48
2026-08-06,P0101,3.0,0.54
2026-08-06,P0103,2.0,4.74
2026-08-06,P0104,2.0,6.1
2026-08-06,P0105,6.0,8.76
2026-08-06,P0106,1.0,1.13
2026-08-06,P0107,1.0,3.48
2026-08-06,P0110,1.0,3.91
2026-08-06,P0112,4.0,15.6
2026-08-06,P0116,1.0,2.18
2026-08-06,P0117,1.0,5.4
2026-08-06,P0120,1.0,8.84
2026-08-06,P0121,3.0,28.32
2026-08-06,P0122,1.0,3.02
2026-08-06,P0123,2.0,7.24
2026-08-06,P0124,2.0,4.74
2026-08-06,P0127,2.0,3.04
2026-08-06,P0128,3.0,4.38
2026-08-07,P0001,2.0,4.86
2026-08-07,P0002,2.0,0.96
2026-08-07,P0006,1.0,0.39
2026-08-07,P0007,1.0,2.07
2026-08-07,P0014,2.0,4.1
2026-08-07,P0015,1.0,1.5
2026-08-07,P0016,2.0,3.32
2026-08-07,P0017,1.0,3.18
2026-08-07,P0020,1.0,1.45
2026-08-07,P0023,2.0,5.74
2026-08-07,P0024,1.0,2.05
2026-08-07,P0025,6.0,18.54
2026-08-07,P0026,3.0,4.17
2026-08-07,P0027,3.0,3.87
2026-08-07,P0028,6.0,14.52
2026-08-07,P0029,2.0,7.6
2026-08-07,P0030,2.0,4.28
2026-08-07,P0031,2.0,1.86
2026-08-07,P0032,1.0,1.03
2026-08-07,P0034,1.0,9.5
2026-08-07,P0035,1.0,12.38
2026-08-07,P0038,2.0,9.9
2026-08-07,P0040,1.0,10.55
2026-08-07,P0041,1.0,9.61
2026-08-07,P0042,1.0,14.27
2026-08-07,P0045,2.0,26.22
2026-08-07,P0047,3.0,21.06
2026-08-07,P0049,1.0,1.85
2026-08-07,P0050,2.0,1.36
2026-08-07,P0051,3.0,11.4
2026-08-07,P0052,2.0,1.18
2026-08-07,P0055,2.0,2.54
2026-08-07,P0056,4.0,16.32
2026-08-07,P0057,2.0,6.94
2026-08-07,P0058,1.0,3.5
2026-08-07,P0061,3.0,6.93
2026-08-07,P0063,4.0,9.84
2026-08-07,P0064,5.0,21.2
2026-08-07,P0065,1.0,3.04
2026-08-07,P0066,2.0,9.72
2026-08-07,P0067,2.0,2.0
2026-08-07,P0068,2.0,7.66
2026-08-07,P0069,1.0,4.67
2026-08-07,P0070,1.0,1.65
2026-08-07,P0075,1.0,5.42
2026-08-07,P0076,2.0,3.96
2026-08-07,P0077,2.0,1.02
2026-08-07,P0078,6.0,6.84
2026-08-07,P0079,1.0,5.17
2026-08-07,P0080,1.0,2.0
2026-08-07,P0081,6.0,32.52
2026-08-07,P0083,1.0,1.26
2026-08-07,P0084,1.0,2.24
2026-08-07,P0086,1.0,3.25
2026-08-07,P0087,1.0,1.17
2026-08-07,P0088,1.0,1.83
2026-08-07,P0089,2.0,1.36
2026-08-07,P0091,6.0,20.58
2026-08-07,P0092,1.0,3.81
2026-08-07,P0097,2.0,2.24
2026-08-07,P0101,2.0,0.36
2026-08-07,P0103,1.0,2.37
2026-08-07,P0104,3.0,9.15
2026-08-07,P0105,6.0,8.76
2026-08-07,P0110,4.0,15.64
2026-08-07,P0112,1.0,3.9
2026-08-07,P0115,2.0,3.92
2026-08-07,P0117,2.0,10.8
2026-08-07,P0118,1.0,4.49
2026-08-07,P0121,2.0,18.88
2026-08-07,P0123,2.0,7.24
2026-08-07,P0124,2.0,4.74
2026-08-07,P0126,1.0,2.19
2026-08-07,P0127,1.0,1.52
2026-08-08,P0001,2.0,4.86
2026-08-08,P0006,3.0,1.17
2026-08-08,P0014,2.0,4.1
2026-08-08,P0015,2.0,3.0
2026-08-08,P0016,1.0,1.66
2026-08-08,P0017,1.0,3.18
2026-08-08,P0018,2.0,1.04
2026-08-08,P0022,3.0,8.01
2026-08-08,P0025,6.0,18.54
2026-08-08,P0026,2.0,2.78
2026-08-08,P0028,6.0,14.52
2026-08-08,P0029,1.0,3.8
2026-08-08,P0030,1.0,2.14
2026-08-08,P0031,2.0,1.86
2026-08-08,P0033,1.0,2.95
2026-08-08,P0034,1.0,9.5
2026-08-08,P0035,3.0,37.14
2026-08-08,P0036,1.0,9.19
2026-08-08,P0037,2.0,9.52
2026-08-08,P0039,1.0,9.08
2026-08-08,P0040,1.0,10.55
2026-08-08,P0042,1.0,14.27
2026-08-08,P0045,2.0,26.22
2026-08-08,P0047,1.0,7.02
2026-08-08,P0048,1.0,4.08
2026-08-08,P0049,1.0,1.85
2026-08-08,P0050,1.0,0.68
2026-08-08,P0051,3.0,11.4
2026-08-08,P0055,3.0,3.81
2026-08-08,P0056,3.0,12.24
2026-08-08,P0057,3.0,10.41
2026-08-08,P0058,1.0,3.5
2026-08-08,P0061,1.0,2.31
2026-08-08,P0063,4.0,9.84
2026-08-08,P0064,6.0,25.44
2026-08-08,P0065,2.0,6.08
2026-08-08,P0066,4.0,19.44
2026-08-08,P0067,3.0,3.0
2026-08-08,P0068,1.0,3.83
2026-08-08,P0069,2.0,9.34
2026-08-08,P0070,4.0,6.6
2026-08-08,P0073,1.0,3.99
2026-08-08,P0075,1.0,5.42
2026-08-08,P0076,2.0,3.96
2026-08-08,P0077,2.0,1.02
2026-08-08,P0078,6.0,6.84
2026-08-08,P0080,2.0,4.0
2026-08-08,P0081,6.0,32.52
2026-08-08,P0082,1.0,4.31
2026-08-08,P0083,1.0,1.26
2026-08-08,P0084,1.0,2.24
2026-08-08,P0086,1.0,3.25
2026-08-08,P0087,1.0,1.17
2026-08-08,P0088,1.0,1.83
2026-08-08,P0089,3.0,2.04
2026-08-08,P0091,6.0,20.58
2026-08-08,P0093,1.0,3.5
2026-08-08,P0094,1.0,0.72
2026-08-08,P0096,2.0,6.1
2026-08-08,P0097,3.0,3.36
2026-08-08,P0100,1.0,0.23
2026-08-08,P0101,3.0,0.54
2026-08-08,P0102,1.0,1.18
2026-08-08,P0104,3.0,9.15
2026-08-08,P0105,6.0,8.76
2026-08-08,P0106,2.0,2.26
2026-08-08,P0107,1.0,3.48
2026-08-08,P0109,2.0,3.78
2026-08-08,P0110,1.0,3.91
2026-08-08,P0112,2.0,7.8
2026-08-08,P0113,1.0,3.35
2026-08-08,P0114,2.0,3.7
2026-08-08,P0116,1.0,2.18
2026-08-08,P0117,4.0,21.6
2026-08-08,P0119,1.0,3.32
2026-08-08,P0121,1.0,9.44
2026-08-08,P0122,3.0,9.06
2026-08-08,P0123,2.0,7.24
2026-08-08,P0124,3.0,7.11
2026-08-08,P0125,1.0,4.5
2026-08-08,P0127,3.0,4.56
2026-08-08,P0128,1.0,1.46
2026-08-09,P0001,2.0,4.86
2026-08-09,P0002,1.0,0.48
2026-08-09,P0003,3.0,8.94
2026-08-09,P0004,1.0,3.08
2026-08-09,P0005,1.0,2.03
2026-08-09,P0007,1.0,2.07
2026-08-09,P0013,1.0,2.78
2026-08-09,P0014,1.0,2.05
2026-08-09,P0015,3.0,4.5
2026-08-09,P0016,2.0,3.32
2026-08-09,P0017,1.0,3.18
2026-08-09,P0020,1.0,1.45
2026-08-09,P0021,1.0,0.52
2026-08-09,P0025,5.0,15.45
2026-08-09,P0026,3.0,4.17
2026-08-09,P0027,3.0,3.87
2026-08-09,P0028,6.0,14.52
2026-08-09,P0030,1.0,2.14
2026-08-09,P0031,2.0,1.86
2026-08-09,P0032,1.0,1.03
2026-08-09,P0033,1.0,2.95
2026-08-09,P0035,1.0,12.38
2026-08-09,P0037,4.0,19.04
2026-08-09,P0038,2.0,9.9
2026-08-09,P0041,1.0,9.61
2026-08-09,P0043,1.0,8.55
2026-08-09,P0045,1.0,13.11
2026-08-09,P0046,1.0,7.68
2026-08-09,P0047,2.0,14.04
2026-08-09,P0049,2.0,3.7
2026-08-09,P0050,1.0,0.68
2026-08-09,P0051,2.0,7.6
2026-08-09,P0052,3.0,1.77
2026-08-09,P0055,1.0,1.27
2026-08-09,P0056,1.0,4.08
2026-08-09,P0057,1.0,3.47
2026-08-09,P0058,2.0,7.0
2026-08-09,P0061,1.0,2.31
2026-08-09,P0063,1.0,2.46
2026-08-09,P0064,6.0,25.44
2026-08-09,P0065,2.0,6.08
2026-08-09,P0066,3.0,14.58
2026-08-09,P0067,4.0,4.0
2026-08-09,P0069,1.0,4.67
2026-08-09,P0071,1.0,2.94
2026-08-09,P0072,1.0,1.99
2026-08-09,P0074,1.0,0.99
2026-08-09,P0075,1.0,5.42
2026-08-09,P0076,1.0,1.98
2026-08-09,P0078,6.0,6.84
2026-08-09,P0079,1.0,5.17
2026-08-09,P0081,6.0,32.52
2026-08-09,P0084,1.0,2.24
2026-08-09,P0086,1.0,3.25
2026-08-09,P0089,1.0,0.68
2026-08-09,P0091,6.0,20.58
2026-08-09,P0094,3.0,2.16
2026-08-09,P0096,1.0,3.05
2026-08-09,P0097,2.0,2.24
2026-08-09,P0098,1.0,0.45
2026-08-09,P0101,2.0,0.36
2026-08-09,P0103,1.0,2.37
2026-08-09,P0104,3.0,9.15
2026-08-09,P0105,6.0,8.76
2026-08-09,P0110,2.0,7.82
2026-08-09,P0112,2.0,7.8
2026-08-09,P0113,1.0,3.35
2026-08-09,P0117,1.0,5.4
2026-08-09,P0121,2.0,18.88
2026-08-09,P0122,2.0,6.04
2026-08-09,P0123,1.0,3.62
2026-08-09,P0125,1.0,4.5
2026-08-09,P0126,1.0,2.19
2026-08-09,P0127,2.0,3.04
2026-08-09,P0128,1.0,1.46
2026-08-10,P0001,1.0,2.43
2026-08-10,P0002,1.0,0.48
2026-08-10,P0004,1.0,3.08
2026-08-10,P0006,2.0,0.78
2026-08-10,P0007,2.0,4.14
2026-08-10,P0011,2.0,5.24
2026-08-10,P0015,1.0,1.5
2026-08-10,P0019,1.0,0.19
2026-08-10,P0022,1.0,2.67
2026-08-10,P0023,1.0,2.87
2026-08-10,P0025,4.0,12.36
2026-08-10,P0026,2.0,2.78
2026-08-10,P0027,2.0,2.58
2026-08-10,P0028,4.0,9.68
2026-08-10,P0030,1.0,2.14
2026-08-10,P0031,2.0,1.86
2026-08-10,P0032,1.0,1.03
2026-08-10,P0045,1.0,13.11
2026-08-10,P0049,1.0,1.85
2026-08-10,P0050,1.0,0.68
2026-08-10,P0051,1.0,3.8
2026-08-10,P0056,1.0,4.08
2026-08-10,P0057,2.0,6.94
2026-08-10,P0061,3.0,6.93
2026-08-10,P0063,2.0,4.92
2026-08-10,P0064,4.0,16.96
2026-08-10,P0065,1.0,3.04
2026-08-10,P0066,3.0,14.58
2026-08-10,P0067,2.0,2.0
2026-08-10,P0068,1.0,3.83
2026-08-10,P0074,1.0,0.99
2026-08-10,P0076,1.0,1.98
2026-08-10,P0078,6.0,6.84
2026-08-10,P0081,6.0,32.52
2026-08-10,P0084,3.0,6.72
2026-08-10,P0087,1.0,1.17
2026-08-10,P0089,2.0,1.36
2026-08-10,P0090,1.0,3.69
2026-08-10,P0091,4.0,13.72
2026-08-10,P0095,1.0,3.6
2026-08-10,P0097,1.0,1.12
2026-08-10,P0098,2.0,0.9
2026-08-10,P0104,3.0,9.15
2026-08-10,P0105,6.0,8.76
2026-08-10,P0108,1.0,2.16
2026-08-10,P0110,2.0,7.82
2026-08-10,P0112,2.0,7.8
2026-08-10,P0117,1.0,5.4
2026-08-10,P0121,2.0,18.88
2026-08-10,P0122,1.0,3.02
2026-08-10,P0124,1.0,2.37
2026-08-10,P0125,1.0,4.5
2026-08-10,P0127,2.0,3.04
2026-08-10,P0128,3.0,4.38
2026-08-11,P0001,2.0,4.86
2026-08-11,P0002,1.0,0.48
2026-08-11,P0004,2.0,6.16
2026-08-11,P0008,1.0,1.84
2026-08-11,P0014,3.0,6.15
2026-08-11,P0015,2.0,3.0
2026-08-11,P0016,1.0,1.66
2026-08-11,P0017,1.0,3.18
2026-08-11,P0023,2.0,5.74
2026-08-11,P0025,5.0,15.45
2026-08-11,P0026,1.0,1.39
2026-08-11,P0027,1.0,1.29
2026-08-11,P0028,6.0,14.52
2026-08-11,P0029,1.0,3.8
2026-08-11,P0031,1.0,0.93
2026-08-11,P0032,1.0,1.03
2026-08-11,P0033,1.0,2.95
2026-08-11,P0034,1.0,9.5
2026-08-11,P0035,2.0,24.76
2026-08-11,P0037,2.0,9.52
2026-08-11,P0038,1.0,4.95
2026-08-11,P0048,1.0,4.08
2026-08-11,P0049,1.0,1.85
2026-08-11,P0050,1.0,0.68
2026-08-11,P0051,1.0,3.8
2026-08-11,P0052,1.0,0.59
2026-08-11,P0053,1.0,1.13
2026-08-11,P0055,2.0,2.54
2026-08-11,P0056,2.0,8.16
2026-08-11,P0057,1.0,3.47
2026-08-11,P0059,2.0,1.18
2026-08-11,P0061,2.0,4.62
2026-08-11,P0062,1.0,2.69
2026-08-11,P0063,2.0,4.92
2026-08-11,P0064,4.0,16.96
2026-08-11,P0065,1.0,3.04
2026-08-11,P0066,2.0,9.72
2026-08-11,P0067,2.0,2.0
2026-08-11,P0069,1.0,4.67
2026-08-11,P0070,1.0,1.65
2026-08-11,P0072,1.0,1.99
2026-08-11,P0073,1.0,3.99
2026-08-11,P0076,1.0,1.98
2026-08-11,P0077,1.0,0.51
2026-08-11,P0078,6.0,6.84
2026-08-11,P0081,6.0,32.52
2026-08-11,P0082,1.0,4.31
2026-08-11,P0084,3.0,6.72
2026-08-11,P0089,1.0,0.68
2026-08-11,P0090,1.0,3.69
2026-08-11,P0091,5.0,17.15
2026-08-11,P0094,1.0,0.72
2026-08-11,P0095,1.0,3.6
2026-08-11,P0097,1.0,1.12
2026-08-11,P0101,5.0,0.9
2026-08-11,P0104,2.0,6.1
2026-08-11,P0105,6.0,8.76
2026-08-11,P0106,1.0,1.13
2026-08-11,P0115,1.0,1.96
2026-08-11,P0117,1.0,5.4
2026-08-11,P0119,2.0,6.64
2026-08-11,P0122,2.0,6.04
2026-08-11,P0124,1.0,2.37
2026-08-11,P0125,1.0,4.5
2026-08-12,P0001,2.0,4.86
2026-08-12,P0002,1.0,0.48
2026-08-12,P0003,1.0,2.98
2026-08-12,P0006,1.0,0.39
2026-08-12,P0012,1.0,2.46
2026-08-12,P0013,1.0,2.78
2026-08-12,P0014,1.0,2.05
2026-08-12,P0018,2.0,1.04
2026-08-12,P0020,1.0,1.45
2026-08-12,P0021,1.0,0.52
2026-08-12,P0023,1.0,2.87
2026-08-12,P0025,5.0,15.45
2026-08-12,P0026,3.0,4.17
2026-08-12,P0027,1.0,1.29
2026-08-12,P0028,4.0,9.68
2026-08-12,P0031,1.0,0.93
2026-08-12,P0033,1.0,2.95
2026-08-12,P0035,2.0,24.76
2026-08-12,P0038,1.0,4.95
2026-08-12,P0039,1.0,9.08
2026-08-12,P0046,1.0,7.68
2026-08-12,P0048,1.0,4.08
2026-08-12,P0049,2.0,3.7
2026-08-12,P0050,2.0,1.36
2026-08-12,P0051,2.0,7.6
2026-08-12,P0052,2.0,1.18
2026-08-12,P0053,1.0,1.13
2026-08-12,P0054,1.0,1.06
2026-08-12,P0056,3.0,12.24
2026-08-12,P0057,2.0,6.94
2026-08-12,P0063,2.0,4.92
2026-08-12,P0064,4.0,16.96
2026-08-12,P0065,2.0,6.08
2026-08-12,P0066,2.0,9.72
2026-08-12,P0067,4.0,4.0
2026-08-12,P0069,1.0,4.67
2026-08-12,P0073,1.0,3.99
2026-08-12,P0076,1.0,1.98
2026-08-12,P0077,1.0,0.51
2026-08-12,P0078,6.0,6.84
2026-08-12,P0079,1.0,5.17
2026-08-12,P0080,1.0,2.0
2026-08-12,P0081,6.0,32.52
2026-08-12,P0084,3.0,6.72
2026-08-12,P0089,1.0,0.68
2026-08-12,P0090,1.0,3.69
2026-08-12,P0091,6.0,20.58
2026-08-12,P0094,2.0,1.44
2026-08-12,P0097,2.0,2.24
2026-08-12,P0101,1.0,0.18
2026-08-12,P0104,2.0,6.1
2026-08-12,P0105,6.0,8.76
2026-08-12,P0106,1.0,1.13
2026-08-12,P0109,1.0,1.89
2026-08-12,P0110,1.0,3.91
2026-08-12,P0119,1.0,3.32
2026-08-12,P0121,2.0,18.88
2026-08-12,P0124,1.0,2.37
2026-08-12,P0125,1.0,4.5
2026-08-12,P0127,2.0,3.04
2026-08-12,P0128,4.0,5.84
2026-08-13,P0001,1.0,2.43
2026-08-13,P0002,1.0,0.48
2026-08-13,P0006,1.0,0.39
2026-08-13,P0010,1.0,2.57
2026-08-13,P0018,1.0,0.52
2026-08-13,P0020,2.0,2.9
2026-08-13,P0021,2.0,1.04
2026-08-13,P0022,1.0,2.67
2026-08-13,P0023,2.0,5.74
2026-08-13,P0025,5.0,15.45
2026-08-13,P0026,1.0,1.39
2026-08-13,P0027,2.0,2.58
2026-08-13,P0028,6.0,14.52
2026-08-13,P0029,1.0,3.8
2026-08-13,P0030,1.0,2.14
2026-08-13,P0031,4.0,3.72
2026-08-13,P0032,1.0,1.03
2026-08-13,P0033,1.0,2.95
2026-08-13,P0035,2.0,24.76
2026-08-13,P0039,1.0,9.08
2026-08-13,P0045,1.0,13.11
2026-08-13,P0046,1.0,7.68
2026-08-13,P0047,2.0,14.04
2026-08-13,P0048,1.0,4.08
2026-08-13,P0049,3.0,5.55
2026-08-13,P0050,1.0,0.68
2026-08-13,P0051,3.0,11.4
2026-08-13,P0052,2.0,1.18
2026-08-13,P0053,1.0,1.13
2026-08-13,P0056,2.0,8.16
2026-08-13,P0057,2.0,6.94
2026-08-13,P0058,1.0,3.5
2026-08-13,P0062,1.0,2.69
2026-08-13,P0063,1.0,2.46
2026-08-13,P0064,3.0,12.72
2026-08-13,P0065,1.0,3.04
2026-08-13,P0066,5.0,24.3
2026-08-13,P0067,3.0,3.0
2026-08-13,P0070,3.0,4.95
2026-08-13,P0071,1.0,2.94
2026-08-13,P0072,2.0,3.98
2026-08-13,P0073,1.0,3.99
2026-08-13,P0075,1.0,5.42
2026-08-13,P0078,6.0,6.84
2026-08-13,P0080,1.0,2.0
2026-08-13,P0081,6.0,32.52
2026-08-13,P0084,2.0,4.48
2026-08-13,P0086,2.0,6.5
2026-08-13,P0089,1.0,0.68
2026-08-13,P0091,6.0,20.58
2026-08-13,P0094,1.0,0.72
2026-08-13,P0095,1.0,3.6
2026-08-13,P0096,2.0,6.1
2026-08-13,P0097,2.0,2.24
2026-08-13,P0100,1.0,0.23
2026-08-13,P0101,2.0,0.36
2026-08-13,P0103,1.0,2.37
2026-08-13,P0105,6.0,8.76
2026-08-13,P0107,1.0,3.48
2026-08-13,P0108,1.0,2.16
2026-08-13,P0110,1.0,3.91
2026-08-13,P0112,3.0,11.7
2026-08-13,P0114,1.0,1.85
2026-08-13,P0115,1.0,1.96
2026-08-13,P0119,1.0,3.32
2026-08-13,P0121,1.0,9.44
2026-08-13,P0122,3.0,9.06
2026-08-13,P0127,2.0,3.04
2026-08-13,P0128,1.0,1.46
2026-08-14,P0001,4.0,9.72
2026-08-14,P0002,1.0,0.48
2026-08-14,P0004,2.0,6.16
2026-08-14,P0005,1.0,2.03
2026-08-14,P0012,2.0,4.92
2026-08-14,P0014,2.0,4.1
2026-08-14,P0015,2.0,3.0
2026-08-14,P0017,1.0,3.18
2026-08-14,P0018,1.0,0.52
2026-08-14,P0021,1.0,0.52
2026-08-14,P0024,2.0,4.1
2026-08-14,P0025,6.0,18.54
2026-08-14,P0026,2.0,2.78
2026-08-14,P0027,4.0,5.16
2026-08-14,P0028,6.0,14.52
2026-08-14,P0030,1.0,2.14
2026-08-14,P0031,2.0,1.86
2026-08-14,P0033,1.0,2.95
2026-08-14,P0035,2.0,24.76
2026-08-14,P0037,1.0,4.76
2026-08-14,P0038,1.0,4.95
2026-08-14,P0039,1.0,9.08
2026-08-14,P0045,2.0,26.22
2026-08-14,P0047,1.0,7.02
2026-08-14,P0050,1.0,0.68
2026-08-14,P0051,3.0,11.4
2026-08-14,P0052,4.0,2.36
2026-08-14,P0053,1.0,1.13
2026-08-14,P0055,1.0,1.27
2026-08-14,P0056,1.0,4.08
2026-08-14,P0057,1.0,3.47
2026-08-14,P0063,6.0,14.76
2026-08-14,P0064,4.0,16.96
2026-08-14,P0065,3.0,9.12
2026-08-14,P0066,5.0,24.3
2026-08-14,P0067,1.0,1.0
2026-08-14,P0068,1.0,3.83
2026-08-14,P0069,1.0,4.67
2026-08-14,P0070,1.0,1.65
2026-08-14,P0072,1.0,1.99
2026-08-14,P0073,2.0,7.98
2026-08-14,P0074,1.0,0.99
2026-08-14,P0075,2.0,10.84
2026-08-14,P0076,1.0,1.98
2026-08-14,P0077,1.0,0.51
2026-08-14,P0078,6.0,6.84
2026-08-14,P0081,6.0,32.52
2026-08-14,P0084,2.0,4.48
2026-08-14,P0086,1.0,3.25
2026-08-14,P0090,1.0,3.69
2026-08-14,P0091,6.0,20.58
2026-08-14,P0094,2.0,1.44
2026-08-14,P0097,3.0,3.36
2026-08-14,P0101,1.0,0.18
2026-08-14,P0104,1.0,3.05
2026-08-14,P0105,6.0,8.76
2026-08-14,P0106,1.0,1.13
2026-08-14,P0107,1.0,3.48
2026-08-14,P0109,2.0,3.78
2026-08-14,P0110,4.0,15.64
2026-08-14,P0112,4.0,15.6
2026-08-14,P0114,2.0,3.7
2026-08-14,P0116,1.0,2.18
2026-08-14,P0117,3.0,16.2
2026-08-14,P0118,1.0,4.49
2026-08-14,P0119,3.0,9.96
2026-08-14,P0121,1.0,9.44
2026-08-14,P0122,2.0,6.04
2026-08-14,P0123,2.0,7.24
2026-08-14,P0124,3.0,7.11
2026-08-14,P0128,3.0,4.38
2026-08-15,P0001,3.0,7.29
2026-08-15,P0003,2.0,5.96
2026-08-15,P0015,4.0,6.0
2026-08-15,P0016,1.0,1.66
2026-08-15,P0017,1.0,3.18
2026-08-15,P0019,2.0,0.38
2026-08-15,P0020,2.0,2.9
2026-08-15,P0022,2.0,5.34
2026-08-15,P0023,1.0,2.87
2026-08-15,P0024,2.0,4.1
2026-08-15,P0025,6.0,18.54
2026-08-15,P0026,4.0,5.56
2026-08-15,P0027,1.0,1.29
2026-08-15,P0028,6.0,14.52
2026-08-15,P0031,1.0,0.93
2026-08-15,P0033,1.0,2.95
2026-08-15,P0034,1.0,9.5
2026-08-15,P0035,4.0,49.52
2026-08-15,P0038,2.0,9.9
2026-08-15,P0039,1.0,9.08
2026-08-15,P0040,2.0,21.1
2026-08-15,P0042,1.0,14.27
2026-08-15,P0044,1.0,11.65
2026-08-15,P0045,2.0,26.22
2026-08-15,P0047,3.0,21.06
2026-08-15,P0048,3.0,12.24
2026-08-15,P0049,1.0,1.85
2026-08-15,P0050,4.0,2.72
2026-08-15,P0051,4.0,15.2
2026-08-15,P0052,3.0,1.77
2026-08-15,P0055,1.0,1.27
2026-08-15,P0056,4.0,16.32
2026-08-15,P0057,2.0,6.94
2026-08-15,P0058,1.0,3.5
2026-08-15,P0059,1.0,0.59
2026-08-15,P0061,1.0,2.31
2026-08-15,P0063,6.0,14.76
2026-08-15,P0064,6.0,25.44
2026-08-15,P0066,1.0,4.86
2026-08-15,P0067,4.0,4.0
2026-08-15,P0068,1.0,3.83
2026-08-15,P0069,1.0,4.67
2026-08-15,P0074,1.0,0.99
2026-08-15,P0075,1.0,5.42
2026-08-15,P0076,1.0,1.98
2026-08-15,P0078,6.0,6.84
2026-08-15,P0081,6.0,32.52
2026-08-15,P0084,2.0,4.48
2026-08-15,P0087,1.0,1.17
2026-08-15,P0088,1.0,1.83
2026-08-15,P0089,1.0,0.68
2026-08-15,P0091,6.0,20.58
2026-08-15,P0094,2.0,1.44
2026-08-15,P0097,3.0,3.36
2026-08-15,P0098,1.0,0.45
2026-08-15,P0101,5.0,0.9
2026-08-15,P0103,2.0,4.74
2026-08-15,P0104,2.0,6.1
2026-08-15,P0105,6.0,8.76
2026-08-15,P0106,1.0,1.13
2026-08-15,P0107,1.0,3.48
2026-08-15,P0110,4.0,15.64
2026-08-15,P0111,1.0,3.7
2026-08-15,P0112,3.0,11.7
2026-08-15,P0113,1.0,3.35
2026-08-15,P0114,4.0,7.4
2026-08-15,P0117,4.0,21.6
2026-08-15,P0118,1.0,4.49
2026-08-15,P0120,1.0,8.84
2026-08-15,P0122,3.0,9.06
2026-08-15,P0123,1.0,3.62
2026-08-15,P0124,5.0,11.85
2026-08-15,P0125,1.0,4.5
2026-08-15,P0127,3.0,4.56
2026-08-15,P0128,3.0,4.38
2026-08-16,P0001,3.0,7.29
2026-08-16,P0003,2.0,5.96
2026-08-16,P0004,1.0,3.08
2026-08-16,P0013,1.0,2.78
2026-08-16,P0015,3.0,4.5
2026-08-16,P0018,1.0,0.52
2026-08-16,P0020,2.0,2.9
2026-08-16,P0025,4.0,12.36
2026-08-16,P0026,1.0,1.39
2026-08-16,P0027,1.0,1.29
2026-08-16,P0028,6.0,14.52
2026-08-16,P0031,3.0,2.79
2026-08-16,P0032,3.0,3.09
2026-08-16,P0033,2.0,5.9
2026-08-16,P0038,1.0,4.95
2026-08-16,P0047,1.0,7.02
2026-08-16,P0049,1.0,1.85
2026-08-16,P0050,1.0,0.68
2026-08-16,P0051,2.0,7.6
2026-08-16,P0052,1.0,0.59
2026-08-16,P0053,1.0,1.13
2026-08-16,P0055,1.0,1.27
2026-08-16,P0056,2.0,8.16
2026-08-16,P0057,3.0,10.41
2026-08-16,P0058,1.0,3.5
2026-08-16,P0060,1.0,4.1
2026-08-16,P0061,1.0,2.31
2026-08-16,P0063,3.0,7.38
2026-08-16,P0064,3.0,12.72
2026-08-16,P0065,4.0,12.16
2026-08-16,P0066,4.0,19.44
2026-08-16,P0067,4.0,4.0
2026-08-16,P0069,1.0,4.67
2026-08-16,P0070,1.0,1.65
2026-08-16,P0072,1.0,1.99
2026-08-16,P0076,2.0,3.96
2026-08-16,P0077,1.0,0.51
2026-08-16,P0078,6.0,6.84
2026-08-16,P0079,1.0,5.17
2026-08-16,P0080,1.0,2.0
2026-08-16,P0081,6.0,32.52
2026-08-16,P0084,1.0,2.24
2026-08-16,P0086,1.0,3.25
2026-08-16,P0088,1.0,1.83
2026-08-16,P0091,6.0,20.58
2026-08-16,P0093,3.0,10.5
2026-08-16,P0094,1.0,0.72
2026-08-16,P0095,1.0,3.6
2026-08-16,P0097,3.0,3.36
2026-08-16,P0104,1.0,3.05
2026-08-16,P0105,6.0,8.76
2026-08-16,P0110,3.0,11.73
2026-08-16,P0112,1.0,3.9
2026-08-16,P0113,1.0,3.35
2026-08-16,P0114,1.0,1.85
2026-08-16,P0117,1.0,5.4
2026-08-16,P0122,2.0,6.04
2026-08-16,P0123,2.0,7.24
2026-08-16,P0124,2.0,4.74
2026-08-16,P0125,1.0,4.5
2026-08-16,P0127,2.0,3.04
2026-08-16,P0128,2.0,2.92
2026-08-17,P0001,2.0,4.86
2026-08-17,P0004,1.0,3.08
2026-08-17,P0006,1.0,0.39
2026-08-17,P0012,1.0,2.46
2026-08-17,P0015,2.0,3.0
2026-08-17,P0023,2.0,5.74
2026-08-17,P0025,5.0,15.45
2026-08-17,P0026,1.0,1.39
2026-08-17,P0027,3.0,3.87
2026-08-17,P0028,4.0,9.68
2026-08-17,P0029,1.0,3.8
2026-08-17,P0031,1.0,0.93
2026-08-17,P0035,1.0,12.38
2026-08-17,P0037,1.0,4.76
2026-08-17,P0038,1.0,4.95
2026-08-17,P0040,1.0,10.55
2026-08-17,P0045,1.0,13.11
2026-08-17,P0048,1.0,4.08
2026-08-17,P0049,1.0,1.85
2026-08-17,P0050,1.0,0.68
2026-08-17,P0051,3.0,11.4
2026-08-17,P0052,1.0,0.59
2026-08-17,P0053,2.0,2.26
2026-08-17,P0056,1.0,4.08
2026-08-17,P0057,2.0,6.94
2026-08-17,P0058,1.0,3.5
2026-08-17,P0061,2.0,4.62
2026-08-17,P0062,1.0,2.69
2026-08-17,P0063,5.0,12.3
2026-08-17,P0064,2.0,8.48
2026-08-17,P0065,5.0,15.2
2026-08-17,P0066,3.0,14.58
2026-08-17,P0067,3.0,3.0
2026-08-17,P0070,1.0,1.65
2026-08-17,P0075,1.0,5.42
2026-08-17,P0076,1.0,1.98
2026-08-17,P0077,1.0,0.51
2026-08-17,P0078,6.0,6.84
2026-08-17,P0080,1.0,2.0
2026-08-17,P0081,6.0,32.52
2026-08-17,P0082,2.0,8.62
2026-08-17,P0084,1.0,2.24
2026-08-17,P0088,1.0,1.83
2026-08-17,P0089,1.0,0.68
2026-08-17,P0091,6.0,20.58
2026-08-17,P0094,1.0,0.72
2026-08-17,P0095,1.0,3.6
2026-08-17,P0097,4.0,4.48
2026-08-17,P0099,2.0,0.48
2026-08-17,P0101,2.0,0.36
2026-08-17,P0104,1.0,3.05
2026-08-17,P0105,6.0,8.76
2026-08-17,P0108,1.0,2.16
2026-08-17,P0110,1.0,3.91
2026-08-17,P0113,1.0,3.35
2026-08-17,P0115,1.0,1.96
2026-08-17,P0118,1.0,4.49
2026-08-17,P0119,1.0,3.32
2026-08-17,P0122,1.0,3.02
2026-08-17,P0123,1.0,3.62
2026-08-17,P0125,2.0,9.0
2026-08-17,P0126,1.0,2.19
2026-08-17,P0127,2.0,3.04
2026-08-18,P0014,1.0,2.05
2026-08-18,P0017,1.0,3.18
2026-08-18,P0025,3.0,9.27
2026-08-18,P0026,3.0,4.17
2026-08-18,P0027,3.0,3.87
2026-08-18,P0028,4.0,9.68
2026-08-18,P0029,1.0,3.8
2026-08-18,P0031,1.0,0.93
2026-08-18,P0035,2.0,24.76
2026-08-18,P0037,1.0,4.76
2026-08-18,P0038,1.0,4.95
2026-08-18,P0040,1.0,10.55
2026-08-18,P0042,1.0,14.27
2026-08-18,P0047,1.0,7.02
2026-08-18,P0049,1.0,1.85
2026-08-18,P0051,5.0,19.0
2026-08-18,P0056,1.0,4.08
2026-08-18,P0058,1.0,3.5
2026-08-18,P0059,2.0,1.18
2026-08-18,P0061,2.0,4.62
2026-08-18,P0063,3.0,7.38
2026-08-18,P0064,3.0,12.72
2026-08-18,P0065,2.0,6.08
2026-08-18,P0066,3.0,14.58
2026-08-18,P0067,2.0,2.0
2026-08-18,P0068,1.0,3.83
2026-08-18,P0074,1.0,0.99
2026-08-18,P0076,1.0,1.98
2026-08-18,P0077,2.0,1.02
2026-08-18,P0078,6.0,6.84
2026-08-18,P0080,1.0,2.0
2026-08-18,P0081,6.0,32.52
2026-08-18,P0082,1.0,4.31
2026-08-18,P0084,2.0,4.48
2026-08-18,P0085,1.0,1.47
2026-08-18,P0086,2.0,6.5
2026-08-18,P0088,2.0,3.66
2026-08-18,P0089,2.0,1.36
2026-08-18,P0090,1.0,3.69
2026-08-18,P0091,3.0,10.29
2026-08-18,P0093,1.0,3.5
2026-08-18,P0094,1.0,0.72
2026-08-18,P0095,1.0,3.6
2026-08-18,P0096,2.0,6.1
2026-08-18,P0097,1.0,1.12
2026-08-18,P0100,2.0,0.46
2026-08-18,P0101,2.0,0.36
2026-08-18,P0103,2.0,4.74
2026-08-18,P0105,4.0,5.84
2026-08-18,P0110,2.0,7.82
2026-08-18,P0112,1.0,3.9
2026-08-18,P0116,1.0,2.18
2026-08-18,P0117,1.0,5.4
2026-08-18,P0118,1.0,4.49
2026-08-18,P0119,2.0,6.64
2026-08-18,P0122,2.0,6.04
2026-08-18,P0123,2.0,7.24
2026-08-18,P0127,3.0,4.56
2026-08-19,P0001,2.0,4.86
2026-08-19,P0003,1.0,2.98
2026-08-19,P0012,1.0,2.46
2026-08-19,P0014,1.0,2.05
2026-08-19,P0015,2.0,3.0
2026-08-19,P0018,1.0,0.52
2026-08-19,P0020,1.0,1.45
2026-08-19,P0021,1.0,0.52
2026-08-19,P0023,1.0,2.87
2026-08-19,P0025,5.0,15.45
2026-08-19,P0026,1.0,1.39
2026-08-19,P0027,2.0,2.58
2026-08-19,P0028,6.0,14.52
2026-08-19,P0029,1.0,3.8
2026-08-19,P0031,1.0,0.93
2026-08-19,P0034,1.0,9.5
2026-08-19,P0035,1.0,12.38
2026-08-19,P0037,1.0,4.76
2026-08-19,P0038,2.0,9.9
2026-08-19,P0040,1.0,10.55
2026-08-19,P0045,3.0,39.33
2026-08-19,P0047,1.0,7.02
2026-08-19,P0048,1.0,4.08
2026-08-19,P0049,1.0,1.85
2026-08-19,P0051,1.0,3.8
2026-08-19,P0052,2.0,1.18
2026-08-19,P0056,3.0,12.24
2026-08-19,P0057,2.0,6.94
2026-08-19,P0058,2.0,7.0
2026-08-19,P0062,1.0,2.69
2026-08-19,P0063,3.0,7.38
2026-08-19,P0064,5.0,21.2
2026-08-19,P0065,2.0,6.08
2026-08-19,P0066,4.0,19.44
2026-08-19,P0068,1.0,3.83
2026-08-19,P0070,2.0,3.3
2026-08-19,P0072,1.0,1.99
2026-08-19,P0073,1.0,3.99
2026-08-19,P0078,6.0,6.84
2026-08-19,P0079,1.0,5.17
2026-08-19,P0080,1.0,2.0
2026-08-19,P0081,6.0,32.52
2026-08-19,P0084,2.0,4.48
2026-08-19,P0089,2.0,1.36
2026-08-19,P0091,6.0,20.58
2026-08-19,P0094,2.0,1.44
2026-08-19,P0096,1.0,3.05
2026-08-19,P0097,4.0,4.48
2026-08-19,P0101,3.0,0.54
2026-08-19,P0103,3.0,7.11
2026-08-19,P0104,3.0,9.15
2026-08-19,P0105,6.0,8.76
2026-08-19,P0113,1.0,3.35
2026-08-19,P0117,2.0,10.8
2026-08-19,P0121,2.0,18.88
2026-08-19,P0122,1.0,3.02
2026-08-19,P0124,1.0,2.37
2026-08-19,P0125,1.0,4.5
2026-08-19,P0126,1.0,2.19
2026-08-19,P0127,1.0,1.52
2026-08-19,P0128,2.0,2.92
2026-08-20,P0003,1.0,2.98
2026-08-20,P0007,1.0,2.07
2026-08-20,P0008,1.0,1.84
2026-08-20,P0012,1.0,2.46
2026-08-20,P0014,2.0,4.1
2026-08-20,P0015,3.0,4.5
2026-08-20,P0019,1.0,0.19
2026-08-20,P0020,1.0,1.45
2026-08-20,P0025,5.0,15.45
2026-08-20,P0026,2.0,2.78
2026-08-20,P0027,1.0,1.29
2026-08-20,P0028,5.0,12.1
2026-08-20,P0030,1.0,2.14
2026-08-20,P0032,3.0,3.09
2026-08-20,P0035,3.0,37.14
2026-08-20,P0037,3.0,14.28
2026-08-20,P0038,3.0,14.85
2026-08-20,P0041,1.0,9.61
2026-08-20,P0042,2.0,28.54
2026-08-20,P0044,2.0,23.3
2026-08-20,P0048,1.0,4.08
2026-08-20,P0049,3.0,5.55
2026-08-20,P0050,1.0,0.68
2026-08-20,P0051,3.0,11.4
2026-08-20,P0056,3.0,12.24
2026-08-20,P0057,4.0,13.88
2026-08-20,P0061,1.0,2.31
2026-08-20,P0063,2.0,4.92
2026-08-20,P0064,5.0,21.2
2026-08-20,P0065,1.0,3.04
2026-08-20,P0066,2.0,9.72
2026-08-20,P0067,1.0,1.0
2026-08-20,P0076,1.0,1.98
2026-08-20,P0077,1.0,0.51
2026-08-20,P0078,6.0,6.84
2026-08-20,P0079,1.0,5.17
2026-08-20,P0080,2.0,4.0
2026-08-20,P0081,6.0,32.52
2026-08-20,P0082,1.0,4.31
2026-08-20,P0084,2.0,4.48
2026-08-20,P0089,1.0,0.68
2026-08-20,P0090,1.0,3.69
2026-08-20,P0091,6.0,20.58
2026-08-20,P0096,1.0,3.05
2026-08-20,P0097,2.0,2.24
2026-08-20,P0098,1.0,0.45
2026-08-20,P0100,1.0,0.23
2026-08-20,P0101,2.0,0.36
2026-08-20,P0104,2.0,6.1
2026-08-20,P0105,6.0,8.76
2026-08-20,P0107,1.0,3.48
2026-08-20,P0110,2.0,7.82
2026-08-20,P0112,2.0,7.8
2026-08-20,P0115,1.0,1.96
2026-08-20,P0118,2.0,8.98
2026-08-20,P0119,1.0,3.32
2026-08-20,P0121,2.0,18.88
2026-08-20,P0122,1.0,3.02
2026-08-20,P0124,2.0,4.74
2026-08-20,P0127,1.0,1.52
2026-08-20,P0128,1.0,1.46
2026-08-21,P0003,1.0,2.98
2026-08-21,P0004,2.0,6.16
2026-08-21,P0005,1.0,2.03
2026-08-21,P0007,1.0,2.07
2026-08-21,P0011,1.0,2.62
2026-08-21,P0014,2.0,4.1
2026-08-21,P0015,3.0,4.5
2026-08-21,P0019,1.0,0.19
2026-08-21,P0022,2.0,5.34
2026-08-21,P0025,6.0,18.54
2026-08-21,P0026,1.0,1.39
2026-08-21,P0027,2.0,2.58
2026-08-21,P0028,6.0,14.52
2026-08-21,P0029,1.0,3.8
2026-08-21,P0030,1.0,2.14
2026-08-21,P0031,1.0,0.93
2026-08-21,P0032,1.0,1.03
2026-08-21,P0035,3.0,37.14
2026-08-21,P0037,1.0,4.76
2026-08-21,P0038,2.0,9.9
2026-08-21,P0042,1.0,14.27
2026-08-21,P0044,1.0,11.65
2026-08-21,P0045,1.0,13.11
2026-08-21,P0047,1.0,7.02
2026-08-21,P0048,4.0,16.32
2026-08-21,P0049,1.0,1.85
2026-08-21,P0050,1.0,0.68
2026-08-21,P0051,2.0,7.6
2026-08-21,P0055,2.0,2.54
2026-08-21,P0056,3.0,12.24
2026-08-21,P0057,1.0,3.47
2026-08-21,P0058,1.0,3.5
2026-08-21,P0059,1.0,0.59
2026-08-21,P0060,1.0,4.1
2026-08-21,P0061,2.0,4.62
2026-08-21,P0063,5.0,12.3
2026-08-21,P0064,6.0,25.44
2026-08-21,P0065,2.0,6.08
2026-08-21,P0066,3.0,14.58
2026-08-21,P0067,3.0,3.0
2026-08-21,P0068,1.0,3.83
2026-08-21,P0069,1.0,4.67
2026-08-21,P0071,1.0,2.94
2026-08-21,P0076,1.0,1.98
2026-08-21,P0077,2.0,1.02
2026-08-21,P0078,6.0,6.84
2026-08-21,P0080,1.0,2.0
2026-08-21,P0081,6.0,32.52
2026-08-21,P0082,1.0,4.31
2026-08-21,P0084,4.0,8.96
2026-08-21,P0089,1.0,0.68
2026-08-21,P0090,1.0,3.69
2026-08-21,P0091,6.0,20.58
2026-08-21,P0092,1.0,3.81
2026-08-21,P0094,2.0,1.44
2026-08-21,P0097,4.0,4.48
2026-08-21,P0101,2.0,0.36
2026-08-21,P0103,3.0,7.11
2026-08-21,P0104,3.0,9.15
2026-08-21,P0105,6.0,8.76
2026-08-21,P0108,1.0,2.16
2026-08-21,P0109,1.0,1.89
2026-08-21,P0110,3.0,11.73
2026-08-21,P0112,2.0,7.8
2026-08-21,P0114,1.0,1.85
2026-08-21,P0115,1.0,1.96
2026-08-21,P0117,2.0,10.8
2026-08-21,P0118,1.0,4.49
2026-08-21,P0121,1.0,9.44
2026-08-21,P0122,2.0,6.04
2026-08-21,P0123,3.0,10.86
2026-08-21,P0124,5.0,11.85
2026-08-21,P0127,4.0,6.08
2026-08-22,P0001,4.0,9.72
2026-08-22,P0003,1.0,2.98
2026-08-22,P0004,1.0,3.08
2026-08-22,P0011,1.0,2.62
2026-08-22,P0014,4.0,8.2
2026-08-22,P0015,2.0,3.0
2026-08-22,P0016,1.0,1.66
2026-08-22,P0020,3.0,4.35
2026-08-22,P0023,1.0,2.87
2026-08-22,P0024,2.0,4.1
2026-08-22,P0025,6.0,18.54
2026-08-22,P0026,2.0,2.78
2026-08-22,P0027,4.0,5.16
2026-08-22,P0028,6.0,14.52
2026-08-22,P0029,1.0,3.8
2026-08-22,P0030,1.0,2.14
2026-08-22,P0031,2.0,1.86
2026-08-22,P0032,1.0,1.03
2026-08-22,P0033,3.0,8.85
2026-08-22,P0035,2.0,24.76
2026-08-22,P0037,1.0,4.76
2026-08-22,P0038,1.0,4.95
2026-08-22,P0045,1.0,13.11
2026-08-22,P0047,1.0,7.02
2026-08-22,P0048,1.0,4.08
2026-08-22,P0050,1.0,0.68
2026-08-22,P0051,4.0,15.2
2026-08-22,P0052,2.0,1.18
2026-08-22,P0054,1.0,1.06
2026-08-22,P0055,2.0,2.54
2026-08-22,P0056,4.0,16.32
2026-08-22,P0057,3.0,10.41
2026-08-22,P0058,3.0,10.5
2026-08-22,P0059,2.0,1.18
2026-08-22,P0060,1.0,4.1
2026-08-22,P0062,1.0,2.69
2026-08-22,P0063,4.0,9.84
2026-08-22,P0064,6.0,25.44
2026-08-22,P0066,2.0,9.72
2026-08-22,P0067,3.0,3.0
2026-08-22,P0068,1.0,3.83
2026-08-22,P0069,2.0,9.34
2026-08-22,P0070,1.0,1.65
2026-08-22,P0074,1.0,0.99
2026-08-22,P0075,1.0,5.42
2026-08-22,P0078,6.0,6.84
2026-08-22,P0080,1.0,2.0
2026-08-22,P0081,6.0,32.52
2026-08-22,P0084,4.0,8.96
2026-08-22,P0089,1.0,0.68
2026-08-22,P0091,6.0,20.58
2026-08-22,P0094,1.0,0.72
2026-08-22,P0095,3.0,10.8
2026-08-22,P0097,2.0,2.24
2026-08-22,P0099,1.0,0.24
2026-08-22,P0100,1.0,0.23
2026-08-22,P0101,5.0,0.9
2026-08-22,P0103,1.0,2.37
2026-08-22,P0104,4.0,12.2
2026-08-22,P0105,6.0,8.76
2026-08-22,P0106,1.0,1.13
2026-08-22,P0109,2.0,3.78
2026-08-22,P0110,4.0,15.64
2026-08-22,P0112,3.0,11.7
2026-08-22,P0114,1.0,1.85
2026-08-22,P0117,3.0,16.2
2026-08-22,P0119,1.0,3.32
2026-08-22,P0121,2.0,18.88
2026-08-22,P0122,1.0,3.02
2026-08-22,P0124,2.0,4.74
2026-08-22,P0125,1.0,4.5
2026-08-22,P0127,3.0,4.56
2026-08-23,P0001,2.0,4.86
2026-08-23,P0009,1.0,2.76
2026-08-23,P0010,1.0,2.57
2026-08-23,P0011,1.0,2.62
2026-08-23,P0013,1.0,2.78
2026-08-23,P0017,2.0,6.36
2026-08-23,P0018,1.0,0.52
2026-08-23,P0020,1.0,1.45
2026-08-23,P0023,1.0,2.87
2026-08-23,P0025,5.0,15.45
2026-08-23,P0026,2.0,2.78
2026-08-23,P0027,3.0,3.87
2026-08-23,P0028,4.0,9.68
2026-08-23,P0029,2.0,7.6
2026-08-23,P0030,1.0,2.14
2026-08-23,P0031,1.0,0.93
2026-08-23,P0034,1.0,9.5
2026-08-23,P0036,1.0,9.19
2026-08-23,P0037,1.0,4.76
2026-08-23,P0038,1.0,4.95
2026-08-23,P0045,3.0,39.33
2026-08-23,P0047,3.0,21.06
2026-08-23,P0048,2.0,8.16
2026-08-23,P0049,1.0,1.85
2026-08-23,P0050,1.0,0.68
2026-08-23,P0051,5.0,19.0
2026-08-23,P0052,1.0,0.59
2026-08-23,P0055,1.0,1.27
2026-08-23,P0056,2.0,8.16
2026-08-23,P0057,3.0,10.41
2026-08-23,P0061,3.0,6.93
2026-08-23,P0063,1.0,2.46
2026-08-23,P0064,5.0,21.2
2026-08-23,P0065,2.0,6.08
2026-08-23,P0066,3.0,14.58
2026-08-23,P0073,1.0,3.99
2026-08-23,P0074,1.0,0.99
2026-08-23,P0076,2.0,3.96
2026-08-23,P0078,6.0,6.84
2026-08-23,P0079,1.0,5.17
2026-08-23,P0081,6.0,32.52
2026-08-23,P0084,3.0,6.72
2026-08-23,P0086,1.0,3.25
2026-08-23,P0089,2.0,1.36
2026-08-23,P0090,1.0,3.69
2026-08-23,P0091,6.0,20.58
2026-08-23,P0093,1.0,3.5
2026-08-23,P0095,1.0,3.6
2026-08-23,P0096,2.0,6.1
2026-08-23,P0097,2.0,2.24
2026-08-23,P0101,3.0,0.54
2026-08-23,P0104,1.0,3.05
2026-08-23,P0105,6.0,8.76
2026-08-23,P0110,6.0,23.46
2026-08-23,P0111,1.0,3.7
2026-08-23,P0112,2.0,7.8
2026-08-23,P0116,1.0,2.18
2026-08-23,P0117,2.0,10.8
2026-08-23,P0118,1.0,4.49
2026-08-23,P0120,1.0,8.84
2026-08-23,P0121,1.0,9.44
2026-08-23,P0122,1.0,3.02
2026-08-23,P0123,1.0,3.62
2026-08-23,P0124,1.0,2.37
2026-08-23,P0125,2.0,9.0
2026-08-23,P0127,4.0,6.08
2026-08-23,P0128,1.0,1.46
2026-08-24,P0001,1.0,2.43
2026-08-24,P0003,1.0,2.98
2026-08-24,P0011,1.0,2.62
2026-08-24,P0014,1.0,2.05
2026-08-24,P0015,2.0,3.0
2026-08-24,P0018,1.0,0.52
2026-08-24,P0025,4.0,12.36
2026-08-24,P0026,1.0,1.39
2026-08-24,P0027,3.0,3.87
2026-08-24,P0028,5.0,12.1
2026-08-24,P0029,1.0,3.8
2026-08-24,P0032,1.0,1.03
2026-08-24,P0033,1.0,2.95
2026-08-24,P0037,1.0,4.76
2026-08-24,P0043,1.0,8.55
2026-08-24,P0044,1.0,11.65
2026-08-24,P0047,1.0,7.02
2026-08-24,P0048,3.0,12.24
2026-08-24,P0050,1.0,0.68
2026-08-24,P0051,1.0,3.8
2026-08-24,P0052,2.0,1.18
2026-08-24,P0056,1.0,4.08
2026-08-24,P0057,1.0,3.47
2026-08-24,P0058,2.0,7.0
2026-08-24,P0059,1.0,0.59
2026-08-24,P0061,1.0,2.31
2026-08-24,P0063,3.0,7.38
2026-08-24,P0064,2.0,8.48
2026-08-24,P0065,1.0,3.04
2026-08-24,P0066,1.0,4.86
2026-08-24,P0067,3.0,3.0
2026-08-24,P0072,1.0,1.99
2026-08-24,P0073,1.0,3.99
2026-08-24,P0074,1.0,0.99
2026-08-24,P0076,4.0,7.92
2026-08-24,P0077,1.0,0.51
2026-08-24,P0078,6.0,6.84
2026-08-24,P0081,6.0,32.52
2026-08-24,P0082,2.0,8.62
2026-08-24,P0084,2.0,4.48
2026-08-24,P0091,6.0,20.58
2026-08-24,P0092,1.0,3.81
2026-08-24,P0096,1.0,3.05
2026-08-24,P0097,2.0,2.24
2026-08-24,P0101,2.0,0.36
2026-08-24,P0103,1.0,2.37
2026-08-24,P0104,4.0,12.2
2026-08-24,P0105,6.0,8.76
2026-08-24,P0110,1.0,3.91
2026-08-24,P0113,2.0,6.7
2026-08-24,P0118,1.0,4.49
2026-08-24,P0122,3.0,9.06
2026-08-24,P0124,2.0,4.74
2026-08-24,P0125,2.0,9.0
2026-08-24,P0127,2.0,3.04
2026-08-24,P0128,3.0,4.38
2026-08-25,P0001,3.0,7.29
2026-08-25,P0004,3.0,9.24
2026-08-25,P0005,1.0,2.03
2026-08-25,P0008,1.0,1.84
2026-08-25,P0011,1.0,2.62
2026-08-25,P0014,1.0,2.05
2026-08-25,P0015,1.0,1.5
2026-08-25,P0018,1.0,0.52
2026-08-25,P0019,1.0,0.19
2026-08-25,P0021,1.0,0.52
2026-08-25,P0022,1.0,2.67
2026-08-25,P0023,2.0,5.74
2026-08-25,P0024,1.0,2.05
2026-08-25,P0025,6.0,18.54
2026-08-25,P0026,2.0,2.78
2026-08-25,P0027,2.0,2.58
2026-08-25,P0028,4.0,9.68
2026-08-25,P0030,2.0,4.28
2026-08-25,P0031,1.0,0.93
2026-08-25,P0033,1.0,2.95
2026-08-25,P0037,2.0,9.52
2026-08-25,P0039,1.0,9.08
2026-08-25,P0045,2.0,26.22
2026-08-25,P0048,2.0,8.16
2026-08-25,P0051,5.0,19.0
2026-08-25,P0052,5.0,2.95
2026-08-25,P0054,1.0,1.06
2026-08-25,P0056,5.0,20.4
2026-08-25,P0061,1.0,2.31
2026-08-25,P0063,4.0,9.84
2026-08-25,P0064,4.0,16.96
2026-08-25,P0065,2.0,6.08
2026-08-25,P0066,2.0,9.72
2026-08-25,P0067,2.0,2.0
2026-08-25,P0069,2.0,9.34
2026-08-25,P0074,1.0,0.99
2026-08-25,P0076,2.0,3.96
2026-08-25,P0078,6.0,6.84
2026-08-25,P0081,6.0,32.52
2026-08-25,P0082,1.0,4.31
2026-08-25,P0084,4.0,8.96
2026-08-25,P0088,1.0,1.83
2026-08-25,P0091,5.0,17.15
2026-08-25,P0095,1.0,3.6
2026-08-25,P0096,1.0,3.05
2026-08-25,P0097,1.0,1.12
2026-08-25,P0098,1.0,0.45
2026-08-25,P0101,2.0,0.36
2026-08-25,P0104,2.0,6.1
2026-08-25,P0105,6.0,8.76
2026-08-25,P0107,1.0,3.48
2026-08-25,P0109,2.0,3.78
2026-08-25,P0110,3.0,11.73
2026-08-25,P0112,1.0,3.9
2026-08-25,P0114,1.0,1.85
2026-08-25,P0119,2.0,6.64
2026-08-25,P0121,2.0,18.88
2026-08-25,P0122,2.0,6.04
2026-08-25,P0124,1.0,2.37
2026-08-26,P0001,1.0,2.43
2026-08-26,P0002,1.0,0.48
2026-08-26,P0003,3.0,8.94
2026-08-26,P0004,2.0,6.16
2026-08-26,P0009,1.0,2.76
2026-08-26,P0012,1.0,2.46
2026-08-26,P0015,1.0,1.5
2026-08-26,P0016,2.0,3.32
2026-08-26,P0018,1.0,0.52
2026-08-26,P0019,1.0,0.19
2026-08-26,P0020,2.0,2.9
2026-08-26,P0022,2.0,5.34
2026-08-26,P0025,5.0,15.45
2026-08-26,P0027,2.0,2.58
2026-08-26,P0028,6.0,14.52
2026-08-26,P0029,1.0,3.8
2026-08-26,P0031,1.0,0.93
2026-08-26,P0033,2.0,5.9
2026-08-26,P0034,1.0,9.5
2026-08-26,P0035,1.0,12.38
2026-08-26,P0037,2.0,9.52
2026-08-26,P0038,2.0,9.9
2026-08-26,P0047,1.0,7.02
2026-08-26,P0048,1.0,4.08
2026-08-26,P0049,3.0,5.55
2026-08-26,P0050,1.0,0.68
2026-08-26,P0051,1.0,3.8
2026-08-26,P0052,1.0,0.59
2026-08-26,P0056,1.0,4.08
2026-08-26,P0061,3.0,6.93
2026-08-26,P0063,2.0,4.92
2026-08-26,P0064,4.0,16.96
2026-08-26,P0065,1.0,3.04
2026-08-26,P0067,2.0,2.0
2026-08-26,P0068,2.0,7.66
2026-08-26,P0070,1.0,1.65
2026-08-26,P0072,1.0,1.99
2026-08-26,P0073,1.0,3.99
2026-08-26,P0074,1.0,0.99
2026-08-26,P0075,1.0,5.42
2026-08-26,P0077,1.0,0.51
2026-08-26,P0078,6.0,6.84
2026-08-26,P0079,1.0,5.17
2026-08-26,P0081,6.0,32.52
2026-08-26,P0088,3.0,5.49
2026-08-26,P0090,1.0,3.69
2026-08-26,P0091,5.0,17.15
2026-08-26,P0094,1.0,0.72
2026-08-26,P0097,1.0,1.12
2026-08-26,P0101,3.0,0.54
2026-08-26,P0102,1.0,1.18
2026-08-26,P0103,1.0,2.37
2026-08-26,P0104,1.0,3.05
2026-08-26,P0105,6.0,8.76
2026-08-26,P0109,1.0,1.89
2026-08-26,P0110,2.0,7.82
2026-08-26,P0112,1.0,3.9
2026-08-26,P0117,1.0,5.4
2026-08-26,P0121,2.0,18.88
2026-08-26,P0122,1.0,3.02
2026-08-26,P0124,2.0,4.74
2026-08-26,P0125,2.0,9.0
2026-08-26,P0127,1.0,1.52
2026-08-27,P0001,1.0,2.43
2026-08-27,P0003,2.0,5.96
2026-08-27,P0006,1.0,0.39
2026-08-27,P0007,1.0,2.07
2026-08-27,P0010,1.0,2.57
2026-08-27,P0011,1.0,2.62
2026-08-27,P0013,2.0,5.56
2026-08-27,P0019,1.0,0.19
2026-08-27,P0020,2.0,2.9
2026-08-27,P0023,2.0,5.74
2026-08-27,P0025,6.0,18.54
2026-08-27,P0026,2.0,2.78
2026-08-27,P0027,2.0,2.58
2026-08-27,P0028,6.0,14.52
2026-08-27,P0029,1.0,3.8
2026-08-27,P0031,1.0,0.93
2026-08-27,P0033,1.0,2.95
2026-08-27,P0035,2.0,24.76
2026-08-27,P0039,1.0,9.08
2026-08-27,P0042,1.0,14.27
2026-08-27,P0048,1.0,4.08
2026-08-27,P0050,3.0,2.04
2026-08-27,P0051,4.0,15.2
2026-08-27,P0056,2.0,8.16
2026-08-27,P0057,1.0,3.47
2026-08-27,P0058,1.0,3.5
2026-08-27,P0061,1.0,2.31
2026-08-27,P0062,1.0,2.69
2026-08-27,P0063,3.0,7.38
2026-08-27,P0064,4.0,16.96
2026-08-27,P0065,2.0,6.08
2026-08-27,P0066,2.0,9.72
2026-08-27,P0067,2.0,2.0
2026-08-27,P0069,1.0,4.67
2026-08-27,P0070,1.0,1.65
2026-08-27,P0072,1.0,1.99
2026-08-27,P0074,1.0,0.99
2026-08-27,P0078,6.0,6.84
2026-08-27,P0081,6.0,32.52
2026-08-27,P0082,1.0,4.31
2026-08-27,P0088,1.0,1.83
2026-08-27,P0089,1.0,0.68
2026-08-27,P0091,6.0,20.58
2026-08-27,P0094,1.0,0.72
2026-08-27,P0096,1.0,3.05
2026-08-27,P0097,3.0,3.36
2026-08-27,P0100,1.0,0.23
2026-08-27,P0101,2.0,0.36
2026-08-27,P0103,1.0,2.37
2026-08-27,P0104,1.0,3.05
2026-08-27,P0105,6.0,8.76
2026-08-27,P0109,1.0,1.89
2026-08-27,P0110,3.0,11.73
2026-08-27,P0113,2.0,6.7
2026-08-27,P0115,1.0,1.96
2026-08-27,P0117,2.0,10.8
2026-08-27,P0118,1.0,4.49
2026-08-27,P0121,2.0,18.88
2026-08-27,P0122,2.0,6.04
2026-08-27,P0123,1.0,3.62
2026-08-27,P0124,1.0,2.37
2026-08-27,P0126,1.0,2.19
2026-08-27,P0127,2.0,3.04
2026-08-27,P0128,4.0,5.84
2026-08-28,P0001,4.0,9.72
2026-08-28,P0004,1.0,3.08
2026-08-28,P0008,1.0,1.84
2026-08-28,P0012,1.0,2.46
2026-08-28,P0014,3.0,6.15
2026-08-28,P0015,1.0,1.5
2026-08-28,P0017,1.0,3.18
2026-08-28,P0018,1.0,0.52
2026-08-28,P0019,1.0,0.19
2026-08-28,P0020,1.0,1.45
2026-08-28,P0021,1.0,0.52
2026-08-28,P0023,3.0,8.61
2026-08-28,P0025,5.0,15.45
2026-08-28,P0026,6.0,8.34
2026-08-28,P0028,6.0,14.52
2026-08-28,P0029,1.0,3.8
2026-08-28,P0030,1.0,2.14
2026-08-28,P0031,2.0,1.86
2026-08-28,P0033,2.0,5.9
2026-08-28,P0035,2.0,24.76
2026-08-28,P0037,1.0,4.76
2026-08-28,P0038,1.0,4.95
2026-08-28,P0039,1.0,9.08
2026-08-28,P0045,1.0,13.11
2026-08-28,P0047,3.0,21.06
2026-08-28,P0048,2.0,8.16
2026-08-28,P0049,4.0,7.4
2026-08-28,P0050,1.0,0.68
2026-08-28,P0051,1.0,3.8
2026-08-28,P0052,1.0,0.59
2026-08-28,P0055,3.0,3.81
2026-08-28,P0056,3.0,12.24
2026-08-28,P0057,2.0,6.94
2026-08-28,P0058,1.0,3.5
2026-08-28,P0059,1.0,0.59
2026-08-28,P0062,1.0,2.69
2026-08-28,P0063,5.0,12.3
2026-08-28,P0064,5.0,21.2
2026-08-28,P0065,3.0,9.12
2026-08-28,P0066,3.0,14.58
2026-08-28,P0068,1.0,3.83
2026-08-28,P0069,2.0,9.34
2026-08-28,P0070,1.0,1.65
2026-08-28,P0072,2.0,3.98
2026-08-28,P0075,1.0,5.42
2026-08-28,P0077,1.0,0.51
2026-08-28,P0078,6.0,6.84
2026-08-28,P0080,2.0,4.0
2026-08-28,P0081,6.0,32.52
2026-08-28,P0084,3.0,6.72
2026-08-28,P0086,1.0,3.25
2026-08-28,P0088,1.0,1.83
2026-08-28,P0089,2.0,1.36
2026-08-28,P0091,6.0,20.58
2026-08-28,P0094,1.0,0.72
2026-08-28,P0096,1.0,3.05
2026-08-28,P0097,3.0,3.36
2026-08-28,P0098,1.0,0.45
2026-08-28,P0100,1.0,0.23
2026-08-28,P0101,2.0,0.36
2026-08-28,P0103,1.0,2.37
2026-08-28,P0104,2.0,6.1
2026-08-28,P0105,6.0,8.76
2026-08-28,P0110,2.0,7.82
2026-08-28,P0114,2.0,3.7
2026-08-28,P0117,1.0,5.4
2026-08-28,P0118,1.0,4.49
2026-08-28,P0119,1.0,3.32
2026-08-28,P0121,3.0,28.32
2026-08-28,P0122,1.0,3.02
2026-08-28,P0124,1.0,2.37
2026-08-28,P0125,1.0,4.5
2026-08-28,P0127,3.0,4.56
2026-08-28,P0128,2.0,2.92
2026-08-29,P0001,2.0,4.86
2026-08-29,P0003,1.0,2.98
2026-08-29,P0004,2.0,6.16
2026-08-29,P0005,1.0,2.03
2026-08-29,P0006,1.0,0.39
2026-08-29,P0007,1.0,2.07
2026-08-29,P0010,1.0,2.57
2026-08-29,P0011,1.0,2.62
2026-08-29,P0013,2.0,5.56
2026-08-29,P0014,2.0,4.1
2026-08-29,P0015,3.0,4.5
2026-08-29,P0017,1.0,3.18
2026-08-29,P0018,2.0,1.04
2026-08-29,P0021,1.0,0.52
2026-08-29,P0022,1.0,2.67
2026-08-29,P0025,6.0,18.54
2026-08-29,P0026,1.0,1.39
2026-08-29,P0028,6.0,14.52
2026-08-29,P0031,2.0,1.86
2026-08-29,P0035,1.0,12.38
2026-08-29,P0038,1.0,4.95
2026-08-29,P0039,1.0,9.08
2026-08-29,P0040,2.0,21.1
2026-08-29,P0042,2.0,28.54
2026-08-29,P0045,2.0,26.22
2026-08-29,P0046,2.0,15.36
2026-08-29,P0048,1.0,4.08
2026-08-29,P0049,1.0,1.85
2026-08-29,P0050,2.0,1.36
2026-08-29,P0051,2.0,7.6
2026-08-29,P0052,2.0,1.18
2026-08-29,P0053,2.0,2.26
2026-08-29,P0055,2.0,2.54
2026-08-29,P0056,3.0,12.24
2026-08-29,P0057,2.0,6.94
2026-08-29,P0058,1.0,3.5
2026-08-29,P0059,1.0,0.59
2026-08-29,P0060,1.0,4.1
2026-08-29,P0061,2.0,4.62
2026-08-29,P0063,3.0,7.38
2026-08-29,P0064,6.0,25.44
2026-08-29,P0065,3.0,9.12
2026-08-29,P0066,4.0,19.44
2026-08-29,P0067,2.0,2.0
2026-08-29,P0068,1.0,3.83
2026-08-29,P0070,3.0,4.95
2026-08-29,P0072,1.0,1.99
2026-08-29,P0073,1.0,3.99
2026-08-29,P0074,1.0,0.99
2026-08-29,P0076,2.0,3.96
2026-08-29,P0078,6.0,6.84
2026-08-29,P0080,1.0,2.0
2026-08-29,P0081,6.0,32.52
2026-08-29,P0082,1.0,4.31
2026-08-29,P0084,4.0,8.96
2026-08-29,P0086,1.0,3.25
2026-08-29,P0088,1.0,1.83
2026-08-29,P0089,1.0,0.68
2026-08-29,P0091,6.0,20.58
2026-08-29,P0092,1.0,3.81
2026-08-29,P0094,3.0,2.16
2026-08-29,P0095,1.0,3.6
2026-08-29,P0096,2.0,6.1
2026-08-29,P0097,2.0,2.24
2026-08-29,P0098,1.0,0.45
2026-08-29,P0101,3.0,0.54
2026-08-29,P0103,2.0,4.74
2026-08-29,P0104,1.0,3.05
2026-08-29,P0105,6.0,8.76
2026-08-29,P0110,5.0,19.55
2026-08-29,P0111,1.0,3.7
2026-08-29,P0112,2.0,7.8
2026-08-29,P0115,1.0,1.96
2026-08-29,P0119,1.0,3.32
2026-08-29,P0121,3.0,28.32
2026-08-29,P0122,1.0,3.02
2026-08-29,P0123,1.0,3.62
2026-08-29,P0124,4.0,9.48
2026-08-29,P0126,1.0,2.19
2026-08-29,P0127,1.0,1.52
2026-08-29,P0128,2.0,2.92
2026-08-30,P0003,1.0,2.98
2026-08-30,P0004,1.0,3.08
2026-08-30,P0006,1.0,0.39
2026-08-30,P0014,3.0,6.15
2026-08-30,P0015,1.0,1.5
2026-08-30,P0020,1.0,1.45
2026-08-30,P0021,1.0,0.52
2026-08-30,P0023,3.0,8.61
2026-08-30,P0025,4.0,12.36
2026-08-30,P0027,3.0,3.87
2026-08-30,P0028,6.0,14.52
2026-08-30,P0029,2.0,7.6
2026-08-30,P0030,1.0,2.14
2026-08-30,P0032,1.0,1.03
2026-08-30,P0033,1.0,2.95
2026-08-30,P0035,1.0,12.38
2026-08-30,P0037,1.0,4.76
2026-08-30,P0038,1.0,4.95
2026-08-30,P0039,1.0,9.08
2026-08-30,P0048,2.0,8.16
2026-08-30,P0049,2.0,3.7
2026-08-30,P0051,2.0,7.6
2026-08-30,P0052,3.0,1.77
2026-08-30,P0054,1.0,1.06
2026-08-30,P0056,2.0,8.16
2026-08-30,P0057,2.0,6.94
2026-08-30,P0058,2.0,7.0
2026-08-30,P0059,1.0,0.59
2026-08-30,P0061,1.0,2.31
2026-08-30,P0063,2.0,4.92
2026-08-30,P0064,6.0,25.44
2026-08-30,P0065,2.0,6.08
2026-08-30,P0066,2.0,9.72
2026-08-30,P0068,1.0,3.83
2026-08-30,P0070,1.0,1.65
2026-08-30,P0078,6.0,6.84
2026-08-30,P0080,2.0,4.0
2026-08-30,P0081,6.0,32.52
2026-08-30,P0082,1.0,4.31
2026-08-30,P0084,4.0,8.96
2026-08-30,P0091,6.0,20.58
2026-08-30,P0094,2.0,1.44
2026-08-30,P0095,1.0,3.6
2026-08-30,P0097,1.0,1.12
2026-08-30,P0101,3.0,0.54
2026-08-30,P0104,3.0,9.15
2026-08-30,P0105,6.0,8.76
2026-08-30,P0109,1.0,1.89
2026-08-30,P0110,2.0,7.82
2026-08-30,P0112,2.0,7.8
2026-08-30,P0115,1.0,1.96
2026-08-30,P0117,4.0,21.6
2026-08-30,P0119,2.0,6.64
2026-08-30,P0122,2.0,6.04
2026-08-30,P0124,4.0,9.48
2026-08-30,P0128,2.0,2.92
2026-08-31,P0001,1.0,2.43
2026-08-31,P0004,1.0,3.08
2026-08-31,P0012,2.0,4.92
2026-08-31,P0013,1.0,2.78
2026-08-31,P0014,2.0,4.1
2026-08-31,P0015,1.0,1.5
2026-08-31,P0019,1.0,0.19
2026-08-31,P0020,2.0,2.9
2026-08-31,P0021,1.0,0.52
2026-08-31,P0023,1.0,2.87
2026-08-31,P0025,5.0,15.45
2026-08-31,P0026,1.0,1.39
2026-08-31,P0027,1.0,1.29
2026-08-31,P0028,5.0,12.1
2026-08-31,P0029,1.0,3.8
2026-08-31,P0033,1.0,2.95
2026-08-31,P0034,2.0,19.0
2026-08-31,P0037,1.0,4.76
2026-08-31,P0038,1.0,4.95
2026-08-31,P0039,1.0,9.08
2026-08-31,P0042,1.0,14.27
2026-08-31,P0045,1.0,13.11
2026-08-31,P0047,1.0,7.02
2026-08-31,P0048,3.0,12.24
2026-08-31,P0051,4.0,15.2
2026-08-31,P0056,1.0,4.08
2026-08-31,P0057,4.0,13.88
2026-08-31,P0058,1.0,3.5
2026-08-31,P0059,2.0,1.18
2026-08-31,P0061,2.0,4.62
2026-08-31,P0063,1.0,2.46
2026-08-31,P0064,4.0,16.96
2026-08-31,P0067,1.0,1.0
2026-08-31,P0073,1.0,3.99
2026-08-31,P0075,1.0,5.42
2026-08-31,P0077,2.0,1.02
2026-08-31,P0078,6.0,6.84
2026-08-31,P0079,1.0,5.17
2026-08-31,P0080,1.0,2.0
2026-08-31,P0081,6.0,32.52
2026-08-31,P0084,3.0,6.72
2026-08-31,P0088,1.0,1.83
2026-08-31,P0089,2.0,1.36
2026-08-31,P0090,1.0,3.69
2026-08-31,P0091,6.0,20.58
2026-08-31,P0094,1.0,0.72
2026-08-31,P0097,2.0,2.24
2026-08-31,P0103,1.0,2.37
2026-08-31,P0104,2.0,6.1
2026-08-31,P0105,6.0,8.76
2026-08-31,P0106,1.0,1.13
2026-08-31,P0110,3.0,11.73
2026-08-31,P0112,1.0,3.9
2026-08-31,P0117,1.0,5.4
2026-08-31,P0121,3.0,28.32
2026-08-31,P0122,3.0,9.06
2026-08-31,P0124,2.0,4.74
2026-08-31,P0128,2.0,2.92
2026-09-01,P0001,2.0,4.86
2026-09-01,P0004,1.0,3.08
2026-09-01,P0014,3.0,6.15
2026-09-01,P0015,1.0,1.5
2026-09-01,P0016,1.0,1.66
2026-09-01,P0022,1.0,2.67
2026-09-01,P0023,1.0,2.87
2026-09-01,P0025,6.0,18.54
2026-09-01,P0027,1.0,1.29
2026-09-01,P0028,4.0,9.68
2026-09-01,P0029,1.0,3.8
2026-09-01,P0030,1.0,2.14
2026-09-01,P0031,1.0,0.93
2026-09-01,P0032,1.0,1.03
2026-09-01,P0035,1.0,12.38
2026-09-01,P0038,2.0,9.9
2026-09-01,P0045,2.0,26.22
2026-09-01,P0048,2.0,8.16
2026-09-01,P0049,1.0,1.85
2026-09-01,P0050,1.0,0.68
2026-09-01,P0051,1.0,3.8
2026-09-01,P0052,3.0,1.77
2026-09-01,P0055,2.0,2.54
2026-09-01,P0056,3.0,12.24
2026-09-01,P0058,1.0,3.5
2026-09-01,P0063,2.0,4.92
2026-09-01,P0064,3.0,12.72
2026-09-01,P0065,1.0,3.04
2026-09-01,P0066,2.0,9.72
2026-09-01,P0067,2.0,2.0
2026-09-01,P0069,1.0,4.67
2026-09-01,P0070,1.0,1.65
2026-09-01,P0072,1.0,1.99
2026-09-01,P0076,1.0,1.98
2026-09-01,P0078,6.0,6.84
2026-09-01,P0079,2.0,10.34
2026-09-01,P0080,1.0,2.0
2026-09-01,P0081,6.0,32.52
2026-09-01,P0084,2.0,4.48
2026-09-01,P0089,1.0,0.68
2026-09-01,P0090,1.0,3.69
2026-09-01,P0091,5.0,17.15
2026-09-01,P0094,1.0,0.72
2026-09-01,P0097,1.0,1.12
2026-09-01,P0099,1.0,0.24
2026-09-01,P0101,1.0,0.18
2026-09-01,P0103,1.0,2.37
2026-09-01,P0104,1.0,3.05
2026-09-01,P0105,6.0,8.76
2026-09-01,P0106,1.0,1.13
2026-09-01,P0109,2.0,3.78
2026-09-01,P0110,2.0,7.82
2026-09-01,P0111,1.0,3.7
2026-09-01,P0112,2.0,7.8
2026-09-01,P0113,1.0,3.35
2026-09-01,P0118,1.0,4.49
2026-09-01,P0121,3.0,28.32
2026-09-01,P0122,2.0,6.04
2026-09-01,P0123,1.0,3.62
2026-09-01,P0124,1.0,2.37
2026-09-01,P0125,2.0,9.0
2026-09-01,P0127,2.0,3.04
2026-09-01,P0128,4.0,5.84
2026-09-02,P0004,1.0,3.08
2026-09-02,P0008,1.0,1.84
2026-09-02,P0012,2.0,4.92
2026-09-02,P0014,1.0,2.05
2026-09-02,P0018,1.0,0.52
2026-09-02,P0022,1.0,2.67
2026-09-02,P0023,2.0,5.74
2026-09-02,P0025,6.0,18.54
2026-09-02,P0026,1.0,1.39
2026-09-02,P0027,1.0,1.29
2026-09-02,P0028,5.0,12.1
2026-09-02,P0029,1.0,3.8
2026-09-02,P0033,2.0,5.9
2026-09-02,P0034,1.0,9.5
2026-09-02,P0035,1.0,12.38
2026-09-02,P0036,1.0,9.19
2026-09-02,P0037,3.0,14.28
2026-09-02,P0038,2.0,9.9
2026-09-02,P0046,1.0,7.68
2026-09-02,P0048,2.0,8.16
2026-09-02,P0049,1.0,1.85
2026-09-02,P0050,2.0,1.36
2026-09-02,P0051,2.0,7.6
2026-09-02,P0052,1.0,0.59
2026-09-02,P0055,1.0,1.27
2026-09-02,P0056,2.0,8.16
2026-09-02,P0057,2.0,6.94
2026-09-02,P0058,3.0,10.5
2026-09-02,P0061,1.0,2.31
2026-09-02,P0063,1.0,2.46
2026-09-02,P0064,5.0,21.2
2026-09-02,P0065,1.0,3.04
2026-09-02,P0066,3.0,14.58
2026-09-02,P0067,2.0,2.0
2026-09-02,P0072,1.0,1.99
2026-09-02,P0073,1.0,3.99
2026-09-02,P0076,4.0,7.92
2026-09-02,P0077,2.0,1.02
2026-09-02,P0078,6.0,6.84
2026-09-02,P0079,1.0,5.17
2026-09-02,P0081,6.0,32.52
2026-09-02,P0083,1.0,1.26
2026-09-02,P0084,2.0,4.48
2026-09-02,P0085,1.0,1.47
2026-09-02,P0086,1.0,3.25
2026-09-02,P0091,6.0,20.58
2026-09-02,P0094,2.0,1.44
2026-09-02,P0095,1.0,3.6
2026-09-02,P0097,3.0,3.36
2026-09-02,P0098,1.0,0.45
2026-09-02,P0101,2.0,0.36
2026-09-02,P0104,3.0,9.15
2026-09-02,P0105,6.0,8.76
2026-09-02,P0110,2.0,7.82
2026-09-02,P0112,2.0,7.8
2026-09-02,P0113,1.0,3.35
2026-09-02,P0116,1.0,2.18
2026-09-02,P0117,1.0,5.4
2026-09-02,P0118,3.0,13.47
2026-09-02,P0119,1.0,3.32
2026-09-02,P0121,2.0,18.88
2026-09-02,P0122,1.0,3.02
2026-09-02,P0123,1.0,3.62
2026-09-02,P0127,2.0,3.04
2026-09-02,P0128,1.0,1.46
2026-09-03,P0001,1.0,2.43
2026-09-03,P0004,1.0,3.08
2026-09-03,P0005,1.0,2.03
2026-09-03,P0006,1.0,0.39
2026-09-03,P0010,1.0,2.57
2026-09-03,P0014,1.0,2.05
2026-09-03,P0015,3.0,4.5
2026-09-03,P0016,1.0,1.66
2026-09-03,P0018,1.0,0.52
2026-09-03,P0020,2.0,2.9
2026-09-03,P0021,1.0,0.52
2026-09-03,P0023,1.0,2.87
2026-09-03,P0025,4.0,12.36
2026-09-03,P0026,2.0,2.78
2026-09-03,P0027,1.0,1.29
2026-09-03,P0028,6.0,14.52
2026-09-03,P0029,2.0,7.6
2026-09-03,P0030,1.0,2.14
2026-09-03,P0034,1.0,9.5
2026-09-03,P0037,3.0,14.28
2026-09-03,P0038,3.0,14.85
2026-09-03,P0040,1.0,10.55
2026-09-03,P0041,1.0,9.61
2026-09-03,P0042,1.0,14.27
2026-09-03,P0047,1.0,7.02
2026-09-03,P0050,1.0,0.68
2026-09-03,P0051,4.0,15.2
2026-09-03,P0052,2.0,1.18
2026-09-03,P0055,4.0,5.08
2026-09-03,P0056,4.0,16.32
2026-09-03,P0057,2.0,6.94
2026-09-03,P0058,1.0,3.5
2026-09-03,P0059,2.0,1.18
2026-09-03,P0061,2.0,4.62
2026-09-03,P0063,3.0,7.38
2026-09-03,P0064,4.0,16.96
2026-09-03,P0065,2.0,6.08
2026-09-03,P0066,2.0,9.72
2026-09-03,P0067,2.0,2.0
2026-09-03,P0069,1.0,4.67
2026-09-03,P0070,1.0,1.65
2026-09-03,P0072,1.0,1.99
2026-09-03,P0075,1.0,5.42
2026-09-03,P0077,1.0,0.51
2026-09-03,P0078,6.0,6.84
2026-09-03,P0079,1.0,5.17
2026-09-03,P0081,6.0,32.52
2026-09-03,P0084,3.0,6.72
2026-09-03,P0089,1.0,0.68
2026-09-03,P0091,6.0,20.58
2026-09-03,P0096,1.0,3.05
2026-09-03,P0097,2.0,2.24
2026-09-03,P0101,2.0,0.36
2026-09-03,P0103,1.0,2.37
2026-09-03,P0104,3.0,9.15
2026-09-03,P0105,6.0,8.76
2026-09-03,P0110,1.0,3.91
2026-09-03,P0112,1.0,3.9
2026-09-03,P0114,1.0,1.85
2026-09-03,P0117,1.0,5.4
2026-09-03,P0121,2.0,18.88
2026-09-03,P0122,3.0,9.06
2026-09-03,P0123,1.0,3.62
2026-09-03,P0124,2.0,4.74
2026-09-03,P0127,1.0,1.52
2026-09-03,P0128,2.0,2.92
2026-09-04,P0001,2.0,4.86
2026-09-04,P0003,2.0,5.96
2026-09-04,P0004,2.0,6.16
2026-09-04,P0006,1.0,0.39
2026-09-04,P0007,1.0,2.07
2026-09-04,P0011,2.0,5.24
2026-09-04,P0012,1.0,2.46
2026-09-04,P0014,2.0,4.1
2026-09-04,P0015,2.0,3.0
2026-09-04,P0018,1.0,0.52
2026-09-04,P0020,3.0,4.35
2026-09-04,P0023,2.0,5.74
2026-09-04,P0025,6.0,18.54
2026-09-04,P0026,1.0,1.39
2026-09-04,P0027,3.0,3.87
2026-09-04,P0028,6.0,14.52
2026-09-04,P0029,4.0,15.2
2026-09-04,P0030,1.0,2.14
2026-09-04,P0031,2.0,1.86
2026-09-04,P0032,1.0,1.03
2026-09-04,P0035,3.0,37.14
2026-09-04,P0037,1.0,4.76
2026-09-04,P0038,1.0,4.95
2026-09-04,P0043,1.0,8.55
2026-09-04,P0045,3.0,39.33
2026-09-04,P0046,1.0,7.68
2026-09-04,P0048,2.0,8.16
2026-09-04,P0049,1.0,1.85
2026-09-04,P0050,1.0,0.68
2026-09-04,P0051,2.0,7.6
2026-09-04,P0052,2.0,1.18
2026-09-04,P0055,1.0,1.27
2026-09-04,P0056,3.0,12.24
2026-09-04,P0057,2.0,6.94
2026-09-04,P0058,1.0,3.5
2026-09-04,P0059,1.0,0.59
2026-09-04,P0061,2.0,4.62
2026-09-04,P0063,3.0,7.38
2026-09-04,P0064,3.0,12.72
2026-09-04,P0065,3.0,9.12
2026-09-04,P0066,1.0,4.86
2026-09-04,P0067,4.0,4.0
2026-09-04,P0072,2.0,3.98
2026-09-04,P0073,4.0,15.96
2026-09-04,P0074,1.0,0.99
2026-09-04,P0075,1.0,5.42
2026-09-04,P0077,1.0,0.51
2026-09-04,P0078,6.0,6.84
2026-09-04,P0080,1.0,2.0
2026-09-04,P0081,6.0,32.52
2026-09-04,P0084,3.0,6.72
2026-09-04,P0091,6.0,20.58
2026-09-04,P0093,1.0,3.5
2026-09-04,P0095,1.0,3.6
2026-09-04,P0097,3.0,3.36
2026-09-04,P0098,1.0,0.45
2026-09-04,P0100,2.0,0.46
2026-09-04,P0101,2.0,0.36
2026-09-04,P0102,1.0,1.18
2026-09-04,P0103,3.0,7.11
2026-09-04,P0104,2.0,6.1
2026-09-04,P0105,6.0,8.76
2026-09-04,P0108,3.0,6.48
2026-09-04,P0110,5.0,19.55
2026-09-04,P0111,1.0,3.7
2026-09-04,P0112,1.0,3.9
2026-09-04,P0115,1.0,1.96
2026-09-04,P0116,2.0,4.36
2026-09-04,P0119,1.0,3.32
2026-09-04,P0121,2.0,18.88
2026-09-04,P0122,2.0,6.04
2026-09-04,P0124,4.0,9.48
2026-09-04,P0125,1.0,4.5
2026-09-04,P0127,3.0,4.56
2026-09-04,P0128,2.0,2.92
2026-09-05,P0001,2.0,4.86
2026-09-05,P0003,1.0,2.98
2026-09-05,P0004,1.0,3.08
2026-09-05,P0006,3.0,1.17
2026-09-05,P0010,1.0,2.57
2026-09-05,P0012,1.0,2.46
2026-09-05,P0014,1.0,2.05
2026-09-05,P0015,2.0,3.0
2026-09-05,P0016,1.0,1.66
2026-09-05,P0018,3.0,1.56
2026-09-05,P0023,3.0,8.61
2026-09-05,P0025,6.0,18.54
2026-09-05,P0026,2.0,2.78
2026-09-05,P0027,3.0,3.87
2026-09-05,P0028,6.0,14.52
2026-09-05,P0029,2.0,7.6
2026-09-05,P0031,3.0,2.79
2026-09-05,P0032,1.0,1.03
2026-09-05,P0035,2.0,24.76
2026-09-05,P0037,1.0,4.76
2026-09-05,P0042,1.0,14.27
2026-09-05,P0045,2.0,26.22
2026-09-05,P0048,1.0,4.08
2026-09-05,P0049,2.0,3.7
2026-09-05,P0050,2.0,1.36
2026-09-05,P0051,3.0,11.4
2026-09-05,P0052,1.0,0.59
2026-09-05,P0053,1.0,1.13
2026-09-05,P0055,3.0,3.81
2026-09-05,P0056,2.0,8.16
2026-09-05,P0057,4.0,13.88
2026-09-05,P0059,1.0,0.59
2026-09-05,P0060,2.0,8.2
2026-09-05,P0061,2.0,4.62
2026-09-05,P0063,5.0,12.3
2026-09-05,P0064,6.0,25.44
2026-09-05,P0065,4.0,12.16
2026-09-05,P0066,3.0,14.58
2026-09-05,P0067,5.0,5.0
2026-09-05,P0069,1.0,4.67
2026-09-05,P0070,2.0,3.3
2026-09-05,P0075,1.0,5.42
2026-09-05,P0076,1.0,1.98
2026-09-05,P0078,6.0,6.84
2026-09-05,P0081,6.0,32.52
2026-09-05,P0082,1.0,4.31
2026-09-05,P0084,2.0,4.48
2026-09-05,P0086,1.0,3.25
2026-09-05,P0087,1.0,1.17
2026-09-05,P0091,6.0,20.58
2026-09-05,P0096,2.0,6.1
2026-09-05,P0097,3.0,3.36
2026-09-05,P0098,1.0,0.45
2026-09-05,P0099,1.0,0.24
2026-09-05,P0101,1.0,0.18
2026-09-05,P0103,2.0,4.74
2026-09-05,P0104,1.0,3.05
2026-09-05,P0105,6.0,8.76
2026-09-05,P0110,4.0,15.64
2026-09-05,P0111,1.0,3.7
2026-09-05,P0112,3.0,11.7
2026-09-05,P0114,3.0,5.55
2026-09-05,P0116,1.0,2.18
2026-09-05,P0117,2.0,10.8
2026-09-05,P0118,1.0,4.49
2026-09-05,P0119,2.0,6.64
2026-09-05,P0121,3.0,28.32
2026-09-05,P0124,4.0,9.48
2026-09-05,P0125,1.0,4.5
2026-09-05,P0127,2.0,3.04
2026-09-05,P0128,3.0,4.38
2026-09-06,P0001,1.0,2.43
2026-09-06,P0003,1.0,2.98
2026-09-06,P0014,2.0,4.1
2026-09-06,P0015,3.0,4.5
2026-09-06,P0020,1.0,1.45
2026-09-06,P0021,1.0,0.52
2026-09-06,P0022,1.0,2.67
2026-09-06,P0023,2.0,5.74
2026-09-06,P0025,5.0,15.45
2026-09-06,P0026,1.0,1.39
2026-09-06,P0027,3.0,3.87
2026-09-06,P0028,5.0,12.1
2026-09-06,P0029,1.0,3.8
2026-09-06,P0035,2.0,24.76
2026-09-06,P0037,2.0,9.52
2026-09-06,P0048,2.0,8.16
2026-09-06,P0050,2.0,1.36
2026-09-06,P0051,2.0,7.6
2026-09-06,P0052,3.0,1.77
2026-09-06,P0055,3.0,3.81
2026-09-06,P0056,3.0,12.24
2026-09-06,P0057,2.0,6.94
2026-09-06,P0058,3.0,10.5
2026-09-06,P0060,2.0,8.2
2026-09-06,P0061,1.0,2.31
2026-09-06,P0063,5.0,12.3
2026-09-06,P0064,4.0,16.96
2026-09-06,P0065,3.0,9.12
2026-09-06,P0066,2.0,9.72
2026-09-06,P0067,1.0,1.0
2026-09-06,P0074,1.0,0.99
2026-09-06,P0075,1.0,5.42
2026-09-06,P0078,6.0,6.84
2026-09-06,P0079,1.0,5.17
2026-09-06,P0081,6.0,32.52
2026-09-06,P0082,1.0,4.31
2026-09-06,P0083,1.0,1.26
2026-09-06,P0084,2.0,4.48
2026-09-06,P0085,1.0,1.47
2026-09-06,P0089,1.0,0.68
2026-09-06,P0091,6.0,20.58
2026-09-06,P0095,3.0,10.8
2026-09-06,P0097,3.0,3.36
2026-09-06,P0100,1.0,0.23
2026-09-06,P0101,1.0,0.18
2026-09-06,P0103,1.0,2.37
2026-09-06,P0104,2.0,6.1
2026-09-06,P0105,6.0,8.76
2026-09-06,P0109,1.0,1.89
2026-09-06,P0110,4.0,15.64
2026-09-06,P0112,1.0,3.9
2026-09-06,P0117,1.0,5.4
2026-09-06,P0118,2.0,8.98
2026-09-06,P0121,3.0,28.32
2026-09-06,P0122,1.0,3.02
2026-09-06,P0124,3.0,7.11
2026-09-06,P0127,2.0,3.04
2026-09-06,P0128,4.0,5.84
2026-09-07,P0001,1.0,2.43
2026-09-07,P0012,1.0,2.46
2026-09-07,P0014,1.0,2.05
2026-09-07,P0016,1.0,1.66
2026-09-07,P0017,2.0,6.36
2026-09-07,P0018,2.0,1.04
2026-09-07,P0020,2.0,2.9
2026-09-07,P0023,1.0,2.87
2026-09-07,P0025,2.0,6.18
2026-09-07,P0026,1.0,1.39
2026-09-07,P0028,4.0,9.68
2026-09-07,P0030,1.0,2.14
2026-09-07,P0031,1.0,0.93
2026-09-07,P0034,1.0,9.5
2026-09-07,P0035,1.0,12.38
2026-09-07,P0038,1.0,4.95
2026-09-07,P0042,1.0,14.27
2026-09-07,P0045,1.0,13.11
2026-09-07,P0047,2.0,14.04
2026-09-07,P0048,1.0,4.08
2026-09-07,P0049,1.0,1.85
2026-09-07,P0050,1.0,0.68
2026-09-07,P0051,2.0,7.6
2026-09-07,P0052,1.0,0.59
2026-09-07,P0053,1.0,1.13
2026-09-07,P0055,2.0,2.54
2026-09-07,P0056,2.0,8.16
2026-09-07,P0057,1.0,3.47
2026-09-07,P0058,1.0,3.5
2026-09-07,P0059,1.0,0.59
2026-09-07,P0061,2.0,4.62
2026-09-07,P0063,3.0,7.38
2026-09-07,P0064,3.0,12.72
2026-09-07,P0065,2.0,6.08
2026-09-07,P0066,2.0,9.72
2026-09-07,P0067,3.0,3.0
2026-09-07,P0070,1.0,1.65
2026-09-07,P0071,1.0,2.94
2026-09-07,P0072,2.0,3.98
2026-09-07,P0074,1.0,0.99
2026-09-07,P0075,1.0,5.42
2026-09-07,P0078,6.0,6.84
2026-09-07,P0079,1.0,5.17
2026-09-07,P0081,6.0,32.52
2026-09-07,P0084,1.0,2.24
2026-09-07,P0089,2.0,1.36
2026-09-07,P0091,6.0,20.58
2026-09-07,P0094,1.0,0.72
2026-09-07,P0097,3.0,3.36
2026-09-07,P0101,2.0,0.36
2026-09-07,P0105,6.0,8.76
2026-09-07,P0108,1.0,2.16
2026-09-07,P0109,1.0,1.89
2026-09-07,P0110,2.0,7.82
2026-09-07,P0112,1.0,3.9
2026-09-07,P0113,1.0,3.35
2026-09-07,P0117,2.0,10.8
2026-09-07,P0121,3.0,28.32
2026-09-07,P0122,1.0,3.02
2026-09-07,P0124,1.0,2.37
2026-09-07,P0125,1.0,4.5
2026-09-07,P0127,2.0,3.04
2026-09-07,P0128,4.0,5.84
2026-09-08,P0001,2.0,4.86
2026-09-08,P0003,2.0,5.96
2026-09-08,P0004,3.0,9.24
2026-09-08,P0006,1.0,0.39
2026-09-08,P0009,2.0,5.52
2026-09-08,P0015,2.0,3.0
2026-09-08,P0020,2.0,2.9
2026-09-08,P0023,1.0,2.87
2026-09-08,P0025,5.0,15.45
2026-09-08,P0026,1.0,1.39
2026-09-08,P0027,2.0,2.58
2026-09-08,P0028,5.0,12.1
2026-09-08,P0029,2.0,7.6
2026-09-08,P0030,1.0,2.14
2026-09-08,P0032,1.0,1.03
2026-09-08,P0033,1.0,2.95
2026-09-08,P0035,2.0,24.76
2026-09-08,P0036,1.0,9.19
2026-09-08,P0038,1.0,4.95
2026-09-08,P0039,1.0,9.08
2026-09-08,P0040,1.0,10.55
2026-09-08,P0041,1.0,9.61
2026-09-08,P0045,1.0,13.11
2026-09-08,P0046,1.0,7.68
2026-09-08,P0048,3.0,12.24
2026-09-08,P0050,1.0,0.68
2026-09-08,P0052,4.0,2.36
2026-09-08,P0056,1.0,4.08
2026-09-08,P0057,1.0,3.47
2026-09-08,P0058,1.0,3.5
2026-09-08,P0059,1.0,0.59
2026-09-08,P0063,2.0,4.92
2026-09-08,P0064,2.0,8.48
2026-09-08,P0065,2.0,6.08
2026-09-08,P0066,1.0,4.86
2026-09-08,P0067,2.0,2.0
2026-09-08,P0068,1.0,3.83
2026-09-08,P0072,3.0,5.97
2026-09-08,P0074,1.0,0.99
2026-09-08,P0078,6.0,6.84
2026-09-08,P0079,1.0,5.17
2026-09-08,P0081,6.0,32.52
2026-09-08,P0082,3.0,12.93
2026-09-08,P0084,3.0,6.72
2026-09-08,P0088,1.0,1.83
2026-09-08,P0091,5.0,17.15
2026-09-08,P0093,1.0,3.5
2026-09-08,P0094,1.0,0.72
2026-09-08,P0097,2.0,2.24
2026-09-08,P0101,3.0,0.54
2026-09-08,P0104,4.0,12.2
2026-09-08,P0105,6.0,8.76
2026-09-08,P0106,1.0,1.13
2026-09-08,P0109,2.0,3.78
2026-09-08,P0110,1.0,3.91
2026-09-08,P0112,2.0,7.8
2026-09-08,P0115,1.0,1.96
2026-09-08,P0117,1.0,5.4
2026-09-08,P0121,3.0,28.32
2026-09-08,P0122,2.0,6.04
2026-09-08,P0124,1.0,2.37
2026-09-08,P0125,1.0,4.5
2026-09-08,P0127,1.0,1.52
2026-09-08,P0128,1.0,1.46
2026-09-09,P0001,1.0,2.43
2026-09-09,P0004,1.0,3.08
2026-09-09,P0015,2.0,3.0
2026-09-09,P0020,1.0,1.45
2026-09-09,P0022,1.0,2.67
2026-09-09,P0023,1.0,2.87
2026-09-09,P0024,1.0,2.05
2026-09-09,P0025,6.0,18.54
2026-09-09,P0026,2.0,2.78
2026-09-09,P0027,1.0,1.29
2026-09-09,P0028,5.0,12.1
2026-09-09,P0030,1.0,2.14
2026-09-09,P0033,1.0,2.95
2026-09-09,P0035,2.0,24.76
2026-09-09,P0037,1.0,4.76
2026-09-09,P0044,1.0,11.65
2026-09-09,P0045,2.0,26.22
2026-09-09,P0047,1.0,7.02
2026-09-09,P0049,1.0,1.85
2026-09-09,P0050,1.0,0.68
2026-09-09,P0051,1.0,3.8
2026-09-09,P0052,4.0,2.36
2026-09-09,P0053,1.0,1.13
2026-09-09,P0054,2.0,2.12
2026-09-09,P0057,3.0,10.41
2026-09-09,P0058,1.0,3.5
2026-09-09,P0059,1.0,0.59
2026-09-09,P0060,1.0,4.1
2026-09-09,P0061,2.0,4.62
2026-09-09,P0063,4.0,9.84
2026-09-09,P0064,3.0,12.72
2026-09-09,P0066,3.0,14.58
2026-09-09,P0067,2.0,2.0
2026-09-09,P0077,2.0,1.02
2026-09-09,P0078,6.0,6.84
2026-09-09,P0081,6.0,32.52
2026-09-09,P0084,1.0,2.24
2026-09-09,P0085,1.0,1.47
2026-09-09,P0086,1.0,3.25
2026-09-09,P0087,1.0,1.17
2026-09-09,P0089,1.0,0.68
2026-09-09,P0091,6.0,20.58
2026-09-09,P0094,1.0,0.72
2026-09-09,P0095,1.0,3.6
2026-09-09,P0096,2.0,6.1
2026-09-09,P0097,4.0,4.48
2026-09-09,P0098,2.0,0.9
2026-09-09,P0101,1.0,0.18
2026-09-09,P0102,1.0,1.18
2026-09-09,P0103,3.0,7.11
2026-09-09,P0104,4.0,12.2
2026-09-09,P0105,6.0,8.76
2026-09-09,P0106,1.0,1.13
2026-09-09,P0107,1.0,3.48
2026-09-09,P0109,2.0,3.78
2026-09-09,P0110,2.0,7.82
2026-09-09,P0112,1.0,3.9
2026-09-09,P0113,1.0,3.35
2026-09-09,P0114,1.0,1.85
2026-09-09,P0115,1.0,1.96
2026-09-09,P0118,1.0,4.49
2026-09-09,P0119,1.0,3.32
2026-09-09,P0120,1.0,8.84
2026-09-09,P0121,3.0,28.32
2026-09-09,P0122,3.0,9.06
2026-09-09,P0124,2.0,4.74
2026-09-09,P0127,3.0,4.56
2026-09-09,P0128,1.0,1.46
2026-09-10,P0001,1.0,2.43
2026-09-10,P0005,1.0,2.03
2026-09-10,P0006,2.0,0.78
2026-09-10,P0014,1.0,2.05
2026-09-10,P0017,1.0,3.18
2026-09-10,P0018,1.0,0.52
2026-09-10,P0020,1.0,1.45
2026-09-10,P0023,2.0,5.74
2026-09-10,P0025,6.0,18.54
2026-09-10,P0026,2.0,2.78
2026-09-10,P0027,3.0,3.87
2026-09-10,P0028,4.0,9.68
2026-09-10,P0029,2.0,7.6
2026-09-10,P0030,1.0,2.14
2026-09-10,P0031,2.0,1.86
2026-09-10,P0032,1.0,1.03
2026-09-10,P0033,1.0,2.95
2026-09-10,P0035,1.0,12.38
2026-09-10,P0038,1.0,4.95
2026-09-10,P0039,1.0,9.08
2026-09-10,P0040,1.0,10.55
2026-09-10,P0045,2.0,26.22
2026-09-10,P0046,1.0,7.68
2026-09-10,P0048,1.0,4.08
2026-09-10,P0049,1.0,1.85
2026-09-10,P0050,2.0,1.36
2026-09-10,P0051,1.0,3.8
2026-09-10,P0052,5.0,2.95
2026-09-10,P0053,2.0,2.26
2026-09-10,P0055,1.0,1.27
2026-09-10,P0056,2.0,8.16
2026-09-10,P0057,2.0,6.94
2026-09-10,P0058,1.0,3.5
2026-09-10,P0061,1.0,2.31
2026-09-10,P0063,5.0,12.3
2026-09-10,P0064,4.0,16.96
2026-09-10,P0066,2.0,9.72
2026-09-10,P0067,2.0,2.0
2026-09-10,P0070,1.0,1.65
2026-09-10,P0072,1.0,1.99
2026-09-10,P0076,3.0,5.94
2026-09-10,P0078,6.0,6.84
2026-09-10,P0081,6.0,32.52
2026-09-10,P0084,1.0,2.24
2026-09-10,P0089,1.0,0.68
2026-09-10,P0090,1.0,3.69
2026-09-10,P0091,6.0,20.58
2026-09-10,P0092,1.0,3.81
2026-09-10,P0094,2.0,1.44
2026-09-10,P0095,1.0,3.6
2026-09-10,P0097,2.0,2.24
2026-09-10,P0098,1.0,0.45
2026-09-10,P0101,1.0,0.18
2026-09-10,P0103,1.0,2.37
2026-09-10,P0104,2.0,6.1
2026-09-10,P0105,6.0,8.76
2026-09-10,P0106,1.0,1.13
2026-09-10,P0108,3.0,6.48
2026-09-10,P0109,1.0,1.89
2026-09-10,P0110,3.0,11.73
2026-09-10,P0112,1.0,3.9
2026-09-10,P0116,1.0,2.18
2026-09-10,P0117,1.0,5.4
2026-09-10,P0118,1.0,4.49
2026-09-10,P0119,1.0,3.32
2026-09-10,P0121,3.0,28.32
2026-09-10,P0122,1.0,3.02
2026-09-10,P0124,1.0,2.37
2026-09-10,P0125,1.0,4.5
2026-09-10,P0127,1.0,1.52
2026-09-10,P0128,1.0,1.46
2026-09-11,P0001,1.0,2.43
2026-09-11,P0003,1.0,2.98
2026-09-11,P0004,1.0,3.08
2026-09-11,P0005,2.0,4.06
2026-09-11,P0006,1.0,0.39
2026-09-11,P0011,1.0,2.62
2026-09-11,P0012,1.0,2.46
2026-09-11,P0014,2.0,4.1
2026-09-11,P0015,2.0,3.0
2026-09-11,P0017,1.0,3.18
2026-09-11,P0022,2.0,5.34
2026-09-11,P0023,1.0,2.87
2026-09-11,P0025,6.0,18.54
2026-09-11,P0026,1.0,1.39
2026-09-11,P0027,2.0,2.58
2026-09-11,P0028,6.0,14.52
2026-09-11,P0029,1.0,3.8
2026-09-11,P0030,2.0,4.28
2026-09-11,P0032,3.0,3.09
2026-09-11,P0035,1.0,12.38
2026-09-11,P0037,1.0,4.76
2026-09-11,P0038,1.0,4.95
2026-09-11,P0039,1.0,9.08
2026-09-11,P0041,1.0,9.61
2026-09-11,P0044,1.0,11.65
2026-09-11,P0045,1.0,13.11
2026-09-11,P0049,1.0,1.85
2026-09-11,P0050,2.0,1.36
2026-09-11,P0051,3.0,11.4
2026-09-11,P0052,3.0,1.77
2026-09-11,P0053,1.0,1.13
2026-09-11,P0055,2.0,2.54
2026-09-11,P0056,2.0,8.16
2026-09-11,P0057,2.0,6.94
2026-09-11,P0058,1.0,3.5
2026-09-11,P0059,2.0,1.18
2026-09-11,P0061,3.0,6.93
2026-09-11,P0062,2.0,5.38
2026-09-11,P0063,3.0,7.38
2026-09-11,P0064,5.0,21.2
2026-09-11,P0065,3.0,9.12
2026-09-11,P0066,1.0,4.86
2026-09-11,P0067,1.0,1.0
2026-09-11,P0070,1.0,1.65
2026-09-11,P0072,1.0,1.99
2026-09-11,P0073,1.0,3.99
2026-09-11,P0074,1.0,0.99
2026-09-11,P0075,1.0,5.42
2026-09-11,P0077,1.0,0.51
2026-09-11,P0078,6.0,6.84
2026-09-11,P0081,6.0,32.52
2026-09-11,P0084,4.0,8.96
2026-09-11,P0088,2.0,3.66
2026-09-11,P0089,1.0,0.68
2026-09-11,P0091,6.0,20.58
2026-09-11,P0093,2.0,7.0
2026-09-11,P0094,1.0,0.72
2026-09-11,P0095,2.0,7.2
2026-09-11,P0097,3.0,3.36
2026-09-11,P0101,3.0,0.54
2026-09-11,P0104,5.0,15.25
2026-09-11,P0105,6.0,8.76
2026-09-11,P0108,1.0,2.16
2026-09-11,P0110,1.0,3.91
2026-09-11,P0112,2.0,7.8
2026-09-11,P0113,1.0,3.35
2026-09-11,P0114,1.0,1.85
2026-09-11,P0115,1.0,1.96
2026-09-11,P0116,1.0,2.18
2026-09-11,P0118,1.0,4.49
2026-09-11,P0120,1.0,8.84
2026-09-11,P0121,3.0,28.32
2026-09-11,P0122,3.0,9.06
2026-09-11,P0123,2.0,7.24
2026-09-11,P0124,2.0,4.74
2026-09-11,P0125,1.0,4.5
2026-09-11,P0126,1.0,2.19
2026-09-11,P0127,1.0,1.52
2026-09-11,P0128,2.0,2.92
2026-09-12,P0001,2.0,4.86
2026-09-12,P0004,1.0,3.08
2026-09-12,P0005,1.0,2.03
2026-09-12,P0006,3.0,1.17
2026-09-12,P0008,1.0,1.84
2026-09-12,P0012,1.0,2.46
2026-09-12,P0014,3.0,6.15
2026-09-12,P0015,3.0,4.5
2026-09-12,P0017,3.0,9.54
2026-09-12,P0018,1.0,0.52
2026-09-12,P0019,1.0,0.19
2026-09-12,P0022,1.0,2.67
2026-09-12,P0025,6.0,18.54
2026-09-12,P0026,2.0,2.78
2026-09-12,P0027,2.0,2.58
2026-09-12,P0028,6.0,14.52
2026-09-12,P0029,3.0,11.4
2026-09-12,P0033,1.0,2.95
2026-09-12,P0035,4.0,49.52
2026-09-12,P0037,3.0,14.28
2026-09-12,P0038,1.0,4.95
2026-09-12,P0043,2.0,17.1
2026-09-12,P0045,2.0,26.22
2026-09-12,P0047,1.0,7.02
2026-09-12,P0048,1.0,4.08
2026-09-12,P0049,1.0,1.85
2026-09-12,P0050,3.0,2.04
2026-09-12,P0051,4.0,15.2
2026-09-12,P0052,1.0,0.59
2026-09-12,P0055,2.0,2.54
2026-09-12,P0056,3.0,12.24
2026-09-12,P0057,4.0,13.88
2026-09-12,P0058,2.0,7.0
2026-09-12,P0059,1.0,0.59
2026-09-12,P0061,1.0,2.31
2026-09-12,P0063,4.0,9.84
2026-09-12,P0064,6.0,25.44
2026-09-12,P0065,1.0,3.04
2026-09-12,P0067,4.0,4.0
2026-09-12,P0068,1.0,3.83
2026-09-12,P0072,1.0,1.99
2026-09-12,P0074,1.0,0.99
2026-09-12,P0075,1.0,5.42
2026-09-12,P0076,1.0,1.98
2026-09-12,P0077,1.0,0.51
2026-09-12,P0078,6.0,6.84
2026-09-12,P0079,1.0,5.17
2026-09-12,P0080,3.0,6.0
2026-09-12,P0081,6.0,32.52
2026-09-12,P0084,4.0,8.96
2026-09-12,P0087,1.0,1.17
2026-09-12,P0088,1.0,1.83
2026-09-12,P0089,1.0,0.68
2026-09-12,P0090,1.0,3.69
2026-09-12,P0091,6.0,20.58
2026-09-12,P0094,1.0,0.72
2026-09-12,P0096,1.0,3.05
2026-09-12,P0097,4.0,4.48
2026-09-12,P0098,2.0,0.9
2026-09-12,P0100,2.0,0.46
2026-09-12,P0101,2.0,0.36
2026-09-12,P0103,2.0,4.74
2026-09-12,P0104,3.0,9.15
2026-09-12,P0105,6.0,8.76
2026-09-12,P0106,2.0,2.26
2026-09-12,P0108,1.0,2.16
2026-09-12,P0110,3.0,11.73
2026-09-12,P0112,2.0,7.8
2026-09-12,P0114,1.0,1.85
2026-09-12,P0117,1.0,5.4
2026-09-12,P0118,2.0,8.98
2026-09-12,P0121,2.0,18.88
2026-09-12,P0122,2.0,6.04
2026-09-12,P0123,5.0,18.1
2026-09-12,P0125,2.0,9.0
2026-09-12,P0126,1.0,2.19
2026-09-12,P0127,4.0,6.08
2026-09-12,P0128,3.0,4.38
2026-09-13,P0001,2.0,4.86
2026-09-13,P0004,1.0,3.08
2026-09-13,P0006,1.0,0.39
2026-09-13,P0007,1.0,2.07
2026-09-13,P0009,1.0,2.76
2026-09-13,P0011,1.0,2.62
2026-09-13,P0012,1.0,2.46
2026-09-13,P0015,1.0,1.5
2026-09-13,P0022,1.0,2.67
2026-09-13,P0023,2.0,5.74
2026-09-13,P0024,1.0,2.05
2026-09-13,P0025,3.0,9.27
2026-09-13,P0026,1.0,1.39
2026-09-13,P0027,2.0,2.58
2026-09-13,P0028,6.0,14.52
2026-09-13,P0029,1.0,3.8
2026-09-13,P0030,1.0,2.14
2026-09-13,P0031,1.0,0.93
2026-09-13,P0035,2.0,24.76
2026-09-13,P0036,1.0,9.19
2026-09-13,P0038,1.0,4.95
2026-09-13,P0042,1.0,14.27
2026-09-13,P0045,1.0,13.11
2026-09-13,P0047,2.0,14.04
2026-09-13,P0048,2.0,8.16
2026-09-13,P0050,1.0,0.68
2026-09-13,P0051,4.0,15.2
2026-09-13,P0052,2.0,1.18
2026-09-13,P0055,2.0,2.54
2026-09-13,P0056,1.0,4.08
2026-09-13,P0057,1.0,3.47
2026-09-13,P0058,1.0,3.5
2026-09-13,P0059,2.0,1.18
2026-09-13,P0061,1.0,2.31
2026-09-13,P0063,5.0,12.3
2026-09-13,P0064,5.0,21.2
2026-09-13,P0065,2.0,6.08
2026-09-13,P0066,3.0,14.58
2026-09-13,P0067,3.0,3.0
2026-09-13,P0068,1.0,3.83
2026-09-13,P0070,2.0,3.3
2026-09-13,P0072,1.0,1.99
2026-09-13,P0073,1.0,3.99
2026-09-13,P0076,1.0,1.98
2026-09-13,P0078,6.0,6.84
2026-09-13,P0080,1.0,2.0
2026-09-13,P0081,6.0,32.52
2026-09-13,P0084,1.0,2.24
2026-09-13,P0086,1.0,3.25
2026-09-13,P0090,1.0,3.69
2026-09-13,P0091,6.0,20.58
2026-09-13,P0094,2.0,1.44
2026-09-13,P0096,1.0,3.05
2026-09-13,P0097,3.0,3.36
2026-09-13,P0101,2.0,0.36
2026-09-13,P0103,1.0,2.37
2026-09-13,P0104,3.0,9.15
2026-09-13,P0105,6.0,8.76
2026-09-13,P0107,2.0,6.96
2026-09-13,P0110,3.0,11.73
2026-09-13,P0112,1.0,3.9
2026-09-13,P0113,1.0,3.35
2026-09-13,P0114,1.0,1.85
2026-09-13,P0117,1.0,5.4
2026-09-13,P0118,1.0,4.49
2026-09-13,P0122,2.0,6.04
2026-09-13,P0123,1.0,3.62
2026-09-13,P0124,1.0,2.37
2026-09-13,P0125,1.0,4.5
2026-09-13,P0128,3.0,4.38
2026-09-14,P0001,2.0,4.86
2026-09-14,P0003,1.0,2.98
2026-09-14,P0004,1.0,3.08
2026-09-14,P0007,1.0,2.07
2026-09-14,P0010,1.0,2.57
2026-09-14,P0014,3.0,6.15
2026-09-14,P0015,1.0,1.5
2026-09-14,P0017,2.0,6.36
2026-09-14,P0018,1.0,0.52
2026-09-14,P0022,2.0,5.34
2026-09-14,P0023,2.0,5.74
2026-09-14,P0025,6.0,18.54
2026-09-14,P0026,1.0,1.39
2026-09-14,P0027,3.0,3.87
2026-09-14,P0028,5.0,12.1
2026-09-14,P0029,2.0,7.6
2026-09-14,P0031,1.0,0.93
2026-09-14,P0033,2.0,5.9
2026-09-14,P0035,2.0,24.76
2026-09-14,P0037,1.0,4.76
2026-09-14,P0038,1.0,4.95
2026-09-14,P0048,2.0,8.16
2026-09-14,P0050,1.0,0.68
2026-09-14,P0051,3.0,11.4
2026-09-14,P0052,4.0,2.36
2026-09-14,P0055,1.0,1.27
2026-09-14,P0056,1.0,4.08
2026-09-14,P0057,2.0,6.94
2026-09-14,P0058,2.0,7.0
2026-09-14,P0061,2.0,4.62
2026-09-14,P0062,2.0,5.38
2026-09-14,P0063,1.0,2.46
2026-09-14,P0064,3.0,12.72
2026-09-14,P0065,1.0,3.04
2026-09-14,P0066,3.0,14.58
2026-09-14,P0067,3.0,3.0
2026-09-14,P0068,1.0,3.83
2026-09-14,P0071,1.0,2.94
2026-09-14,P0073,1.0,3.99
2026-09-14,P0076,1.0,1.98
2026-09-14,P0078,6.0,6.84
2026-09-14,P0081,6.0,32.52
2026-09-14,P0084,2.0,4.48
2026-09-14,P0088,1.0,1.83
2026-09-14,P0089,1.0,0.68
2026-09-14,P0091,5.0,17.15
2026-09-14,P0094,1.0,0.72
2026-09-14,P0095,1.0,3.6
2026-09-14,P0097,4.0,4.48
2026-09-14,P0101,1.0,0.18
2026-09-14,P0104,2.0,6.1
2026-09-14,P0105,6.0,8.76
2026-09-14,P0109,1.0,1.89
2026-09-14,P0110,2.0,7.82
2026-09-14,P0112,1.0,3.9
2026-09-14,P0113,1.0,3.35
2026-09-14,P0114,1.0,1.85
2026-09-14,P0117,2.0,10.8
2026-09-14,P0122,2.0,6.04
2026-09-14,P0123,1.0,3.62
2026-09-14,P0124,2.0,4.74
2026-09-14,P0125,1.0,4.5
2026-09-14,P0127,1.0,1.52
2026-09-14,P0128,2.0,2.92
2026-09-15,P0001,1.0,2.43
2026-09-15,P0003,1.0,2.98
2026-09-15,P0004,1.0,3.08
2026-09-15,P0008,2.0,3.68
2026-09-15,P0009,1.0,2.76
2026-09-15,P0012,1.0,2.46
2026-09-15,P0015,1.0,1.5
2026-09-15,P0020,1.0,1.45
2026-09-15,P0022,1.0,2.67
2026-09-15,P0024,1.0,2.05
2026-09-15,P0025,4.0,12.36
2026-09-15,P0026,3.0,4.17
2026-09-15,P0027,4.0,5.16
2026-09-15,P0028,6.0,14.52
2026-09-15,P0029,1.0,3.8
2026-09-15,P0031,2.0,1.86
2026-09-15,P0032,1.0,1.03
2026-09-15,P0033,1.0,2.95
2026-09-15,P0037,2.0,9.52
2026-09-15,P0047,1.0,7.02
2026-09-15,P0050,1.0,0.68
2026-09-15,P0051,1.0,3.8
2026-09-15,P0052,3.0,1.77
2026-09-15,P0056,1.0,4.08
2026-09-15,P0057,2.0,6.94
2026-09-15,P0062,1.0,2.69
2026-09-15,P0063,5.0,12.3
2026-09-15,P0064,3.0,12.72
2026-09-15,P0066,2.0,9.72
2026-09-15,P0067,3.0,3.0
2026-09-15,P0070,1.0,1.65
2026-09-15,P0072,1.0,1.99
2026-09-15,P0073,1.0,3.99
2026-09-15,P0074,2.0,1.98
2026-09-15,P0078,6.0,6.84
2026-09-15,P0081,6.0,32.52
2026-09-15,P0084,3.0,6.72
2026-09-15,P0086,1.0,3.25
2026-09-15,P0091,5.0,17.15
2026-09-15,P0094,1.0,0.72
2026-09-15,P0097,3.0,3.36
2026-09-15,P0100,1.0,0.23
2026-09-15,P0101,2.0,0.36
2026-09-15,P0104,2.0,6.1
2026-09-15,P0105,6.0,8.76
2026-09-15,P0112,1.0,3.9
2026-09-15,P0113,1.0,3.35
2026-09-15,P0119,2.0,6.64
2026-09-15,P0121,2.0,18.88
2026-09-15,P0122,2.0,6.04
2026-09-15,P0123,1.0,3.62
2026-09-15,P0124,3.0,7.11
2026-09-15,P0127,1.0,1.52
2026-09-15,P0128,2.0,2.92
2026-09-16,P0001,3.0,7.29
2026-09-16,P0002,1.0,0.48
2026-09-16,P0004,2.0,6.16
2026-09-16,P0006,1.0,0.39
2026-09-16,P0012,1.0,2.46
2026-09-16,P0015,3.0,4.5
2026-09-16,P0020,2.0,2.9
2026-09-16,P0021,2.0,1.04
2026-09-16,P0023,1.0,2.87
2026-09-16,P0025,5.0,15.45
2026-09-16,P0026,2.0,2.78
2026-09-16,P0027,1.0,1.29
2026-09-16,P0028,3.0,7.26
2026-09-16,P0029,2.0,7.6
2026-09-16,P0030,1.0,2.14
2026-09-16,P0035,2.0,24.76
2026-09-16,P0038,1.0,4.95
2026-09-16,P0042,1.0,14.27
2026-09-16,P0044,1.0,11.65
2026-09-16,P0045,1.0,13.11
2026-09-16,P0049,1.0,1.85
2026-09-16,P0050,1.0,0.68
2026-09-16,P0051,3.0,11.4
2026-09-16,P0052,1.0,0.59
2026-09-16,P0053,1.0,1.13
2026-09-16,P0055,1.0,1.27
2026-09-16,P0056,2.0,8.16
2026-09-16,P0057,2.0,6.94
2026-09-16,P0059,2.0,1.18
2026-09-16,P0062,1.0,2.69
2026-09-16,P0063,2.0,4.92
2026-09-16,P0064,6.0,25.44
2026-09-16,P0065,1.0,3.04
2026-09-16,P0066,3.0,14.58
2026-09-16,P0067,4.0,4.0
2026-09-16,P0073,2.0,7.98
2026-09-16,P0074,1.0,0.99
2026-09-16,P0077,1.0,0.51
2026-09-16,P0078,6.0,6.84
2026-09-16,P0079,1.0,5.17
2026-09-16,P0080,2.0,4.0
2026-09-16,P0081,6.0,32.52
2026-09-16,P0086,2.0,6.5
2026-09-16,P0088,1.0,1.83
2026-09-16,P0091,5.0,17.15
2026-09-16,P0094,1.0,0.72
2026-09-16,P0095,3.0,10.8
2026-09-16,P0096,3.0,9.15
2026-09-16,P0097,2.0,2.24
2026-09-16,P0100,1.0,0.23
2026-09-16,P0101,3.0,0.54
2026-09-16,P0102,1.0,1.18
2026-09-16,P0104,2.0,6.1
2026-09-16,P0105,6.0,8.76
2026-09-16,P0106,1.0,1.13
2026-09-16,P0111,1.0,3.7
2026-09-16,P0112,2.0,7.8
2026-09-16,P0116,2.0,4.36
2026-09-16,P0117,1.0,5.4
2026-09-16,P0118,1.0,4.49
2026-09-16,P0119,2.0,6.64
2026-09-16,P0121,2.0,18.88
2026-09-16,P0122,2.0,6.04
2026-09-16,P0123,1.0,3.62
2026-09-16,P0124,2.0,4.74
2026-09-16,P0125,1.0,4.5
2026-09-16,P0126,1.0,2.19
2026-09-16,P0127,2.0,3.04
2026-09-16,P0128,2.0,2.92
2026-09-17,P0001,3.0,7.29
2026-09-17,P0003,1.0,2.98
2026-09-17,P0004,1.0,3.08
2026-09-17,P0006,1.0,0.39
2026-09-17,P0009,1.0,2.76
2026-09-17,P0012,2.0,4.92
2026-09-17,P0014,1.0,2.05
2026-09-17,P0017,1.0,3.18
2026-09-17,P0018,1.0,0.52
2026-09-17,P0020,1.0,1.45
2026-09-17,P0021,1.0,0.52
2026-09-17,P0023,1.0,2.87
2026-09-17,P0025,4.0,12.36
2026-09-17,P0026,1.0,1.39
2026-09-17,P0027,1.0,1.29
2026-09-17,P0028,6.0,14.52
2026-09-17,P0031,1.0,0.93
2026-09-17,P0032,1.0,1.03
2026-09-17,P0033,1.0,2.95
2026-09-17,P0034,1.0,9.5
2026-09-17,P0035,1.0,12.38
2026-09-17,P0037,2.0,9.52
2026-09-17,P0047,1.0,7.02
2026-09-17,P0050,1.0,0.68
2026-09-17,P0055,1.0,1.27
2026-09-17,P0056,1.0,4.08
2026-09-17,P0057,2.0,6.94
2026-09-17,P0058,1.0,3.5
2026-09-17,P0059,1.0,0.59
2026-09-17,P0061,2.0,4.62
2026-09-17,P0063,1.0,2.46
2026-09-17,P0064,5.0,21.2
2026-09-17,P0065,3.0,9.12
2026-09-17,P0067,4.0,4.0
2026-09-17,P0076,2.0,3.96
2026-09-17,P0078,6.0,6.84
2026-09-17,P0079,1.0,5.17
2026-09-17,P0080,1.0,2.0
2026-09-17,P0081,6.0,32.52
2026-09-17,P0082,1.0,4.31
2026-09-17,P0084,3.0,6.72
2026-09-17,P0085,1.0,1.47
2026-09-17,P0089,1.0,0.68
2026-09-17,P0091,6.0,20.58
2026-09-17,P0094,4.0,2.88
2026-09-17,P0097,3.0,3.36
2026-09-17,P0099,1.0,0.24
2026-09-17,P0100,1.0,0.23
2026-09-17,P0101,3.0,0.54
2026-09-17,P0104,3.0,9.15
2026-09-17,P0105,6.0,8.76
2026-09-17,P0106,2.0,2.26
2026-09-17,P0109,1.0,1.89
2026-09-17,P0110,2.0,7.82
2026-09-17,P0111,1.0,3.7
2026-09-17,P0112,2.0,7.8
2026-09-17,P0114,1.0,1.85
2026-09-17,P0115,1.0,1.96
2026-09-17,P0117,2.0,10.8
2026-09-17,P0121,1.0,9.44
2026-09-17,P0122,1.0,3.02
2026-09-17,P0124,2.0,4.74
2026-09-17,P0127,2.0,3.04
2026-09-17,P0128,2.0,2.92
2026-09-18,P0001,2.0,4.86
2026-09-18,P0002,1.0,0.48
2026-09-18,P0009,1.0,2.76
2026-09-18,P0014,2.0,4.1
2026-09-18,P0015,4.0,6.0
2026-09-18,P0016,1.0,1.66
2026-09-18,P0017,1.0,3.18
2026-09-18,P0018,2.0,1.04
2026-09-18,P0020,3.0,4.35
2026-09-18,P0021,1.0,0.52
2026-09-18,P0022,1.0,2.67
2026-09-18,P0023,2.0,5.74
2026-09-18,P0025,6.0,18.54
2026-09-18,P0027,4.0,5.16
2026-09-18,P0028,6.0,14.52
2026-09-18,P0029,1.0,3.8
2026-09-18,P0030,1.0,2.14
2026-09-18,P0031,1.0,0.93
2026-09-18,P0035,3.0,37.14
2026-09-18,P0037,2.0,9.52
2026-09-18,P0038,1.0,4.95
2026-09-18,P0039,1.0,9.08
2026-09-18,P0042,1.0,14.27
2026-09-18,P0047,2.0,14.04
2026-09-18,P0048,1.0,4.08
2026-09-18,P0050,1.0,0.68
2026-09-18,P0051,5.0,19.0
2026-09-18,P0052,1.0,0.59
2026-09-18,P0056,2.0,8.16
2026-09-18,P0057,2.0,6.94
2026-09-18,P0058,1.0,3.5
2026-09-18,P0059,1.0,0.59
2026-09-18,P0061,3.0,6.93
2026-09-18,P0062,1.0,2.69
2026-09-18,P0063,1.0,2.46
2026-09-18,P0064,5.0,21.2
2026-09-18,P0065,3.0,9.12
2026-09-18,P0066,1.0,4.86
2026-09-18,P0067,4.0,4.0
2026-09-18,P0068,1.0,3.83
2026-09-18,P0069,1.0,4.67
2026-09-18,P0072,1.0,1.99
2026-09-18,P0073,1.0,3.99
2026-09-18,P0074,1.0,0.99
2026-09-18,P0075,1.0,5.42
2026-09-18,P0076,1.0,1.98
2026-09-18,P0078,6.0,6.84
2026-09-18,P0081,6.0,32.52
2026-09-18,P0082,1.0,4.31
2026-09-18,P0083,1.0,1.26
2026-09-18,P0084,3.0,6.72
2026-09-18,P0086,1.0,3.25
2026-09-18,P0089,2.0,1.36
2026-09-18,P0091,6.0,20.58
2026-09-18,P0094,2.0,1.44
2026-09-18,P0095,2.0,7.2
2026-09-18,P0097,1.0,1.12
2026-09-18,P0098,2.0,0.9
2026-09-18,P0099,1.0,0.24
2026-09-18,P0100,1.0,0.23
2026-09-18,P0101,2.0,0.36
2026-09-18,P0104,3.0,9.15
2026-09-18,P0105,6.0,8.76
2026-09-18,P0109,1.0,1.89
2026-09-18,P0110,2.0,7.82
2026-09-18,P0112,1.0,3.9
2026-09-18,P0114,1.0,1.85
2026-09-18,P0115,1.0,1.96
2026-09-18,P0117,3.0,16.2
2026-09-18,P0119,1.0,3.32
2026-09-18,P0121,2.0,18.88
2026-09-18,P0122,1.0,3.02
2026-09-18,P0123,1.0,3.62
2026-09-18,P0124,2.0,4.74
2026-09-18,P0125,1.0,4.5
2026-09-18,P0127,4.0,6.08
2026-09-18,P0128,1.0,1.46
2026-09-19,P0001,3.0,7.29
2026-09-19,P0002,1.0,0.48
2026-09-19,P0003,1.0,2.98
2026-09-19,P0004,1.0,3.08
2026-09-19,P0006,2.0,0.78
2026-09-19,P0012,1.0,2.46
2026-09-19,P0013,2.0,5.56
2026-09-19,P0014,2.0,4.1
2026-09-19,P0015,1.0,1.5
2026-09-19,P0018,1.0,0.52
2026-09-19,P0021,1.0,0.52
2026-09-19,P0022,2.0,5.34
2026-09-19,P0025,6.0,18.54
2026-09-19,P0026,2.0,2.78
2026-09-19,P0027,3.0,3.87
2026-09-19,P0028,6.0,14.52
2026-09-19,P0029,1.0,3.8
2026-09-19,P0031,2.0,1.86
2026-09-19,P0033,1.0,2.95
2026-09-19,P0035,3.0,37.14
2026-09-19,P0037,1.0,4.76
2026-09-19,P0038,1.0,4.95
2026-09-19,P0039,3.0,27.24
2026-09-19,P0040,1.0,10.55
2026-09-19,P0042,4.0,57.08
2026-09-19,P0045,2.0,26.22
2026-09-19,P0048,2.0,8.16
2026-09-19,P0049,2.0,3.7
2026-09-19,P0050,1.0,0.68
2026-09-19,P0051,6.0,22.8
2026-09-19,P0052,2.0,1.18
2026-09-19,P0054,2.0,2.12
2026-09-19,P0055,1.0,1.27
2026-09-19,P0056,2.0,8.16
2026-09-19,P0057,1.0,3.47
2026-09-19,P0058,2.0,7.0
2026-09-19,P0059,1.0,0.59
2026-09-19,P0061,4.0,9.24
2026-09-19,P0063,6.0,14.76
2026-09-19,P0064,6.0,25.44
2026-09-19,P0065,3.0,9.12
2026-09-19,P0066,5.0,24.3
2026-09-19,P0067,2.0,2.0
2026-09-19,P0068,2.0,7.66
2026-09-19,P0072,2.0,3.98
2026-09-19,P0073,1.0,3.99
2026-09-19,P0074,1.0,0.99
2026-09-19,P0076,1.0,1.98
2026-09-19,P0077,2.0,1.02
2026-09-19,P0078,6.0,6.84
2026-09-19,P0081,6.0,32.52
2026-09-19,P0082,1.0,4.31
2026-09-19,P0084,2.0,4.48
2026-09-19,P0089,2.0,1.36
2026-09-19,P0091,6.0,20.58
2026-09-19,P0094,1.0,0.72
2026-09-19,P0097,2.0,2.24
2026-09-19,P0101,3.0,0.54
2026-09-19,P0102,1.0,1.18
2026-09-19,P0104,2.0,6.1
2026-09-19,P0105,6.0,8.76
2026-09-19,P0110,4.0,15.64
2026-09-19,P0112,1.0,3.9
2026-09-19,P0117,5.0,27.0
2026-09-19,P0118,1.0,4.49
2026-09-19,P0119,1.0,3.32
2026-09-19,P0120,1.0,8.84
2026-09-19,P0121,3.0,28.32
2026-09-19,P0122,2.0,6.04
2026-09-19,P0123,4.0,14.48
2026-09-19,P0124,3.0,7.11
2026-09-19,P0126,1.0,2.19
2026-09-19,P0127,3.0,4.56
2026-09-19,P0128,3.0,4.38
2026-09-20,P0001,3.0,7.29
2026-09-20,P0003,2.0,5.96
2026-09-20,P0004,1.0,3.08
2026-09-20,P0006,1.0,0.39
2026-09-20,P0010,1.0,2.57
2026-09-20,P0014,2.0,4.1
2026-09-20,P0016,1.0,1.66
2026-09-20,P0017,1.0,3.18
2026-09-20,P0020,2.0,2.9
2026-09-20,P0022,1.0,2.67
2026-09-20,P0023,1.0,2.87
2026-09-20,P0025,5.0,15.45
2026-09-20,P0027,5.0,6.45
2026-09-20,P0028,6.0,14.52
2026-09-20,P0029,1.0,3.8
2026-09-20,P0030,3.0,6.42
2026-09-20,P0031,2.0,1.86
2026-09-20,P0032,1.0,1.03
2026-09-20,P0035,3.0,37.14
2026-09-20,P0036,1.0,9.19
2026-09-20,P0044,1.0,11.65
2026-09-20,P0045,2.0,26.22
2026-09-20,P0046,2.0,15.36
2026-09-20,P0049,2.0,3.7
2026-09-20,P0050,1.0,0.68
2026-09-20,P0051,3.0,11.4
2026-09-20,P0052,3.0,1.77
2026-09-20,P0053,1.0,1.13
2026-09-20,P0055,2.0,2.54
2026-09-20,P0056,2.0,8.16
2026-09-20,P0057,3.0,10.41
2026-09-20,P0058,2.0,7.0
2026-09-20,P0059,1.0,0.59
2026-09-20,P0063,5.0,12.3
2026-09-20,P0064,4.0,16.96
2026-09-20,P0065,2.0,6.08
2026-09-20,P0066,1.0,4.86
2026-09-20,P0067,3.0,3.0
2026-09-20,P0068,1.0,3.83
2026-09-20,P0074,1.0,0.99
2026-09-20,P0075,1.0,5.42
2026-09-20,P0076,1.0,1.98
2026-09-20,P0078,6.0,6.84
2026-09-20,P0080,2.0,4.0
2026-09-20,P0081,6.0,32.52
2026-09-20,P0082,1.0,4.31
2026-09-20,P0084,1.0,2.24
2026-09-20,P0086,2.0,6.5
2026-09-20,P0088,2.0,3.66
2026-09-20,P0091,6.0,20.58
2026-09-20,P0096,2.0,6.1
2026-09-20,P0097,1.0,1.12
2026-09-20,P0098,1.0,0.45
2026-09-20,P0101,3.0,0.54
2026-09-20,P0104,2.0,6.1
2026-09-20,P0105,6.0,8.76
2026-09-20,P0110,4.0,15.64
2026-09-20,P0111,1.0,3.7
2026-09-20,P0115,1.0,1.96
2026-09-20,P0117,1.0,5.4
2026-09-20,P0119,1.0,3.32
2026-09-20,P0122,3.0,9.06
2026-09-20,P0127,3.0,4.56
2026-09-21,P0001,1.0,2.43
2026-09-21,P0004,1.0,3.08
2026-09-21,P0006,1.0,0.39
2026-09-21,P0011,1.0,2.62
2026-09-21,P0014,1.0,2.05
2026-09-21,P0017,1.0,3.18
2026-09-21,P0018,1.0,0.52
2026-09-21,P0019,1.0,0.19
2026-09-21,P0022,1.0,2.67
2026-09-21,P0023,2.0,5.74
2026-09-21,P0024,1.0,2.05
2026-09-21,P0025,5.0,15.45
2026-09-21,P0026,1.0,1.39
2026-09-21,P0027,2.0,2.58
2026-09-21,P0028,4.0,9.68
2026-09-21,P0029,1.0,3.8
2026-09-21,P0035,1.0,12.38
2026-09-21,P0039,1.0,9.08
2026-09-21,P0042,2.0,28.54
2026-09-21,P0045,1.0,13.11
2026-09-21,P0047,2.0,14.04
2026-09-21,P0048,1.0,4.08
2026-09-21,P0049,1.0,1.85
2026-09-21,P0050,1.0,0.68
2026-09-21,P0051,2.0,7.6
2026-09-21,P0052,1.0,0.59
2026-09-21,P0055,1.0,1.27
2026-09-21,P0056,3.0,12.24
2026-09-21,P0057,1.0,3.47
2026-09-21,P0058,3.0,10.5
2026-09-21,P0062,1.0,2.69
2026-09-21,P0063,5.0,12.3
2026-09-21,P0064,5.0,21.2
2026-09-21,P0065,2.0,6.08
2026-09-21,P0066,2.0,9.72
2026-09-21,P0067,3.0,3.0
2026-09-21,P0070,1.0,1.65
2026-09-21,P0072,1.0,1.99
2026-09-21,P0075,1.0,5.42
2026-09-21,P0077,1.0,0.51
2026-09-21,P0078,6.0,6.84
2026-09-21,P0081,6.0,32.52
2026-09-21,P0084,2.0,4.48
2026-09-21,P0085,1.0,1.47
2026-09-21,P0088,1.0,1.83
2026-09-21,P0090,1.0,3.69
2026-09-21,P0091,6.0,20.58
2026-09-21,P0093,1.0,3.5
2026-09-21,P0097,2.0,2.24
2026-09-21,P0101,1.0,0.18
2026-09-21,P0103,1.0,2.37
2026-09-21,P0104,2.0,6.1
2026-09-21,P0105,6.0,8.76
2026-09-21,P0109,2.0,3.78
2026-09-21,P0110,1.0,3.91
2026-09-21,P0112,1.0,3.9
2026-09-21,P0114,1.0,1.85
2026-09-21,P0117,1.0,5.4
2026-09-21,P0118,1.0,4.49
2026-09-21,P0121,1.0,9.44
2026-09-21,P0122,4.0,12.08
2026-09-21,P0123,1.0,3.62
2026-09-21,P0124,1.0,2.37
2026-09-21,P0125,2.0,9.0
2026-09-21,P0126,1.0,2.19
2026-09-21,P0127,2.0,3.04
2026-09-21,P0128,1.0,1.46
2026-09-22,P0001,1.0,2.43
2026-09-22,P0009,1.0,2.76
2026-09-22,P0012,1.0,2.46
2026-09-22,P0015,1.0,1.5
2026-09-22,P0020,2.0,2.9
2026-09-22,P0022,1.0,2.67
2026-09-22,P0023,1.0,2.87
2026-09-22,P0025,4.0,12.36
2026-09-22,P0028,5.0,12.1
2026-09-22,P0031,1.0,0.93
2026-09-22,P0033,2.0,5.9
2026-09-22,P0037,1.0,4.76
2026-09-22,P0038,1.0,4.95
2026-09-22,P0039,1.0,9.08
2026-09-22,P0045,1.0,13.11
2026-09-22,P0047,1.0,7.02
2026-09-22,P0051,2.0,7.6
2026-09-22,P0052,1.0,0.59
2026-09-22,P0055,1.0,1.27
2026-09-22,P0056,2.0,8.16
2026-09-22,P0057,1.0,3.47
2026-09-22,P0058,1.0,3.5
2026-09-22,P0061,1.0,2.31
2026-09-22,P0063,4.0,9.84
2026-09-22,P0064,3.0,12.72
2026-09-22,P0065,1.0,3.04
2026-09-22,P0066,3.0,14.58
2026-09-22,P0067,1.0,1.0
2026-09-22,P0068,1.0,3.83
2026-09-22,P0070,1.0,1.65
2026-09-22,P0074,2.0,1.98
2026-09-22,P0077,2.0,1.02
2026-09-22,P0078,6.0,6.84
2026-09-22,P0081,6.0,32.52
2026-09-22,P0084,4.0,8.96
2026-09-22,P0088,1.0,1.83
2026-09-22,P0089,2.0,1.36
2026-09-22,P0091,5.0,17.15
2026-09-22,P0093,1.0,3.5
2026-09-22,P0094,1.0,0.72
2026-09-22,P0097,2.0,2.24
2026-09-22,P0101,3.0,0.54
2026-09-22,P0105,5.0,7.3
2026-09-22,P0110,2.0,7.82
2026-09-22,P0112,1.0,3.9
2026-09-22,P0114,1.0,1.85
2026-09-22,P0118,2.0,8.98
2026-09-22,P0121,3.0,28.32
2026-09-22,P0122,2.0,6.04
2026-09-22,P0123,1.0,3.62
2026-09-22,P0124,1.0,2.37
2026-09-22,P0125,1.0,4.5
2026-09-22,P0126,1.0,2.19
2026-09-22,P0127,2.0,3.04
2026-09-23,P0001,1.0,2.43
2026-09-23,P0004,2.0,6.16
2026-09-23,P0008,1.0,1.84
2026-09-23,P0009,1.0,2.76
2026-09-23,P0015,2.0,3.0
2026-09-23,P0019,1.0,0.19
2026-09-23,P0020,1.0,1.45
2026-09-23,P0021,1.0,0.52
2026-09-23,P0022,1.0,2.67
2026-09-23,P0023,2.0,5.74
2026-09-23,P0025,5.0,15.45
2026-09-23,P0026,3.0,4.17
2026-09-23,P0027,4.0,5.16
2026-09-23,P0028,3.0,7.26
2026-09-23,P0030,1.0,2.14
2026-09-23,P0031,1.0,0.93
2026-09-23,P0032,1.0,1.03
2026-09-23,P0037,2.0,9.52
2026-09-23,P0043,1.0,8.55
2026-09-23,P0045,2.0,26.22
2026-09-23,P0047,1.0,7.02
2026-09-23,P0048,1.0,4.08
2026-09-23,P0049,1.0,1.85
2026-09-23,P0051,3.0,11.4
2026-09-23,P0052,3.0,1.77
2026-09-23,P0054,1.0,1.06
2026-09-23,P0055,1.0,1.27
2026-09-23,P0056,2.0,8.16
2026-09-23,P0057,2.0,6.94
2026-09-23,P0058,2.0,7.0
2026-09-23,P0059,1.0,0.59
2026-09-23,P0063,4.0,9.84
2026-09-23,P0064,3.0,12.72
2026-09-23,P0065,3.0,9.12
2026-09-23,P0066,1.0,4.86
2026-09-23,P0067,1.0,1.0
2026-09-23,P0069,1.0,4.67
2026-09-23,P0075,2.0,10.84
2026-09-23,P0078,6.0,6.84
2026-09-23,P0081,6.0,32.52
2026-09-23,P0084,4.0,8.96
2026-09-23,P0088,1.0,1.83
2026-09-23,P0089,1.0,0.68
2026-09-23,P0091,6.0,20.58
2026-09-23,P0094,1.0,0.72
2026-09-23,P0096,1.0,3.05
2026-09-23,P0097,1.0,1.12
2026-09-23,P0101,2.0,0.36
2026-09-23,P0103,1.0,2.37
2026-09-23,P0104,3.0,9.15
2026-09-23,P0105,6.0,8.76
2026-09-23,P0106,1.0,1.13
2026-09-23,P0107,1.0,3.48
2026-09-23,P0108,1.0,2.16
2026-09-23,P0109,1.0,1.89
2026-09-23,P0110,3.0,11.73
2026-09-23,P0112,2.0,7.8
2026-09-23,P0114,1.0,1.85
2026-09-23,P0115,1.0,1.96
2026-09-23,P0117,3.0,16.2
2026-09-23,P0121,3.0,28.32
2026-09-23,P0122,2.0,6.04
2026-09-23,P0123,2.0,7.24
2026-09-23,P0124,1.0,2.37
2026-09-23,P0127,4.0,6.08
2026-09-23,P0128,1.0,1.46
2026-09-24,P0001,2.0,4.86
2026-09-24,P0002,1.0,0.48
2026-09-24,P0004,1.0,3.08
2026-09-24,P0010,1.0,2.57
2026-09-24,P0013,1.0,2.78
2026-09-24,P0014,2.0,4.1
2026-09-24,P0015,3.0,4.5
2026-09-24,P0018,1.0,0.52
2026-09-24,P0021,1.0,0.52
2026-09-24,P0022,1.0,2.67
2026-09-24,P0025,6.0,18.54
2026-09-24,P0027,1.0,1.29
2026-09-24,P0028,4.0,9.68
2026-09-24,P0030,1.0,2.14
2026-09-24,P0032,1.0,1.03
2026-09-24,P0035,1.0,12.38
2026-09-24,P0036,1.0,9.19
2026-09-24,P0037,2.0,9.52
2026-09-24,P0039,1.0,9.08
2026-09-24,P0042,1.0,14.27
2026-09-24,P0044,2.0,23.3
2026-09-24,P0047,1.0,7.02
2026-09-24,P0049,1.0,1.85
2026-09-24,P0050,3.0,2.04
2026-09-24,P0051,1.0,3.8
2026-09-24,P0052,1.0,0.59
2026-09-24,P0055,1.0,1.27
2026-09-24,P0056,3.0,12.24
2026-09-24,P0057,1.0,3.47
2026-09-24,P0061,1.0,2.31
2026-09-24,P0063,1.0,2.46
2026-09-24,P0064,4.0,16.96
2026-09-24,P0065,1.0,3.04
2026-09-24,P0066,1.0,4.86
2026-09-24,P0067,3.0,3.0
2026-09-24,P0068,1.0,3.83
2026-09-24,P0069,1.0,4.67
2026-09-24,P0070,1.0,1.65
2026-09-24,P0072,2.0,3.98
2026-09-24,P0076,2.0,3.96
2026-09-24,P0078,6.0,6.84
2026-09-24,P0080,1.0,2.0
2026-09-24,P0081,6.0,32.52
2026-09-24,P0084,4.0,8.96
2026-09-24,P0088,2.0,3.66
2026-09-24,P0091,6.0,20.58
2026-09-24,P0094,3.0,2.16
2026-09-24,P0095,1.0,3.6
2026-09-24,P0097,2.0,2.24
2026-09-24,P0101,2.0,0.36
2026-09-24,P0103,1.0,2.37
2026-09-24,P0104,3.0,9.15
2026-09-24,P0105,6.0,8.76
2026-09-24,P0106,1.0,1.13
2026-09-24,P0107,1.0,3.48
2026-09-24,P0108,1.0,2.16
2026-09-24,P0110,5.0,19.55
2026-09-24,P0112,2.0,7.8
2026-09-24,P0113,1.0,3.35
2026-09-24,P0114,1.0,1.85
2026-09-24,P0119,2.0,6.64
2026-09-24,P0122,4.0,12.08
2026-09-24,P0124,1.0,2.37
2026-09-24,P0127,4.0,6.08
2026-09-25,P0001,2.0,4.86
2026-09-25,P0003,1.0,2.98
2026-09-25,P0014,1.0,2.05
2026-09-25,P0015,1.0,1.5
2026-09-25,P0016,1.0,1.66
2026-09-25,P0018,2.0,1.04
2026-09-25,P0021,2.0,1.04
2026-09-25,P0025,6.0,18.54
2026-09-25,P0026,1.0,1.39
2026-09-25,P0027,1.0,1.29
2026-09-25,P0028,6.0,14.52
2026-09-25,P0029,2.0,7.6
2026-09-25,P0031,1.0,0.93
2026-09-25,P0035,3.0,37.14
2026-09-25,P0037,1.0,4.76
2026-09-25,P0047,1.0,7.02
2026-09-25,P0048,3.0,12.24
2026-09-25,P0049,3.0,5.55
2026-09-25,P0050,2.0,1.36
2026-09-25,P0051,2.0,7.6
2026-09-25,P0052,2.0,1.18
2026-09-25,P0053,2.0,2.26
2026-09-25,P0055,1.0,1.27
2026-09-25,P0056,2.0,8.16
2026-09-25,P0057,3.0,10.41
2026-09-25,P0058,1.0,3.5
2026-09-25,P0060,1.0,4.1
2026-09-25,P0061,1.0,2.31
2026-09-25,P0062,2.0,5.38
2026-09-25,P0063,4.0,9.84
2026-09-25,P0064,5.0,21.2
2026-09-25,P0065,2.0,6.08
2026-09-25,P0066,3.0,14.58
2026-09-25,P0067,2.0,2.0
2026-09-25,P0068,1.0,3.83
2026-09-25,P0070,1.0,1.65
2026-09-25,P0073,3.0,11.97
2026-09-25,P0074,2.0,1.98
2026-09-25,P0078,6.0,6.84
2026-09-25,P0081,6.0,32.52
2026-09-25,P0084,3.0,6.72
2026-09-25,P0085,1.0,1.47
2026-09-25,P0088,1.0,1.83
2026-09-25,P0089,1.0,0.68
2026-09-25,P0091,6.0,20.58
2026-09-25,P0094,1.0,0.72
2026-09-25,P0095,3.0,10.8
2026-09-25,P0096,2.0,6.1
2026-09-25,P0097,2.0,2.24
2026-09-25,P0098,1.0,0.45
2026-09-25,P0100,1.0,0.23
2026-09-25,P0101,1.0,0.18
2026-09-25,P0104,1.0,3.05
2026-09-25,P0105,6.0,8.76
2026-09-25,P0108,3.0,6.48
2026-09-25,P0109,1.0,1.89
2026-09-25,P0110,5.0,19.55
2026-09-25,P0111,1.0,3.7
2026-09-25,P0112,1.0,3.9
2026-09-25,P0114,1.0,1.85
2026-09-25,P0116,1.0,2.18
2026-09-25,P0117,3.0,16.2
2026-09-25,P0119,1.0,3.32
2026-09-25,P0121,3.0,28.32
2026-09-25,P0122,2.0,6.04
2026-09-25,P0123,1.0,3.62
2026-09-25,P0124,2.0,4.74
2026-09-25,P0127,5.0,7.6
2026-09-25,P0128,1.0,1.46
2026-09-26,P0001,3.0,7.29
2026-09-26,P0006,1.0,0.39
2026-09-26,P0010,1.0,2.57
2026-09-26,P0011,1.0,2.62
2026-09-26,P0014,4.0,8.2
2026-09-26,P0015,2.0,3.0
2026-09-26,P0017,1.0,3.18
2026-09-26,P0018,1.0,0.52
2026-09-26,P0020,1.0,1.45
2026-09-26,P0024,1.0,2.05
2026-09-26,P0025,6.0,18.54
2026-09-26,P0026,2.0,2.78
2026-09-26,P0027,4.0,5.16
2026-09-26,P0028,6.0,14.52
2026-09-26,P0029,1.0,3.8
2026-09-26,P0031,2.0,1.86
2026-09-26,P0033,2.0,5.9
2026-09-26,P0035,4.0,49.52
2026-09-26,P0038,2.0,9.9
2026-09-26,P0041,1.0,9.61
2026-09-26,P0042,1.0,14.27
2026-09-26,P0044,1.0,11.65
2026-09-26,P0046,1.0,7.68
2026-09-26,P0047,3.0,21.06
2026-09-26,P0048,1.0,4.08
2026-09-26,P0049,1.0,1.85
2026-09-26,P0050,3.0,2.04
2026-09-26,P0051,4.0,15.2
2026-09-26,P0052,3.0,1.77
2026-09-26,P0053,1.0,1.13
2026-09-26,P0055,2.0,2.54
2026-09-26,P0056,1.0,4.08
2026-09-26,P0057,4.0,13.88
2026-09-26,P0058,2.0,7.0
2026-09-26,P0059,1.0,0.59
2026-09-26,P0061,1.0,2.31
2026-09-26,P0063,4.0,9.84
2026-09-26,P0064,6.0,25.44
2026-09-26,P0065,2.0,6.08
2026-09-26,P0066,3.0,14.58
2026-09-26,P0067,4.0,4.0
2026-09-26,P0068,1.0,3.83
2026-09-26,P0071,1.0,2.94
2026-09-26,P0072,1.0,1.99
2026-09-26,P0074,1.0,0.99
2026-09-26,P0075,1.0,5.42
2026-09-26,P0076,1.0,1.98
2026-09-26,P0077,1.0,0.51
2026-09-26,P0078,6.0,6.84
2026-09-26,P0079,2.0,10.34
2026-09-26,P0080,4.0,8.0
2026-09-26,P0081,6.0,32.52
2026-09-26,P0082,1.0,4.31
2026-09-26,P0084,4.0,8.96
2026-09-26,P0086,2.0,6.5
2026-09-26,P0089,1.0,0.68
2026-09-26,P0091,6.0,20.58
2026-09-26,P0093,1.0,3.5
2026-09-26,P0094,1.0,0.72
2026-09-26,P0096,2.0,6.1
2026-09-26,P0097,1.0,1.12
2026-09-26,P0100,1.0,0.23
2026-09-26,P0101,4.0,0.72
2026-09-26,P0102,2.0,2.36
2026-09-26,P0104,1.0,3.05
2026-09-26,P0105,6.0,8.76
2026-09-26,P0109,1.0,1.89
2026-09-26,P0110,3.0,11.73
2026-09-26,P0111,1.0,3.7
2026-09-26,P0112,3.0,11.7
2026-09-26,P0113,2.0,6.7
2026-09-26,P0114,1.0,1.85
2026-09-26,P0116,1.0,2.18
2026-09-26,P0117,4.0,21.6
2026-09-26,P0121,3.0,28.32
2026-09-26,P0122,1.0,3.02
2026-09-26,P0123,1.0,3.62
2026-09-26,P0127,1.0,1.52
2026-09-26,P0128,2.0,2.92
2026-09-27,P0001,1.0,2.43
2026-09-27,P0002,1.0,0.48
2026-09-27,P0003,1.0,2.98
2026-09-27,P0004,2.0,6.16
2026-09-27,P0006,2.0,0.78
2026-09-27,P0008,1.0,1.84
2026-09-27,P0009,1.0,2.76
2026-09-27,P0012,1.0,2.46
2026-09-27,P0014,1.0,2.05
2026-09-27,P0015,2.0,3.0
2026-09-27,P0016,2.0,3.32
2026-09-27,P0018,1.0,0.52
2026-09-27,P0021,1.0,0.52
2026-09-27,P0025,5.0,15.45
2026-09-27,P0026,3.0,4.17
2026-09-27,P0028,6.0,14.52
2026-09-27,P0029,1.0,3.8
2026-09-27,P0031,3.0,2.79
2026-09-27,P0033,1.0,2.95
2026-09-27,P0034,1.0,9.5
2026-09-27,P0035,2.0,24.76
2026-09-27,P0037,2.0,9.52
2026-09-27,P0038,1.0,4.95
2026-09-27,P0047,1.0,7.02
2026-09-27,P0050,1.0,0.68
2026-09-27,P0052,2.0,1.18
2026-09-27,P0055,1.0,1.27
2026-09-27,P0056,4.0,16.32
2026-09-27,P0057,3.0,10.41
2026-09-27,P0058,1.0,3.5
2026-09-27,P0062,1.0,2.69
2026-09-27,P0063,4.0,9.84
2026-09-27,P0064,5.0,21.2
2026-09-27,P0065,1.0,3.04
2026-09-27,P0066,1.0,4.86
2026-09-27,P0067,1.0,1.0
2026-09-27,P0070,1.0,1.65
2026-09-27,P0073,2.0,7.98
2026-09-27,P0075,1.0,5.42
2026-09-27,P0078,6.0,6.84
2026-09-27,P0079,1.0,5.17
2026-09-27,P0080,3.0,6.0
2026-09-27,P0081,6.0,32.52
2026-09-27,P0082,1.0,4.31
2026-09-27,P0084,2.0,4.48
2026-09-27,P0086,1.0,3.25
2026-09-27,P0087,1.0,1.17
2026-09-27,P0090,1.0,3.69
2026-09-27,P0091,6.0,20.58
2026-09-27,P0093,3.0,10.5
2026-09-27,P0094,1.0,0.72
2026-09-27,P0096,1.0,3.05
2026-09-27,P0097,4.0,4.48
2026-09-27,P0101,2.0,0.36
2026-09-27,P0103,2.0,4.74
2026-09-27,P0104,1.0,3.05
2026-09-27,P0105,6.0,8.76
2026-09-27,P0106,2.0,2.26
2026-09-27,P0108,1.0,2.16
2026-09-27,P0110,3.0,11.73
2026-09-27,P0112,3.0,11.7
2026-09-27,P0114,1.0,1.85
2026-09-27,P0117,1.0,5.4
2026-09-27,P0118,1.0,4.49
2026-09-27,P0119,1.0,3.32
2026-09-27,P0121,1.0,9.44
2026-09-27,P0122,3.0,9.06
2026-09-27,P0123,1.0,3.62
2026-09-27,P0124,1.0,2.37
2026-09-27,P0126,1.0,2.19
2026-09-27,P0127,3.0,4.56
2026-09-27,P0128,1.0,1.46
2026-09-28,P0001,2.0,4.86
2026-09-28,P0004,1.0,3.08
2026-09-28,P0005,1.0,2.03
2026-09-28,P0006,1.0,0.39
2026-09-28,P0010,1.0,2.57
2026-09-28,P0015,1.0,1.5
2026-09-28,P0016,1.0,1.66
2026-09-28,P0017,1.0,3.18
2026-09-28,P0018,1.0,0.52
2026-09-28,P0019,2.0,0.38
2026-09-28,P0025,5.0,15.45
2026-09-28,P0026,1.0,1.39
2026-09-28,P0027,3.0,3.87
2026-09-28,P0028,6.0,14.52
2026-09-28,P0031,3.0,2.79
2026-09-28,P0032,2.0,2.06
2026-09-28,P0033,1.0,2.95
2026-09-28,P0035,1.0,12.38
2026-09-28,P0039,1.0,9.08
2026-09-28,P0040,1.0,10.55
2026-09-28,P0042,1.0,14.27
2026-09-28,P0045,1.0,13.11
2026-09-28,P0048,1.0,4.08
2026-09-28,P0049,1.0,1.85
2026-09-28,P0051,4.0,15.2
2026-09-28,P0052,2.0,1.18
2026-09-28,P0053,1.0,1.13
2026-09-28,P0054,1.0,1.06
2026-09-28,P0055,2.0,2.54
2026-09-28,P0056,1.0,4.08
2026-09-28,P0057,1.0,3.47
2026-09-28,P0059,1.0,0.59
2026-09-28,P0061,1.0,2.31
2026-09-28,P0062,1.0,2.69
2026-09-28,P0063,2.0,4.92
2026-09-28,P0064,4.0,16.96
2026-09-28,P0065,1.0,3.04
2026-09-28,P0066,2.0,9.72
2026-09-28,P0067,2.0,2.0
2026-09-28,P0068,1.0,3.83
2026-09-28,P0077,1.0,0.51
2026-09-28,P0078,6.0,6.84
2026-09-28,P0079,1.0,5.17
2026-09-28,P0080,1.0,2.0
2026-09-28,P0081,6.0,32.52
2026-09-28,P0084,3.0,6.72
2026-09-28,P0089,1.0,0.68
2026-09-28,P0091,5.0,17.15
2026-09-28,P0093,2.0,7.0
2026-09-28,P0095,1.0,3.6
2026-09-28,P0097,2.0,2.24
2026-09-28,P0098,1.0,0.45
2026-09-28,P0100,2.0,0.46
2026-09-28,P0101,3.0,0.54
2026-09-28,P0103,1.0,2.37
2026-09-28,P0104,2.0,6.1
2026-09-28,P0105,6.0,8.76
2026-09-28,P0106,1.0,1.13
2026-09-28,P0110,2.0,7.82
2026-09-28,P0112,2.0,7.8
2026-09-28,P0115,1.0,1.96
2026-09-28,P0116,1.0,2.18
2026-09-28,P0117,1.0,5.4
2026-09-28,P0118,1.0,4.49
2026-09-28,P0119,1.0,3.32
2026-09-28,P0121,2.0,18.88
2026-09-28,P0122,2.0,6.04
2026-09-28,P0123,2.0,7.24
2026-09-28,P0124,1.0,2.37
2026-09-28,P0128,1.0,1.46
2026-09-29,P0003,1.0,2.98
2026-09-29,P0005,1.0,2.03
2026-09-29,P0010,1.0,2.57
2026-09-29,P0011,1.0,2.62
2026-09-29,P0012,1.0,2.46
2026-09-29,P0015,1.0,1.5
2026-09-29,P0016,3.0,4.98
2026-09-29,P0020,1.0,1.45
2026-09-29,P0022,1.0,2.67
2026-09-29,P0023,1.0,2.87
2026-09-29,P0025,4.0,12.36
2026-09-29,P0026,3.0,4.17
2026-09-29,P0027,2.0,2.58
2026-09-29,P0028,3.0,7.26
2026-09-29,P0030,2.0,4.28
2026-09-29,P0031,1.0,0.93
2026-09-29,P0035,1.0,12.38
2026-09-29,P0038,1.0,4.95
2026-09-29,P0042,1.0,14.27
2026-09-29,P0045,2.0,26.22
2026-09-29,P0048,1.0,4.08
2026-09-29,P0049,2.0,3.7
2026-09-29,P0050,4.0,2.72
2026-09-29,P0051,1.0,3.8
2026-09-29,P0052,2.0,1.18
2026-09-29,P0056,2.0,8.16
2026-09-29,P0057,3.0,10.41
2026-09-29,P0061,1.0,2.31
2026-09-29,P0062,2.0,5.38
2026-09-29,P0063,2.0,4.92
2026-09-29,P0064,1.0,4.24
2026-09-29,P0065,4.0,12.16
2026-09-29,P0066,3.0,14.58
2026-09-29,P0067,4.0,4.0
2026-09-29,P0070,1.0,1.65
2026-09-29,P0072,1.0,1.99
2026-09-29,P0073,1.0,3.99
2026-09-29,P0074,1.0,0.99
2026-09-29,P0076,1.0,1.98
2026-09-29,P0078,6.0,6.84
2026-09-29,P0081,6.0,32.52
2026-09-29,P0082,1.0,4.31
2026-09-29,P0083,1.0,1.26
2026-09-29,P0084,3.0,6.72
2026-09-29,P0089,1.0,0.68
2026-09-29,P0090,1.0,3.69
2026-09-29,P0091,4.0,13.72
2026-09-29,P0094,1.0,0.72
2026-09-29,P0097,2.0,2.24
2026-09-29,P0104,1.0,3.05
2026-09-29,P0105,6.0,8.76
2026-09-29,P0109,1.0,1.89
2026-09-29,P0110,1.0,3.91
2026-09-29,P0112,2.0,7.8
2026-09-29,P0114,2.0,3.7
2026-09-29,P0118,1.0,4.49
2026-09-29,P0121,1.0,9.44
2026-09-29,P0122,1.0,3.02
2026-09-29,P0123,2.0,7.24
2026-09-29,P0124,1.0,2.37
2026-09-29,P0126,1.0,2.19
2026-09-29,P0127,2.0,3.04
2026-09-29,P0128,2.0,2.92
2026-09-30,P0001,2.0,4.86
2026-09-30,P0003,1.0,2.98
2026-09-30,P0006,1.0,0.39
2026-09-30,P0011,1.0,2.62
2026-09-30,P0015,1.0,1.5
2026-09-30,P0016,1.0,1.66
2026-09-30,P0018,1.0,0.52
2026-09-30,P0019,1.0,0.19
2026-09-30,P0020,1.0,1.45
2026-09-30,P0025,5.0,15.45
2026-09-30,P0027,3.0,3.87
2026-09-30,P0028,3.0,7.26
2026-09-30,P0029,1.0,3.8
2026-09-30,P0031,2.0,1.86
2026-09-30,P0032,1.0,1.03
2026-09-30,P0034,1.0,9.5
2026-09-30,P0035,3.0,37.14
2026-09-30,P0037,3.0,14.28
2026-09-30,P0038,1.0,4.95
2026-09-30,P0048,1.0,4.08
2026-09-30,P0049,2.0,3.7
2026-09-30,P0050,2.0,1.36
2026-09-30,P0051,5.0,19.0
2026-09-30,P0052,4.0,2.36
2026-09-30,P0054,1.0,1.06
2026-09-30,P0056,4.0,16.32
2026-09-30,P0057,2.0,6.94
2026-09-30,P0059,2.0,1.18
2026-09-30,P0063,3.0,7.38
2026-09-30,P0064,4.0,16.96
2026-09-30,P0065,1.0,3.04
2026-09-30,P0066,4.0,19.44
2026-09-30,P0067,2.0,2.0
2026-09-30,P0070,1.0,1.65
2026-09-30,P0072,1.0,1.99
2026-09-30,P0073,2.0,7.98
2026-09-30,P0074,1.0,0.99
2026-09-30,P0078,6.0,6.84
2026-09-30,P0080,2.0,4.0
2026-09-30,P0081,6.0,32.52
2026-09-30,P0084,2.0,4.48
2026-09-30,P0085,1.0,1.47
2026-09-30,P0087,2.0,2.34
2026-09-30,P0089,1.0,0.68
2026-09-30,P0091,6.0,20.58
2026-09-30,P0093,1.0,3.5
2026-09-30,P0094,1.0,0.72
2026-09-30,P0096,1.0,3.05
2026-09-30,P0097,2.0,2.24
2026-09-30,P0098,1.0,0.45
2026-09-30,P0100,1.0,0.23
2026-09-30,P0101,1.0,0.18
2026-09-30,P0103,1.0,2.37
2026-09-30,P0104,2.0,6.1
2026-09-30,P0105,6.0,8.76
2026-09-30,P0110,2.0,7.82
2026-09-30,P0112,1.0,3.9
2026-09-30,P0114,1.0,1.85
2026-09-30,P0121,5.0,47.2
2026-09-30,P0122,2.0,6.04
2026-09-30,P0124,1.0,2.37
2026-09-30,P0125,1.0,4.5
2026-09-30,P0126,1.0,2.19
2026-09-30,P0127,3.0,4.56
2026-09-30,P0128,3.0,4.38
